ply
format ascii 1.0
comment Exported by Aspose.3D 24.2.0
element vertex 3242
property float x
property float y
property float z
property float nx
property float ny
property float nz
property float u
property float v
element face 3200
property list uchar int vertex_index
end_header
-0.7 0 -1.2 0.929391091829077 0 0.3690964622273642 1 2
-0.693 0 -1.2177 0.958470628117645 0 0.2851912604477333 1 1.99
-0.6902 0 -1.2315 0.998589230273227 0 0.05309942732576443 1 1.98
-0.6911 0 -1.2413 0.9402829575258409 0 -0.34039383041773497 1 1.97
-0.6951 0 -1.2473 0.5832795330802699 0 -0.8122714978931995 1 1.96
-0.7016 0 -1.2492 0.018900404000453307 0 -0.9998213714102232 1 1.95
-0.7099 0 -1.2472 -0.3881911105253523 0 -0.9215788960849168 1 1.94
-0.7195 0 -1.2413 -0.6141759616232838 0 -0.7891691125253918 1 1.93
-0.7298 0 -1.2315 -0.7495955886429412 0 -0.6618961047528853 1 1.92
-0.7402 0 -1.2177 -0.8397981314512363 0 -0.5428987920515316 1 1.91
-0.75 0 -1.2 -0.8895758038671977 0 -0.4567875755469154 1 1.9
-0.691 0.1149 -1.2 0.9178013904701599 -0.145800220887502 0.3693005594907715 1.9 2
-0.684 0.1137 -1.2177 0.9465551296175956 -0.15029287553509887 0.2853864715749649 1.9 1.99
-0.6813 0.1132 -1.2315 0.9862481794003745 -0.15650764558523483 0.05310259412508607 1.9 1.98
-0.6822 0.1134 -1.2413 0.9285846413370474 -0.147397562064485 -0.3405943666157639 1.9 1.97
-0.6861 0.1141 -1.2473 0.5757170702642038 -0.09140271013053365 -0.8125240916964835 1.9 1.96
-0.6925 0.1151 -1.2492 0.01850045058396102 -0.003000073067669355 -0.9998243510186071 1.9 1.95
-0.7008 0.1165 -1.2472 -0.3833072656580815 0.06080115249676847 -0.921617469424701 1.9 1.94
-0.7102 0.1181 -1.2413 -0.6064091295581688 0.09620144832370685 -0.7893118831798526 1.9 1.93
-0.7204 0.1197 -1.2315 -0.740076650949988 0.11749629305043047 -0.6621791085786813 1.9 1.92
-0.7306 0.1214 -1.2177 -0.8292067290399092 0.13170106875850945 -0.5432044081216578 1.9 1.91
-0.7403 0.1231 -1.2 -0.8784685953090666 0.1394950131424187 -0.45698366312605976 1.9 1.9
-0.6648 0.2233 -1.2 0.8832209414167844 -0.28850684057828613 0.3697087658987604 1.8 2
-0.6581 0.2211 -1.2177 0.9110035301455189 -0.2974011524316985 0.285701107093935 1.8 1.99
-0.6555 0.2202 -1.2315 0.9493110263116062 -0.30980359838969307 0.053200617928765875 1.8 1.98
-0.6564 0.2205 -1.2413 0.8936689097994327 -0.2916898522865553 -0.3409881372290551 1.8 1.97
-0.6602 0.2218 -1.2473 0.553792546002496 -0.18079756648113265 -0.8127890599328795 1.8 1.96
-0.6663 0.2238 -1.2492 0.017800429974579115 -0.005900142519663864 -0.9998241510440562 1.8 1.95
-0.6742 0.2265 -1.2473 -0.3685901790455173 0.12029679473460589 -0.9217754396206126 1.8 1.94
-0.6834 0.2296 -1.2413 -0.5831998571160525 0.19039995335201715 -0.789699806523571 1.8 1.93
-0.6931 0.2328 -1.2315 -0.7120026628949389 0.2324008691808761 -0.6626024781379024 1.8 1.92
-0.703 0.2361 -1.2177 -0.7978977579104504 0.26049926799808537 -0.5435984724904384 1.8 1.91
-0.7123 0.2393 -1.2 -0.8453326093343697 0.27601064731608427 -0.45741764522600337 1.8 1.9
-0.6229 0.3241 -1.2 0.8269328670999673 -0.42331682506157475 0.3701147105015091 1.7 2
-0.6166 0.3208 -1.2177 0.8530267641345936 -0.43651369583206345 0.28600897367232564 1.7 1.99
-0.6142 0.3195 -1.2315 0.8889621087976516 -0.45488061112716727 0.05319773249497757 1.7 1.98
-0.615 0.32 -1.2413 0.8367971046870267 -0.42819851843568935 -0.34119881945412706 1.7 1.97
-0.6185 0.3218 -1.2473 0.5183762459527814 -0.2652878434631036 -0.8129627468356698 1.7 1.96
-0.6243 0.3248 -1.2492 0.016700378935897132 -0.008700197409718865 -0.999822686234129 1.7 1.95
-0.6317 0.3287 -1.2472 -0.3447848298012257 0.17639223891222802 -0.9219594346772916 1.7 1.94
-0.6403 0.3331 -1.2413 -0.545684996597275 0.2792923209632012 -0.7900782770964028 1.7 1.93
-0.6494 0.3379 -1.2315 -0.6663761541559776 0.3409877979699706 -0.6630762722401392 1.7 1.92
-0.6586 0.3427 -1.2177 -0.7469069985513647 0.3822035812643347 -0.5441050982886565 1.7 1.91
-0.6674 0.3472 -1.2 -0.7913955009293658 0.40499769759463383 -0.45789739686069825 1.7 1.9
-0.5665 0.4157 -1.2 0.7508013476896286 -0.5469009816881432 0.3704006648697902 1.6 2
-0.5608 0.4116 -1.2177 0.7745118113951863 -0.5641086027217879 0.2862043646498416 1.6 1.99
-0.5586 0.4099 -1.2315 0.8071885016816898 -0.5878916255434408 0.05319924218219263 1.6 1.98
-0.5593 0.4105 -1.2413 0.7598034609126467 -0.55330252029872 -0.34140155508762515 1.6 1.97
-0.5625 0.4128 -1.2473 0.47057463435798397 -0.3427815228600019 -0.8130561733881785 1.6 1.96
-0.5678 0.4167 -1.2492 0.0152003304587763 -0.011200243495940431 -0.9998217363608253 1.6 1.95
-0.5745 0.4216 -1.2472 -0.31288941513012625 0.227792293917043 -0.922068806939883 1.6 1.94
-0.5823 0.4273 -1.2413 -0.49529983407458344 0.3606998791655608 -0.7902997352496332 1.6 1.93
-0.5906 0.4334 -1.2315 -0.6048601017192918 0.44057093869651176 -0.6633562431485835 1.6 1.92
-0.599 0.4396 -1.2177 -0.678002518784036 0.4939018348487247 -0.5444020224572701 1.6 1.91
-0.607 0.4454 -1.2 -0.718521286508424 0.5233155034514381 -0.4581135718156006 1.6 1.9
-0.497 0.497 -1.2 0.65681029886623 -0.65681029886623 0.3704058080086047 1.5 2
-0.492 0.492 -1.2177 0.677506710737205 -0.677506710737205 0.28630283584363364 1.5 1.99
-0.49 0.49 -1.2315 0.7061016558103244 -0.7061016558103244 0.05330012498893966 1.5 1.98
-0.4907 0.4907 -1.2413 0.6645971522073043 -0.6645971522073043 -0.34149853668190555 1.5 1.97
-0.4935 0.4935 -1.2473 0.411608082004036 -0.411608082004036 -0.8131159656887309 1.5 1.96
-0.4981 0.4981 -1.2492 0.013400273636381512 -0.013400273636381512 -0.9998204165413608 1.5 1.95
-0.504 0.504 -1.2472 -0.27360241728803514 0.27360241728803514 -0.9221081468614664 1.5 1.94
-0.5109 0.5109 -1.2413 -0.43318773229712954 0.43318773229712954 -0.7903776168228329 1.5 1.93
-0.5182 0.5182 -1.2315 -0.5291018042402287 0.5291018042402287 -0.6634022622055712 1.5 1.92
-0.5255 0.5255 -1.2177 -0.5930954124247272 0.5930954124247272 -0.5444957883413657 1.5 1.91
-0.5325 0.5325 -1.2 -0.628508880893231 0.628508880893231 -0.45820647450322743 1.5 1.9
-0.4157 0.5665 -1.2 0.5469009816881432 -0.7508013476896286 0.3704006648697902 1.4 2
-0.4116 0.5608 -1.2177 0.5641086027217879 -0.7745118113951863 0.2862043646498416 1.4 1.99
-0.4099 0.5586 -1.2315 0.5878916255434408 -0.8071885016816898 0.05319924218219263 1.4 1.98
-0.4105 0.5593 -1.2413 0.55330252029872 -0.7598034609126467 -0.34140155508762515 1.4 1.97
-0.4128 0.5625 -1.2473 0.3427815228600019 -0.47057463435798397 -0.8130561733881785 1.4 1.96
-0.4167 0.5678 -1.2492 0.011200243495940431 -0.0152003304587763 -0.9998217363608253 1.4 1.95
-0.4216 0.5745 -1.2472 -0.2277994202512132 0.312799203927039 -0.9220976532644587 1.4 1.94
-0.4273 0.5823 -1.2413 -0.3606998791655608 0.49529983407458344 -0.7902997352496332 1.4 1.93
-0.4334 0.5906 -1.2315 -0.4406001630220905 0.6049002238131242 -0.6633002454211362 1.4 1.92
-0.4396 0.599 -1.2177 -0.4939018348487247 0.678002518784036 -0.5444020224572701 1.4 1.91
-0.4454 0.607 -1.2 -0.5233155034514381 0.718521286508424 -0.4581135718156006 1.4 1.9
-0.3241 0.6229 -1.2 0.42331682506157475 -0.8269328670999673 0.3701147105015091 1.3 2
-0.3208 0.6166 -1.2177 0.43651369583206345 -0.8530267641345936 0.28600897367232564 1.3 1.99
-0.3195 0.6142 -1.2315 0.45488061112716727 -0.8889621087976516 0.05319773249497757 1.3 1.98
-0.32 0.615 -1.2413 0.4281839070102768 -0.8367685506450248 -0.3412871729626517 1.3 1.97
-0.3218 0.6185 -1.2473 0.2652878434631036 -0.5183762459527814 -0.8129627468356698 1.3 1.96
-0.3248 0.6243 -1.2492 0.008700197409718865 -0.016700378935897132 -0.999822686234129 1.3 1.95
-0.3287 0.6317 -1.2472 -0.17639223891222802 0.3447848298012257 -0.9219594346772916 1.3 1.94
-0.3331 0.6403 -1.2413 -0.2792923209632012 0.545684996597275 -0.7900782770964028 1.3 1.93
-0.3379 0.6494 -1.2315 -0.3409877979699706 0.6663761541559776 -0.6630762722401392 1.3 1.92
-0.3427 0.6586 -1.2177 -0.3822035812643347 0.7469069985513647 -0.5441050982886565 1.3 1.91
-0.3472 0.6674 -1.2 -0.40499769759463383 0.7913955009293658 -0.45789739686069825 1.3 1.9
-0.2233 0.6648 -1.2 0.28850684057828613 -0.8832209414167844 0.3697087658987604 1.2 2
-0.2211 0.6581 -1.2177 0.2974011524316985 -0.9110035301455189 0.285701107093935 1.2 1.99
-0.2202 0.6555 -1.2315 0.30980359838969307 -0.9493110263116062 0.053200617928765875 1.2 1.98
-0.2205 0.6564 -1.2413 0.2916898522865553 -0.8936689097994327 -0.3409881372290551 1.2 1.97
-0.2218 0.6602 -1.2473 0.18079756648113265 -0.553792546002496 -0.8127890599328795 1.2 1.96
-0.2238 0.6663 -1.2492 0.005900142519663864 -0.017800429974579115 -0.9998241510440562 1.2 1.95
-0.2265 0.6742 -1.2472 -0.12029679473460589 0.3685901790455173 -0.9217754396206126 1.2 1.94
-0.2296 0.6834 -1.2413 -0.19039995335201715 0.5831998571160525 -0.789699806523571 1.2 1.93
-0.2328 0.6931 -1.2315 -0.2324008691808761 0.7120026628949389 -0.6626024781379024 1.2 1.92
-0.2361 0.703 -1.2177 -0.26049926799808537 0.7978977579104504 -0.5435984724904384 1.2 1.91
-0.2393 0.7123 -1.2 -0.27601064731608427 0.8453326093343697 -0.45741764522600337 1.2 1.9
-0.1149 0.691 -1.2 0.145800220887502 -0.9178013904701599 0.3693005594907715 1.1 2
-0.1137 0.684 -1.2177 0.15029287553509887 -0.9465551296175956 0.2853864715749649 1.1 1.99
-0.1132 0.6813 -1.2315 0.15650764558523483 -0.9862481794003745 0.05310259412508607 1.1 1.98
-0.1134 0.6822 -1.2413 0.147397562064485 -0.9285846413370474 -0.3405943666157639 1.1 1.97
-0.1141 0.6861 -1.2473 0.09140271013053365 -0.5757170702642038 -0.8125240916964835 1.1 1.96
-0.1151 0.6925 -1.2492 0.003000073067669355 -0.01850045058396102 -0.9998243510186071 1.1 1.95
-0.1165 0.7008 -1.2472 -0.06080115249676847 0.3833072656580815 -0.921617469424701 1.1 1.94
-0.1181 0.7102 -1.2413 -0.09620144832370685 0.6064091295581688 -0.7893118831798526 1.1 1.93
-0.1197 0.7204 -1.2315 -0.11749629305043047 0.740076650949988 -0.6621791085786813 1.1 1.92
-0.1214 0.7306 -1.2177 -0.13170106875850945 0.8292067290399092 -0.5432044081216578 1.1 1.91
-0.1231 0.7403 -1.2 -0.1394950131424187 0.8784685953090666 -0.45698366312605976 1.1 1.9
0 0.7 -1.2 0.0030999553919628616 -0.9293866262226722 0.36909468876564266 1 2
0 0.693 -1.2177 0.0024999155792763076 -0.9584676330945363 0.28519036928384117 1 1.99
0 0.6902 -1.2315 0.0017999872201361052 -0.9985929100155082 0.05299962370400754 1 1.98
0 0.6911 -1.2413 0.0011999773866392211 -0.940282280547383 -0.3403935853433257 1 1.97
0 0.6951 -1.2472 0.0004999938376139269 -0.5833928097279298 -0.8121899898200629 1 1.96
0 0.7016 -1.2492 0 -0.01900037013081526 -0.9998194766731103 1 1.95
0 0.7099 -1.2472 -9.999770957869285E-05 0.38819110858448563 -0.9215788914772333 1 1.94
0 0.7195 -1.2413 -9.999608572983466E-05 0.6141759585526444 -0.7891691085798551 1 1.93
0 0.7298 -1.2315 0 0.7495955886429412 -0.6618961047528853 1 1.92
0 0.7402 -1.2177 0 0.8397981314512363 -0.5428987920515316 1 1.91
0 0.75 -1.2 0 0.8895758038671977 -0.4567875755469154 1 1.9
0.1258 0.691 -1.2 -0.1423050255907197 -0.9098321312890848 0.3898137665162511 0.9 2
0.1217 0.684 -1.2177 -0.14260031015601188 -0.9408020462466758 0.307500668814682 0.9 1.99
0.1188 0.6813 -1.2315 -0.15159987872014558 -0.9851992118409459 0.07999993600007682 0.9 1.98
0.1171 0.6822 -1.2413 -0.1452071545327601 -0.9379462137484551 -0.31491551626973935 0.9 1.97
0.1164 0.6861 -1.2473 -0.08939948103751885 -0.5886965826262568 -0.803395336303609 0.9 1.96
0.1165 0.6925 -1.2492 -0.0017999825042550872 -0.020399801714890992 -0.9997902820856869 0.9 1.95
0.1172 0.7008 -1.2472 0.06110084716911905 0.3859053506147797 -0.9205127629979392 0.9 1.94
0.1184 0.7102 -1.2413 0.0962007672041777 0.6081048496555141 -0.7880062843751771 0.9 1.93
0.1198 0.7204 -1.2315 0.11739898098126761 0.7407935699397192 -0.6613942591227461 0.9 1.92
0.1215 0.7306 -1.2177 0.1316024129523624 0.8294152074672447 -0.5429099543452702 0.9 1.91
0.1231 0.7403 -1.2 0.1395013873481958 0.8785087368128316 -0.45690454393828434 0.9 1.9
0.2406 0.6648 -1.2 -0.2803935173768165 -0.8567801914709572 0.4327899940110064 0.8 2
0.2337 0.6581 -1.2177 -0.283306802277985 -0.8910213936804964 0.3547085166537285 0.8 1.99
0.229 0.6555 -1.2315 -0.3027120648297705 -0.9430375855119707 0.138005500318825 0.8 1.98
0.2264 0.6564 -1.2413 -0.29628807612630964 -0.919762984883495 -0.2573896415623088 0.8 1.97
0.2255 0.6602 -1.2473 -0.18780194000406045 -0.5939061350820634 -0.7823080812842198 0.8 1.96
0.226 0.6663 -1.2492 -0.005200016718080623 -0.02380007651736901 -0.9997032140509998 0.8 1.95
0.2276 0.6742 -1.2473 0.12280008350408517 0.3766002560882612 -0.9182006243766369 0.8 1.94
0.23 0.6834 -1.2413 0.19169501503595016 0.5885846940540441 -0.7853795764696674 0.8 1.93
0.233 0.6931 -1.2315 0.2328001524841498 0.7141004677359595 -0.6602004324314249 0.8 1.92
0.2362 0.703 -1.2177 0.2605085122547092 0.7984260889986942 -0.5428177368593325 0.8 1.91
0.2393 0.7123 -1.2 0.2759999379000209 0.8453998097850641 -0.4572998971075346 0.8 1.9
0.3439 0.6229 -1.2 -0.4078819169560587 -0.7800654165663677 0.4744789644414068 0.7 2
0.3353 0.6166 -1.2177 -0.4154775855888699 -0.8162559641785668 0.40137834622231616 0.7 1.99
0.3297 0.6142 -1.2315 -0.44590967411532106 -0.8732189446905098 0.1966042653758065 0.7 1.98
0.3268 0.615 -1.2413 -0.44608405947094704 -0.8734687871505767 -0.1950930284751889 0.7 1.97
0.3261 0.6185 -1.2473 -0.2925020094957078 -0.5835040086863095 -0.7576052047656351 0.7 1.96
0.3273 0.6243 -1.2492 -0.010599779950852307 -0.026999439497453988 -0.9995792489501856 0.7 1.95
0.3299 0.6317 -1.2472 0.1829948396182831 0.35758991610654667 -0.9157741755323698 0.7 1.94
0.3336 0.6403 -1.2413 0.28320578170505084 0.5542113143394745 -0.782715979309828 0.7 1.93
0.338 0.6494 -1.2315 0.34248501660827796 0.6697706981729185 -0.6588711750166258 0.7 1.92
0.3427 0.6586 -1.2177 0.38249342499453604 0.7477871456494485 -0.5426906712275417 0.7 1.91
0.3472 0.6674 -1.2 0.4050027256775158 0.7915053268487745 -0.45770308035209617 0.7 1.9
0.4352 0.5665 -1.2 -0.5231935412156002 -0.6896914858111611 0.5005938202074341 0.6 2
0.4257 0.5608 -1.2177 -0.5361931662616436 -0.7255907524047904 0.431294503186585 0.6 1.99
0.4199 0.5586 -1.2315 -0.576662593110838 -0.7825492376773744 0.2346847764923074 0.6 1.98
0.4171 0.5593 -1.2413 -0.5848989062400679 -0.7966985101751789 -0.15219971538679833 0.6 1.97
0.417 0.5625 -1.2473 -0.3939041399542665 -0.5464057427545347 -0.7391077680634638 0.6 1.96
0.4191 0.5678 -1.2492 -0.016899456944676483 -0.027899103476714433 -0.9994678826156299 0.6 1.95
0.4229 0.5745 -1.2472 0.2389974224266986 0.3275964668911568 -0.9140901415909842 0.6 1.94
0.4279 0.5823 -1.2413 0.36769391471606677 0.5049916424574754 -0.7808870764258269 0.6 1.93
0.4336 0.5906 -1.2315 0.4431916813702102 0.6086885750226692 -0.6580876478107747 0.6 1.92
0.4396 0.599 -1.2177 0.4944766266422749 0.6789679059456111 -0.5426743483898131 0.6 1.91
0.4454 0.607 -1.2 0.523398448125902 0.7185978693604761 -0.45789864233253824 0.6 1.9
0.5139 0.497 -1.2 -0.6277817286786763 -0.5915827822336809 0.5058852764232914 0.5 2
0.5043 0.492 -1.2177 -0.6462021680119105 -0.6251020972210543 0.43780146882639187 0.5 1.99
0.4987 0.49 -1.2315 -0.6942963271821437 -0.6774964160534386 0.2427987155981917 0.5 1.98
0.4965 0.4907 -1.2413 -0.7056053026437741 -0.6940052154687913 -0.14310107540862255 0.5 1.97
0.4972 0.4935 -1.2473 -0.4794749864424189 -0.47997496035946 -0.7346616737001985 0.5 1.96
0.5002 0.4981 -1.2492 -0.02220079657887213 -0.02520090422466566 -0.9994358604020183 0.5 1.95
0.5051 0.504 -1.2472 0.2876919490534571 0.2867919742388998 -0.9137744283804277 0.5 1.94
0.5113 0.5109 -1.2413 0.44208576948811656 0.44188577592580575 -0.7805748736992169 0.5 1.93
0.5183 0.5182 -1.2315 0.532514668318561 0.532514668318561 -0.6579181226042842 0.5 1.92
0.5255 0.5255 -1.2177 0.5938772846282862 0.5939772808035055 -0.5426792429159301 0.5 1.91
0.5325 0.5325 -1.2 0.6285874535196403 0.6285874535196403 -0.45799085859369276 0.5 1.9
0.5795 0.4157 -1.2 -0.7227157373065216 -0.4870106047713796 0.49041067880879785 0.4 2
0.5702 0.4116 -1.2177 -0.7458151998686616 -0.5164105245537367 0.42080857616617434 0.4 1.99
0.5652 0.4099 -1.2315 -0.7981936743401963 -0.5605955572978126 0.2204982525582727 0.4 1.98
0.5637 0.4105 -1.2413 -0.803310720253093 -0.5711076214820633 -0.16890225401561984 0.4 1.97
0.5653 0.4128 -1.2473 -0.5399974053187011 -0.3904981236610236 -0.7455964174178213 0.4 1.96
0.5694 0.4167 -1.2492 -0.024700067925280192 -0.019600053900222337 -0.9995027486363381 0.4 1.95
0.5753 0.4216 -1.2472 0.32699927242742827 0.2370994724542607 -0.9147979645767932 0.4 1.94
0.5826 0.4273 -1.2413 0.5043212777635727 0.36681547627142275 -0.7817329820102812 0.4 1.93
0.5907 0.4334 -1.2315 0.6083933655065236 0.4429951691640202 -0.65849281917496 0.4 1.92
0.599 0.4396 -1.2177 0.6788771561680359 0.4944833609148531 -0.5427817357018853 0.4 1.91
0.607 0.4454 -1.2 0.7185978693604761 0.523398448125902 -0.45789864233253824 0.4 1.9
0.6314 0.3241 -1.2 -0.8057955963390989 -0.3747979517347907 0.4584974943180403 0.3 2
0.6228 0.3208 -1.2177 -0.8324984140920317 -0.3983992410501687 0.38499926657709577 0.3 1.99
0.6185 0.3195 -1.2315 -0.8848005928165958 -0.43190028937329084 0.17490011718311776 0.3 1.98
0.6179 0.32 -1.2413 -0.8741096720770325 -0.4335047967571143 -0.21910242438173874 0.3 1.97
0.6204 0.3218 -1.2473 -0.5734824689088841 -0.28919115956137625 -0.7664765691694152 0.3 1.96
0.6253 0.3248 -1.2492 -0.024200483530491458 -0.013200263743904431 -0.9996199726065811 0.3 1.95
0.6322 0.3287 -1.2472 0.35590924486270453 0.18100470165818916 -0.9168238148078885 0.3 1.94
0.6405 0.3331 -1.2413 0.5529839719918545 0.28239181499186194 -0.7838772796463195 0.3 1.93
0.6495 0.3379 -1.2315 0.6691765491187471 0.3422880047270579 -0.6595768855330627 0.3 1.92
0.6586 0.3427 -1.2177 0.7475891862006319 0.38259446581107776 -0.5428921471218874 0.3 1.91
0.6674 0.3472 -1.2 0.7915053268487745 0.4050027256775158 -0.45770308035209617 0.3 1.9
0.6692 0.2233 -1.2 -0.8717941502808775 -0.2542982936641743 0.41869719055127713 0.2 2
0.6613 0.2211 -1.2177 -0.9004093958210684 -0.2709028268857479 0.34040355212959983 0.2 1.99
0.6577 0.2202 -1.2315 -0.9487838470925035 -0.2924950203146683 0.11939796726691077 0.2 1.98
0.6579 0.2205 -1.2413 -0.9168109559563858 -0.28810344285671335 -0.27650330423422853 0.2 1.97
0.6611 0.2218 -1.2473 -0.5853158886154477 -0.18710507903630658 -0.7889214155624922 0.2 1.96
0.6669 0.2238 -1.2492 -0.022100610537799277 -0.007500207196085727 -0.9997276178569202 0.2 1.95
0.6745 0.2265 -1.2472 0.37488930268636955 0.1214965331458893 -0.9190737746040071 0.2 1.94
0.6835 0.2296 -1.2413 0.5873937854066255 0.1911979771361028 -0.7863916800200378 0.2 1.93
0.6932 0.2328 -1.2315 0.7136195213290126 0.2328063685053169 -0.6607180741901326 0.2 1.92
0.703 0.2361 -1.2177 0.7982823381986489 0.2605942344163446 -0.5429879865236958 0.2 1.91
0.7123 0.2393 -1.2 0.8453998097850641 0.2759999379000209 -0.4572998971075346 0.2 1.9
0.6922 0.1149 -1.2 -0.9144898034955362 -0.1277985750538322 0.3838957195865898 0.1 2
0.6849 0.1137 -1.2177 -0.9436765829561372 -0.13629661784139188 0.30149251855597686 0.1 1.99
0.6819 0.1132 -1.2315 -0.9865344997146932 -0.1466051268709316 0.07250253545799823 0.1 1.98
0.6826 0.1134 -1.2413 -0.935926912965329 -0.14220408913737556 -0.32220926526063576 0.1 1.97
0.6864 0.1141 -1.2473 -0.5853184553818519 -0.09060285675311085 -0.8057254049225321 0.1 1.96
0.6927 0.1151 -1.2492 -0.01989993094735942 -0.0032999885490596023 -0.9997965307120578 0.1 1.95
0.7008 0.1165 -1.2472 0.38521463072951795 0.060602301719129774 -0.9208349739764801 0.1 1.94
0.7103 0.1181 -1.2413 0.6076037884214313 0.09610059918910392 -0.7884049157199743 0.1 1.93
0.7204 0.1197 -1.2315 0.7405966043723534 0.11749946126620513 -0.6615969665848622 0.1 1.92
0.7306 0.1214 -1.2177 0.8293592587270979 0.1316935307142016 -0.5429733270904439 0.1 1.91
0.7403 0.1231 -1.2 0.8784685953090666 0.1394950131424187 -0.45698366312605976 0.1 1.9
0.7 0 -1.2 -0.9293803856339397 0.004799898699206918 0.3690922103910987 1 2
0.693 0 -1.2177 -0.9584640678556314 0.003699861294800038 0.28518930845323537 1 1.99
0.6902 0 -1.2315 -0.9985908878997217 0.0026999753628372206 0.05299951638161951 1 1.98
0.6911 0 -1.2413 -0.9403136017346243 0.001700024591033565 -0.3403049225463072 1 1.97
0.6951 0 -1.2472 -0.5833927397225309 0.0006999912886626185 -0.812189892359684 1 1.96
0.7016 0 -1.2492 -0.01900037013081526 0 -0.9998194766731103 1 1.95
0.7099 0 -1.2472 0.38819110858448563 -9.999770957869285E-05 -0.9215788914772333 1 1.94
0.7195 0 -1.2413 0.6141759585526444 -9.999608572983466E-05 -0.7891691085798551 1 1.93
0.7298 0 -1.2315 0.7495955886429412 0 -0.6618961047528853 1 1.92
0.7402 0 -1.2177 0.8397981314512363 0 -0.5428987920515316 1 1.91
0.75 0 -1.2 0.8895758038671977 0 -0.4567875755469154 1 1.9
0.691 -0.1149 -1.2 -0.9178013904701599 0.145800220887502 0.3693005594907715 1.9 2
0.684 -0.1137 -1.2177 -0.9465551296175956 0.15029287553509887 0.2853864715749649 1.9 1.99
0.6813 -0.1132 -1.2315 -0.9862481794003745 0.15650764558523483 0.05310259412508607 1.9 1.98
0.6822 -0.1134 -1.2413 -0.9285846413370474 0.147397562064485 -0.3405943666157639 1.9 1.97
0.6861 -0.1141 -1.2473 -0.5757170702642038 0.09140271013053365 -0.8125240916964835 1.9 1.96
0.6925 -0.1151 -1.2492 -0.01850045058396102 0.003000073067669355 -0.9998243510186071 1.9 1.95
0.7008 -0.1165 -1.2472 0.3833072656580815 -0.06080115249676847 -0.921617469424701 1.9 1.94
0.7102 -0.1181 -1.2413 0.6064091295581688 -0.09620144832370685 -0.7893118831798526 1.9 1.93
0.7204 -0.1197 -1.2315 0.740076650949988 -0.11749629305043047 -0.6621791085786813 1.9 1.92
0.7306 -0.1214 -1.2177 0.8292067290399092 -0.13170106875850945 -0.5432044081216578 1.9 1.91
0.7403 -0.1231 -1.2 0.8784685953090666 -0.1394950131424187 -0.45698366312605976 1.9 1.9
0.6648 -0.2233 -1.2 -0.8832209414167844 0.28850684057828613 0.3697087658987604 1.8 2
0.6581 -0.2211 -1.2177 -0.9110035301455189 0.2974011524316985 0.285701107093935 1.8 1.99
0.6555 -0.2202 -1.2315 -0.9493110263116062 0.30980359838969307 0.053200617928765875 1.8 1.98
0.6564 -0.2205 -1.2413 -0.8936689097994327 0.2916898522865553 -0.3409881372290551 1.8 1.97
0.6602 -0.2218 -1.2473 -0.553792546002496 0.18079756648113265 -0.8127890599328795 1.8 1.96
0.6663 -0.2238 -1.2492 -0.017800429974579115 0.005900142519663864 -0.9998241510440562 1.8 1.95
0.6742 -0.2265 -1.2473 0.3685901790455173 -0.12029679473460589 -0.9217754396206126 1.8 1.94
0.6834 -0.2296 -1.2413 0.5831998571160525 -0.19039995335201715 -0.789699806523571 1.8 1.93
0.6931 -0.2328 -1.2315 0.7120026628949389 -0.2324008691808761 -0.6626024781379024 1.8 1.92
0.703 -0.2361 -1.2177 0.7978977579104504 -0.26049926799808537 -0.5435984724904384 1.8 1.91
0.7123 -0.2393 -1.2 0.8453326093343697 -0.27601064731608427 -0.45741764522600337 1.8 1.9
0.6229 -0.3241 -1.2 -0.8269328670999673 0.42331682506157475 0.3701147105015091 1.7 2
0.6166 -0.3208 -1.2177 -0.8530267641345936 0.43651369583206345 0.28600897367232564 1.7 1.99
0.6142 -0.3195 -1.2315 -0.8889621087976516 0.45488061112716727 0.05319773249497757 1.7 1.98
0.615 -0.32 -1.2413 -0.8367971046870267 0.42819851843568935 -0.34119881945412706 1.7 1.97
0.6185 -0.3218 -1.2473 -0.5183762459527814 0.2652878434631036 -0.8129627468356698 1.7 1.96
0.6243 -0.3248 -1.2492 -0.016700378935897132 0.008700197409718865 -0.999822686234129 1.7 1.95
0.6317 -0.3287 -1.2472 0.3447848298012257 -0.17639223891222802 -0.9219594346772916 1.7 1.94
0.6403 -0.3331 -1.2413 0.545684996597275 -0.2792923209632012 -0.7900782770964028 1.7 1.93
0.6494 -0.3379 -1.2315 0.6663761541559776 -0.3409877979699706 -0.6630762722401392 1.7 1.92
0.6586 -0.3427 -1.2177 0.7469069985513647 -0.3822035812643347 -0.5441050982886565 1.7 1.91
0.6674 -0.3472 -1.2 0.7913955009293658 -0.40499769759463383 -0.45789739686069825 1.7 1.9
0.5665 -0.4157 -1.2 -0.7508013476896286 0.5469009816881432 0.3704006648697902 1.6 2
0.5608 -0.4116 -1.2177 -0.7745118113951863 0.5641086027217879 0.2862043646498416 1.6 1.99
0.5586 -0.4099 -1.2315 -0.8071885016816898 0.5878916255434408 0.05319924218219263 1.6 1.98
0.5593 -0.4105 -1.2413 -0.7598034609126467 0.55330252029872 -0.34140155508762515 1.6 1.97
0.5625 -0.4128 -1.2473 -0.47057463435798397 0.3427815228600019 -0.8130561733881785 1.6 1.96
0.5678 -0.4167 -1.2492 -0.0152003304587763 0.011200243495940431 -0.9998217363608253 1.6 1.95
0.5745 -0.4216 -1.2472 0.31288941513012625 -0.227792293917043 -0.922068806939883 1.6 1.94
0.5823 -0.4273 -1.2413 0.49529983407458344 -0.3606998791655608 -0.7902997352496332 1.6 1.93
0.5906 -0.4334 -1.2315 0.6048601017192918 -0.44057093869651176 -0.6633562431485835 1.6 1.92
0.599 -0.4396 -1.2177 0.678002518784036 -0.4939018348487247 -0.5444020224572701 1.6 1.91
0.607 -0.4454 -1.2 0.718521286508424 -0.5233155034514381 -0.4581135718156006 1.6 1.9
0.497 -0.497 -1.2 -0.65681029886623 0.65681029886623 0.3704058080086047 1.5 2
0.492 -0.492 -1.2177 -0.677506710737205 0.677506710737205 0.28630283584363364 1.5 1.99
0.49 -0.49 -1.2315 -0.7061016558103244 0.7061016558103244 0.05330012498893966 1.5 1.98
0.4907 -0.4907 -1.2413 -0.6645971522073043 0.6645971522073043 -0.34149853668190555 1.5 1.97
0.4935 -0.4935 -1.2473 -0.411608082004036 0.411608082004036 -0.8131159656887309 1.5 1.96
0.4981 -0.4981 -1.2492 -0.013400273636381512 0.013400273636381512 -0.9998204165413608 1.5 1.95
0.504 -0.504 -1.2472 0.27360241728803514 -0.27360241728803514 -0.9221081468614664 1.5 1.94
0.5109 -0.5109 -1.2413 0.43318773229712954 -0.43318773229712954 -0.7903776168228329 1.5 1.93
0.5182 -0.5182 -1.2315 0.5291018042402287 -0.5291018042402287 -0.6634022622055712 1.5 1.92
0.5255 -0.5255 -1.2177 0.5930954124247272 -0.5930954124247272 -0.5444957883413657 1.5 1.91
0.5325 -0.5325 -1.2 0.628508880893231 -0.628508880893231 -0.45820647450322743 1.5 1.9
0.4157 -0.5665 -1.2 -0.5469009816881432 0.7508013476896286 0.3704006648697902 1.4 2
0.4116 -0.5608 -1.2177 -0.5641086027217879 0.7745118113951863 0.2862043646498416 1.4 1.99
0.4099 -0.5586 -1.2315 -0.5878916255434408 0.8071885016816898 0.05319924218219263 1.4 1.98
0.4105 -0.5593 -1.2413 -0.55330252029872 0.7598034609126467 -0.34140155508762515 1.4 1.97
0.4128 -0.5625 -1.2473 -0.3427815228600019 0.47057463435798397 -0.8130561733881785 1.4 1.96
0.4167 -0.5678 -1.2492 -0.011200243495940431 0.0152003304587763 -0.9998217363608253 1.4 1.95
0.4216 -0.5745 -1.2472 0.2277994202512132 -0.312799203927039 -0.9220976532644587 1.4 1.94
0.4273 -0.5823 -1.2413 0.3606998791655608 -0.49529983407458344 -0.7902997352496332 1.4 1.93
0.4334 -0.5906 -1.2315 0.4406001630220905 -0.6049002238131242 -0.6633002454211362 1.4 1.92
0.4396 -0.599 -1.2177 0.4939018348487247 -0.678002518784036 -0.5444020224572701 1.4 1.91
0.4454 -0.607 -1.2 0.5233155034514381 -0.718521286508424 -0.4581135718156006 1.4 1.9
0.3241 -0.6229 -1.2 -0.42331682506157475 0.8269328670999673 0.3701147105015091 1.3 2
0.3208 -0.6166 -1.2177 -0.43651369583206345 0.8530267641345936 0.28600897367232564 1.3 1.99
0.3195 -0.6142 -1.2315 -0.45488061112716727 0.8889621087976516 0.05319773249497757 1.3 1.98
0.32 -0.615 -1.2413 -0.4281839070102768 0.8367685506450248 -0.3412871729626517 1.3 1.97
0.3218 -0.6185 -1.2473 -0.2652878434631036 0.5183762459527814 -0.8129627468356698 1.3 1.96
0.3248 -0.6243 -1.2492 -0.008700197409718865 0.016700378935897132 -0.999822686234129 1.3 1.95
0.3287 -0.6317 -1.2472 0.17639223891222802 -0.3447848298012257 -0.9219594346772916 1.3 1.94
0.3331 -0.6403 -1.2413 0.2792923209632012 -0.545684996597275 -0.7900782770964028 1.3 1.93
0.3379 -0.6494 -1.2315 0.3409877979699706 -0.6663761541559776 -0.6630762722401392 1.3 1.92
0.3427 -0.6586 -1.2177 0.3822035812643347 -0.7469069985513647 -0.5441050982886565 1.3 1.91
0.3472 -0.6674 -1.2 0.40499769759463383 -0.7913955009293658 -0.45789739686069825 1.3 1.9
0.2233 -0.6648 -1.2 -0.28850684057828613 0.8832209414167844 0.3697087658987604 1.2 2
0.2211 -0.6581 -1.2177 -0.2974011524316985 0.9110035301455189 0.285701107093935 1.2 1.99
0.2202 -0.6555 -1.2315 -0.30980359838969307 0.9493110263116062 0.053200617928765875 1.2 1.98
0.2205 -0.6564 -1.2413 -0.2916898522865553 0.8936689097994327 -0.3409881372290551 1.2 1.97
0.2218 -0.6602 -1.2473 -0.18079756648113265 0.553792546002496 -0.8127890599328795 1.2 1.96
0.2238 -0.6663 -1.2492 -0.005900142519663864 0.017800429974579115 -0.9998241510440562 1.2 1.95
0.2265 -0.6742 -1.2472 0.12029679473460589 -0.3685901790455173 -0.9217754396206126 1.2 1.94
0.2296 -0.6834 -1.2413 0.19039995335201715 -0.5831998571160525 -0.789699806523571 1.2 1.93
0.2328 -0.6931 -1.2315 0.2324008691808761 -0.7120026628949389 -0.6626024781379024 1.2 1.92
0.2361 -0.703 -1.2177 0.26049926799808537 -0.7978977579104504 -0.5435984724904384 1.2 1.91
0.2393 -0.7123 -1.2 0.27601064731608427 -0.8453326093343697 -0.45741764522600337 1.2 1.9
0.1149 -0.691 -1.2 -0.145800220887502 0.9178013904701599 0.3693005594907715 1.1 2
0.1137 -0.684 -1.2177 -0.15029287553509887 0.9465551296175956 0.2853864715749649 1.1 1.99
0.1132 -0.6813 -1.2315 -0.15650764558523483 0.9862481794003745 0.05310259412508607 1.1 1.98
0.1134 -0.6822 -1.2413 -0.147397562064485 0.9285846413370474 -0.3405943666157639 1.1 1.97
0.1141 -0.6861 -1.2473 -0.09140271013053365 0.5757170702642038 -0.8125240916964835 1.1 1.96
0.1151 -0.6925 -1.2492 -0.003000073067669355 0.01850045058396102 -0.9998243510186071 1.1 1.95
0.1165 -0.7008 -1.2472 0.06080115249676847 -0.3833072656580815 -0.921617469424701 1.1 1.94
0.1181 -0.7102 -1.2413 0.09620144832370685 -0.6064091295581688 -0.7893118831798526 1.1 1.93
0.1197 -0.7204 -1.2315 0.11749629305043047 -0.740076650949988 -0.6621791085786813 1.1 1.92
0.1214 -0.7306 -1.2177 0.13170106875850945 -0.8292067290399092 -0.5432044081216578 1.1 1.91
0.1231 -0.7403 -1.2 0.1394950131424187 -0.8784685953090666 -0.45698366312605976 1.1 1.9
0 -0.7 -1.2 0 0.929391091829077 0.3690964622273642 1 2
0 -0.693 -1.2177 0 0.958470628117645 0.2851912604477333 1 1.99
0 -0.6902 -1.2315 0 0.9985945277169822 0.05299970956238739 1 1.98
0 -0.6911 -1.2413 0 0.9402829575258409 -0.34039383041773497 1 1.97
0 -0.6951 -1.2472 0 0.5832795330802699 -0.8122714978931995 1 1.96
0 -0.7016 -1.2492 0 0.018900404000453307 -0.9998213714102232 1 1.95
0 -0.7099 -1.2472 0 -0.3881911105253523 -0.9215788960849168 1 1.94
0 -0.7195 -1.2413 0 -0.6141759616232838 -0.7891691125253918 1 1.93
0 -0.7298 -1.2315 0 -0.7495955886429412 -0.6618961047528853 1 1.92
0 -0.7402 -1.2177 0 -0.8397981314512363 -0.5428987920515316 1 1.91
0 -0.75 -1.2 0 -0.8895758038671977 -0.4567875755469154 1 1.9
-0.1149 -0.691 -1.2 0.145800220887502 0.9178013904701599 0.3693005594907715 0.9 2
-0.1137 -0.684 -1.2177 0.15029287553509887 0.9465551296175956 0.2853864715749649 0.9 1.99
-0.1132 -0.6813 -1.2315 0.15650764558523483 0.9862481794003745 0.05310259412508607 0.9 1.98
-0.1134 -0.6822 -1.2413 0.147397562064485 0.9285846413370474 -0.3405943666157639 0.9 1.97
-0.1141 -0.6861 -1.2473 0.09140271013053365 0.5757170702642038 -0.8125240916964835 0.9 1.96
-0.1151 -0.6925 -1.2492 0.003000073067669355 0.01850045058396102 -0.9998243510186071 0.9 1.95
-0.1165 -0.7008 -1.2472 -0.06080115249676847 -0.3833072656580815 -0.921617469424701 0.9 1.94
-0.1181 -0.7102 -1.2413 -0.09620144832370685 -0.6064091295581688 -0.7893118831798526 0.9 1.93
-0.1197 -0.7204 -1.2315 -0.11749629305043047 -0.740076650949988 -0.6621791085786813 0.9 1.92
-0.1214 -0.7306 -1.2177 -0.13170106875850945 -0.8292067290399092 -0.5432044081216578 0.9 1.91
-0.1231 -0.7403 -1.2 -0.1394950131424187 -0.8784685953090666 -0.45698366312605976 0.9 1.9
-0.2233 -0.6648 -1.2 0.28850684057828613 0.8832209414167844 0.3697087658987604 0.8 2
-0.2211 -0.6581 -1.2177 0.2974011524316985 0.9110035301455189 0.285701107093935 0.8 1.99
-0.2202 -0.6555 -1.2315 0.30980359838969307 0.9493110263116062 0.053200617928765875 0.8 1.98
-0.2205 -0.6564 -1.2413 0.2916898522865553 0.8936689097994327 -0.3409881372290551 0.8 1.97
-0.2218 -0.6602 -1.2473 0.18079756648113265 0.553792546002496 -0.8127890599328795 0.8 1.96
-0.2238 -0.6663 -1.2492 0.005900142519663864 0.017800429974579115 -0.9998241510440562 0.8 1.95
-0.2265 -0.6742 -1.2473 -0.12029679473460589 -0.3685901790455173 -0.9217754396206126 0.8 1.94
-0.2296 -0.6834 -1.2413 -0.19039995335201715 -0.5831998571160525 -0.789699806523571 0.8 1.93
-0.2328 -0.6931 -1.2315 -0.2324008691808761 -0.7120026628949389 -0.6626024781379024 0.8 1.92
-0.2361 -0.703 -1.2177 -0.26049926799808537 -0.7978977579104504 -0.5435984724904384 0.8 1.91
-0.2393 -0.7123 -1.2 -0.27601064731608427 -0.8453326093343697 -0.45741764522600337 0.8 1.9
-0.3241 -0.6229 -1.2 0.42331682506157475 0.8269328670999673 0.3701147105015091 0.7 2
-0.3208 -0.6166 -1.2177 0.43651369583206345 0.8530267641345936 0.28600897367232564 0.7 1.99
-0.3195 -0.6142 -1.2315 0.45488061112716727 0.8889621087976516 0.05319773249497757 0.7 1.98
-0.32 -0.615 -1.2413 0.42819851843568935 0.8367971046870267 -0.34119881945412706 0.7 1.97
-0.3218 -0.6185 -1.2473 0.2652878434631036 0.5183762459527814 -0.8129627468356698 0.7 1.96
-0.3248 -0.6243 -1.2492 0.008700197409718865 0.016700378935897132 -0.999822686234129 0.7 1.95
-0.3287 -0.6317 -1.2472 -0.17639223891222802 -0.3447848298012257 -0.9219594346772916 0.7 1.94
-0.3331 -0.6403 -1.2413 -0.2792923209632012 -0.545684996597275 -0.7900782770964028 0.7 1.93
-0.3379 -0.6494 -1.2315 -0.3409877979699706 -0.6663761541559776 -0.6630762722401392 0.7 1.92
-0.3427 -0.6586 -1.2177 -0.3822035812643347 -0.7469069985513647 -0.5441050982886565 0.7 1.91
-0.3472 -0.6674 -1.2 -0.40499769759463383 -0.7913955009293658 -0.45789739686069825 0.7 1.9
-0.4157 -0.5665 -1.2 0.5469009816881432 0.7508013476896286 0.3704006648697902 0.6 2
-0.4116 -0.5608 -1.2177 0.5641086027217879 0.7745118113951863 0.2862043646498416 0.6 1.99
-0.4099 -0.5586 -1.2315 0.5878916255434408 0.8071885016816898 0.05319924218219263 0.6 1.98
-0.4105 -0.5593 -1.2413 0.55330252029872 0.7598034609126467 -0.34140155508762515 0.6 1.97
-0.4128 -0.5625 -1.2473 0.3427815228600019 0.47057463435798397 -0.8130561733881785 0.6 1.96
-0.4167 -0.5678 -1.2492 0.011200243495940431 0.0152003304587763 -0.9998217363608253 0.6 1.95
-0.4216 -0.5745 -1.2472 -0.227792293917043 -0.31288941513012625 -0.922068806939883 0.6 1.94
-0.4273 -0.5823 -1.2413 -0.3606998791655608 -0.49529983407458344 -0.7902997352496332 0.6 1.93
-0.4334 -0.5906 -1.2315 -0.44057093869651176 -0.6048601017192918 -0.6633562431485835 0.6 1.92
-0.4396 -0.599 -1.2177 -0.4939018348487247 -0.678002518784036 -0.5444020224572701 0.6 1.91
-0.4454 -0.607 -1.2 -0.5233155034514381 -0.718521286508424 -0.4581135718156006 0.6 1.9
-0.497 -0.497 -1.2 0.65681029886623 0.65681029886623 0.3704058080086047 0.5 2
-0.492 -0.492 -1.2177 0.677506710737205 0.677506710737205 0.28630283584363364 0.5 1.99
-0.49 -0.49 -1.2315 0.7061016558103244 0.7061016558103244 0.05330012498893966 0.5 1.98
-0.4907 -0.4907 -1.2413 0.6645971522073043 0.6645971522073043 -0.34149853668190555 0.5 1.97
-0.4935 -0.4935 -1.2473 0.411608082004036 0.411608082004036 -0.8131159656887309 0.5 1.96
-0.4981 -0.4981 -1.2492 0.013400273636381512 0.013400273636381512 -0.9998204165413608 0.5 1.95
-0.504 -0.504 -1.2472 -0.27360241728803514 -0.27360241728803514 -0.9221081468614664 0.5 1.94
-0.5109 -0.5109 -1.2413 -0.43318773229712954 -0.43318773229712954 -0.7903776168228329 0.5 1.93
-0.5182 -0.5182 -1.2315 -0.5291018042402287 -0.5291018042402287 -0.6634022622055712 0.5 1.92
-0.5255 -0.5255 -1.2177 -0.5930954124247272 -0.5930954124247272 -0.5444957883413657 0.5 1.91
-0.5325 -0.5325 -1.2 -0.628508880893231 -0.628508880893231 -0.45820647450322743 0.5 1.9
-0.5665 -0.4157 -1.2 0.7508013476896286 0.5469009816881432 0.3704006648697902 0.4 2
-0.5608 -0.4116 -1.2177 0.7745118113951863 0.5641086027217879 0.2862043646498416 0.4 1.99
-0.5586 -0.4099 -1.2315 0.8071885016816898 0.5878916255434408 0.05319924218219263 0.4 1.98
-0.5593 -0.4105 -1.2413 0.7598034609126467 0.55330252029872 -0.34140155508762515 0.4 1.97
-0.5625 -0.4128 -1.2473 0.47057463435798397 0.3427815228600019 -0.8130561733881785 0.4 1.96
-0.5678 -0.4167 -1.2492 0.0152003304587763 0.011200243495940431 -0.9998217363608253 0.4 1.95
-0.5745 -0.4216 -1.2472 -0.312799203927039 -0.2277994202512132 -0.9220976532644587 0.4 1.94
-0.5823 -0.4273 -1.2413 -0.49529983407458344 -0.3606998791655608 -0.7902997352496332 0.4 1.93
-0.5906 -0.4334 -1.2315 -0.6049002238131242 -0.4406001630220905 -0.6633002454211362 0.4 1.92
-0.599 -0.4396 -1.2177 -0.678002518784036 -0.4939018348487247 -0.5444020224572701 0.4 1.91
-0.607 -0.4454 -1.2 -0.718521286508424 -0.5233155034514381 -0.4581135718156006 0.4 1.9
-0.6229 -0.3241 -1.2 0.8269328670999673 0.42331682506157475 0.3701147105015091 0.3 2
-0.6166 -0.3208 -1.2177 0.8530267641345936 0.43651369583206345 0.28600897367232564 0.3 1.99
-0.6142 -0.3195 -1.2315 0.8889621087976516 0.45488061112716727 0.05319773249497757 0.3 1.98
-0.615 -0.32 -1.2413 0.8367685506450248 0.4281839070102768 -0.3412871729626517 0.3 1.97
-0.6185 -0.3218 -1.2473 0.5183762459527814 0.2652878434631036 -0.8129627468356698 0.3 1.96
-0.6243 -0.3248 -1.2492 0.016700378935897132 0.008700197409718865 -0.999822686234129 0.3 1.95
-0.6317 -0.3287 -1.2472 -0.3447848298012257 -0.17639223891222802 -0.9219594346772916 0.3 1.94
-0.6403 -0.3331 -1.2413 -0.545684996597275 -0.2792923209632012 -0.7900782770964028 0.3 1.93
-0.6494 -0.3379 -1.2315 -0.6663761541559776 -0.3409877979699706 -0.6630762722401392 0.3 1.92
-0.6586 -0.3427 -1.2177 -0.7469069985513647 -0.3822035812643347 -0.5441050982886565 0.3 1.91
-0.6674 -0.3472 -1.2 -0.7913955009293658 -0.40499769759463383 -0.45789739686069825 0.3 1.9
-0.6648 -0.2233 -1.2 0.8832209414167844 0.28850684057828613 0.3697087658987604 0.2 2
-0.6581 -0.2211 -1.2177 0.9110035301455189 0.2974011524316985 0.285701107093935 0.2 1.99
-0.6555 -0.2202 -1.2315 0.9493110263116062 0.30980359838969307 0.053200617928765875 0.2 1.98
-0.6564 -0.2205 -1.2413 0.8936689097994327 0.2916898522865553 -0.3409881372290551 0.2 1.97
-0.6602 -0.2218 -1.2473 0.553792546002496 0.18079756648113265 -0.8127890599328795 0.2 1.96
-0.6663 -0.2238 -1.2492 0.017800429974579115 0.005900142519663864 -0.9998241510440562 0.2 1.95
-0.6742 -0.2265 -1.2472 -0.3685901790455173 -0.12029679473460589 -0.9217754396206126 0.2 1.94
-0.6834 -0.2296 -1.2413 -0.5831998571160525 -0.19039995335201715 -0.789699806523571 0.2 1.93
-0.6931 -0.2328 -1.2315 -0.7120026628949389 -0.2324008691808761 -0.6626024781379024 0.2 1.92
-0.703 -0.2361 -1.2177 -0.7978977579104504 -0.26049926799808537 -0.5435984724904384 0.2 1.91
-0.7123 -0.2393 -1.2 -0.8453326093343697 -0.27601064731608427 -0.45741764522600337 0.2 1.9
-0.691 -0.1149 -1.2 0.9178013904701599 0.145800220887502 0.3693005594907715 0.1 2
-0.684 -0.1137 -1.2177 0.9465551296175956 0.15029287553509887 0.2853864715749649 0.1 1.99
-0.6813 -0.1132 -1.2315 0.9862481794003745 0.15650764558523483 0.05310259412508607 0.1 1.98
-0.6822 -0.1134 -1.2413 0.9285846413370474 0.147397562064485 -0.3405943666157639 0.1 1.97
-0.6861 -0.1141 -1.2473 0.5757170702642038 0.09140271013053365 -0.8125240916964835 0.1 1.96
-0.6925 -0.1151 -1.2492 0.01850045058396102 0.003000073067669355 -0.9998243510186071 0.1 1.95
-0.7008 -0.1165 -1.2472 -0.3833072656580815 -0.06080115249676847 -0.921617469424701 0.1 1.94
-0.7102 -0.1181 -1.2413 -0.6064091295581688 -0.09620144832370685 -0.7893118831798526 0.1 1.93
-0.7204 -0.1197 -1.2315 -0.740076650949988 -0.11749629305043047 -0.6621791085786813 0.1 1.92
-0.7306 -0.1214 -1.2177 -0.8292067290399092 -0.13170106875850945 -0.5432044081216578 0.1 1.91
-0.7403 -0.1231 -1.2 -0.8784685953090666 -0.1394950131424187 -0.45698366312605976 0.1 1.9
-0.7874 0 -1.1213 -0.9048141695008425 0 -0.42580666818463603 1 1.81
-0.824 0 -1.0428 -0.9091295199147753 0 -0.41651352441371015 1 1.72
-0.8591 0 -0.9648 -0.9162605787366316 0 -0.4005827652972767 1 1.63
-0.892 0 -0.8874 -0.9260923597695477 0 -0.37729688731351946 1 1.54
-0.9219 0 -0.8109 -0.9384165115837834 0 -0.34550607923294663 1 1.45
-0.948 0 -0.7356 -0.9527325220797214 0 -0.30381037074401107 1 1.36
-0.9696 0 -0.6616 -0.9681703115125893 0 -0.2502923249035335 1 1.27
-0.986 0 -0.5892 -0.9831517874184884 0 -0.1827910361473756 1 1.18
-0.9964 0 -0.5186 -0.9950875565079084 0 -0.09899876202822122 1 1.09
-1 0 -0.45 -0.9996134948732719 0 0.027800375307599996 1 1
-0.7772 0.1292 -1.1213 -0.8934825459889445 0.14189722806472438 -0.4260916763804021 1.9 1.81
-0.8134 0.1352 -1.0428 -0.8977670839732881 0.1424947755248313 -0.4167847188684189 1.9 1.72
-0.8481 0.141 -0.9648 -0.904821096149788 0.1437033504826752 -0.40080934497881854 1.9 1.63
-0.8805 0.1464 -0.8874 -0.9145622979463847 0.1451940145001258 -0.37748443852477614 1.9 1.54
-0.91 0.1513 -0.8109 -0.9267371675394211 0.14710589980041963 -0.3457138651325973 1.9 1.45
-0.9358 0.1555 -0.7356 -0.9408862772737183 0.14939782104866992 -0.30399556625699903 1.9 1.36
-0.9571 0.1591 -0.6616 -0.9561704356671867 0.15179530656168053 -0.2503922579910725 1.9 1.27
-0.9733 0.1618 -0.5892 -0.9709655070630315 0.15419452233688927 -0.18289350282371625 1.9 1.18
-0.9835 0.1635 -0.5186 -0.9827685273418598 0.15609500113763158 -0.09899682967729358 1.9 1.09
-0.9871 0.1641 -0.45 -0.9872380488876203 0.15680604342137244 0.027801071473942306 1.9 1
-0.7478 0.2512 -1.1213 -0.8598211604591415 0.2807069082820203 -0.4265104965524818 1.8 1.81
-0.7826 0.2629 -1.0428 -0.8639672389834349 0.2819893071682044 -0.4171841806757975 1.8 1.72
-0.816 0.2741 -0.9648 -0.870764921941665 0.28428854766653117 -0.4011838386345843 1.8 1.63
-0.8472 0.2846 -0.8874 -0.8801326931360911 0.2873106723531405 -0.3779140378776603 1.8 1.54
-0.8756 0.2941 -0.8109 -0.8918695610113152 0.29119006185278057 -0.34608818821170106 1.8 1.45
-0.9004 0.3024 -0.7356 -0.905541610593032 0.2956135837562675 -0.3043139835488235 1.8 1.36
-0.9209 0.3093 -0.6616 -0.9202803338193971 0.3003935806577713 -0.2506946427127272 1.8 1.27
-0.9365 0.3146 -0.5892 -0.9345585158682005 0.30508645751271984 -0.18309187273215013 1.8 1.18
-0.9463 0.3179 -0.5186 -0.9459449050704908 0.3088146597798579 -0.09910470461199454 1.8 1.09
-0.9498 0.319 -0.45 -0.9502558339218312 0.31021822740744265 0.027901639408986625 1.8 1
-0.7006 0.3645 -1.1213 -0.8049949245230013 0.411997402364567 -0.4268973084209555 1.7 1.81
-0.7332 0.3815 -1.0428 -0.8088910294482249 0.41389540992535573 -0.4175953688930384 1.7 1.72
-0.7645 0.3977 -0.9648 -0.8152786032938312 0.41718905101703224 -0.401589460422915 1.7 1.63
-0.7937 0.413 -0.8874 -0.824065970898333 0.4216825869770987 -0.3782843790690928 1.7 1.54
-0.8203 0.4268 -0.8109 -0.8350834863873334 0.42729155039313566 -0.34649314816574184 1.7 1.45
-0.8436 0.4389 -0.7356 -0.8478806219098269 0.43389008355545927 -0.30469303632023154 1.7 1.36
-0.8628 0.4489 -0.6616 -0.8616961697690381 0.44099803976806984 -0.25099888431243883 1.7 1.27
-0.8774 0.4565 -0.5892 -0.8750941762676353 0.44789701925525527 -0.18329878015067713 1.7 1.18
-0.8866 0.4613 -0.5186 -0.8858163124575923 0.45330834775008644 -0.09920182681846144 1.7 1.09
-0.8898 0.463 -0.45 -0.8898393273181254 0.4554201277373278 0.027901233122247356 1.7 1
-0.6372 0.4676 -1.1213 -0.7308788267470793 0.5322845799390755 -0.42718762455377246 1.6 1.81
-0.6668 0.4894 -1.0428 -0.7343933133793223 0.5348951298020146 -0.4177961959829532 1.6 1.72
-0.6953 0.5103 -0.9648 -0.7401820656058229 0.5390869380817336 -0.40189026231691466 1.6 1.63
-0.7219 0.5298 -0.8874 -0.7482069209460283 0.5449050403949356 -0.37850350117357884 1.6 1.54
-0.7461 0.5475 -0.8109 -0.7582026650870516 0.5522019409932339 -0.3467012186569254 1.6 1.45
-0.7672 0.563 -0.7356 -0.7698228871746586 0.5607166703544181 -0.3049090650812593 1.6 1.36
-0.7847 0.5759 -0.6616 -0.7823854438542244 0.5698893973063938 -0.2511953265544238 1.6 1.27
-0.798 0.5856 -0.5892 -0.7945864285796989 0.5787901143492696 -0.18339686760825166 1.6 1.18
-0.8063 0.5918 -0.5186 -0.8043319245676418 0.5858232517863042 -0.09930394145165589 1.6 1.09
-0.8093 0.5939 -0.45 -0.8080102375545651 0.5885074564367099 0.027900353499718273 1.6 1
-0.559 0.559 -1.1213 -0.6393018316023714 0.6393018316023714 -0.42730122421976113 1.5 1.81
-0.585 0.585 -1.0428 -0.6424013072879904 0.6424013072879904 -0.4179008504290959 1.5 1.72
-0.61 0.61 -0.9648 -0.647462286420192 0.647462286420192 -0.4019765855458181 1.5 1.63
-0.6333 0.6333 -0.8874 -0.6544743254758074 0.6544743254758074 -0.3785851483959369 1.5 1.54
-0.6545 0.6545 -0.8109 -0.6632203213819754 0.6632203213819754 -0.3468106264403937 1.5 1.45
-0.6731 0.6731 -0.7356 -0.6734134279976327 0.6734134279976327 -0.3050060818819097 1.5 1.36
-0.6884 0.6884 -0.6616 -0.6844142325419502 0.6844142325419502 -0.25130522594651095 1.5 1.27
-0.7001 0.7001 -0.5892 -0.695099906161519 0.695099906161519 -0.183499975227505 1.5 1.18
-0.7074 0.7074 -0.5186 -0.7036048267456673 0.7036048267456673 -0.09940068189101667 1.5 1.09
-0.71 0.71 -0.45 -0.7068314935788101 0.7068314935788101 0.027901243167584616 1.5 1
-0.4676 0.6372 -1.1213 -0.5322845799390755 0.7308788267470793 -0.42718762455377246 1.4 1.81
-0.4894 0.6668 -1.0428 -0.5348951298020146 0.7343933133793223 -0.4177961959829532 1.4 1.72
-0.5103 0.6953 -0.9648 -0.5390869380817336 0.7401820656058229 -0.40189026231691466 1.4 1.63
-0.5298 0.7219 -0.8874 -0.5449050403949356 0.7482069209460283 -0.37850350117357884 1.4 1.54
-0.5475 0.7461 -0.8109 -0.5522019409932339 0.7582026650870516 -0.3467012186569254 1.4 1.45
-0.563 0.7672 -0.7356 -0.5607166703544181 0.7698228871746586 -0.3049090650812593 1.4 1.36
-0.5759 0.7847 -0.6616 -0.5698893973063938 0.7823854438542244 -0.2511953265544238 1.4 1.27
-0.5856 0.798 -0.5892 -0.5787901143492696 0.7945864285796989 -0.18339686760825166 1.4 1.18
-0.5918 0.8063 -0.5186 -0.5858232517863042 0.8043319245676418 -0.09930394145165589 1.4 1.09
-0.5939 0.8093 -0.45 -0.5885074564367099 0.8080102375545651 0.027900353499718273 1.4 1
-0.3645 0.7006 -1.1213 -0.411997402364567 0.8049949245230013 -0.4268973084209555 1.3 1.81
-0.3815 0.7332 -1.0428 -0.41389540992535573 0.8088910294482249 -0.4175953688930384 1.3 1.72
-0.3977 0.7645 -0.9648 -0.41718905101703224 0.8152786032938312 -0.401589460422915 1.3 1.63
-0.413 0.7937 -0.8874 -0.4216825869770987 0.824065970898333 -0.3782843790690928 1.3 1.54
-0.4268 0.8203 -0.8109 -0.42729155039313566 0.8350834863873334 -0.34649314816574184 1.3 1.45
-0.4389 0.8436 -0.7356 -0.43389008355545927 0.8478806219098269 -0.30469303632023154 1.3 1.36
-0.4489 0.8628 -0.6616 -0.44099803976806984 0.8616961697690381 -0.25099888431243883 1.3 1.27
-0.4565 0.8774 -0.5892 -0.4478170755906446 0.875133369471579 -0.18330698962877434 1.3 1.18
-0.4613 0.8866 -0.5186 -0.45330834775008644 0.8858163124575923 -0.09920182681846144 1.3 1.09
-0.463 0.8898 -0.45 -0.4554201277373278 0.8898393273181254 0.027901233122247356 1.3 1
-0.2512 0.7478 -1.1213 -0.2807069082820203 0.8598211604591415 -0.4265104965524818 1.2 1.81
-0.2629 0.7826 -1.0428 -0.2819893071682044 0.8639672389834349 -0.4171841806757975 1.2 1.72
-0.2741 0.816 -0.9648 -0.28428854766653117 0.870764921941665 -0.4011838386345843 1.2 1.63
-0.2846 0.8472 -0.8874 -0.2873106723531405 0.8801326931360911 -0.3779140378776603 1.2 1.54
-0.2941 0.8756 -0.8109 -0.29119006185278057 0.8918695610113152 -0.34608818821170106 1.2 1.45
-0.3024 0.9004 -0.7356 -0.2956135837562675 0.905541610593032 -0.3043139835488235 1.2 1.36
-0.3093 0.9209 -0.6616 -0.3003935806577713 0.9202803338193971 -0.2506946427127272 1.2 1.27
-0.3146 0.9365 -0.5892 -0.30508645751271984 0.9345585158682005 -0.18309187273215013 1.2 1.18
-0.3179 0.9463 -0.5186 -0.3088146597798579 0.9459449050704908 -0.09910470461199454 1.2 1.09
-0.319 0.9498 -0.45 -0.31021822740744265 0.9502558339218312 0.027901639408986625 1.2 1
-0.1292 0.7772 -1.1213 -0.14189722806472438 0.8934825459889445 -0.4260916763804021 1.1 1.81
-0.1352 0.8134 -1.0428 -0.1424947755248313 0.8977670839732881 -0.4167847188684189 1.1 1.72
-0.141 0.8481 -0.9648 -0.1437033504826752 0.904821096149788 -0.40080934497881854 1.1 1.63
-0.1464 0.8805 -0.8874 -0.1451940145001258 0.9145622979463847 -0.37748443852477614 1.1 1.54
-0.1513 0.91 -0.8109 -0.14710589980041963 0.9267371675394211 -0.3457138651325973 1.1 1.45
-0.1555 0.9358 -0.7356 -0.14939782104866992 0.9408862772737183 -0.30399556625699903 1.1 1.36
-0.1591 0.9571 -0.6616 -0.15179530656168053 0.9561704356671867 -0.2503922579910725 1.1 1.27
-0.1618 0.9733 -0.5892 -0.15419452233688927 0.9709655070630315 -0.18289350282371625 1.1 1.18
-0.1635 0.9835 -0.5186 -0.15609500113763158 0.9827685273418598 -0.09899682967729358 1.1 1.09
-0.1641 0.9871 -0.45 -0.15680604342137244 0.9872380488876203 0.027801071473942306 1.1 1
0 0.7874 -1.1213 0 0.9048141695008425 -0.42580666818463603 1 1.81
0 0.824 -1.0428 0 0.9091295199147753 -0.41651352441371015 1 1.72
0 0.8591 -0.9648 0 0.9162605787366316 -0.4005827652972767 1 1.63
0 0.892 -0.8874 0 0.9260923597695477 -0.37729688731351946 1 1.54
0 0.9219 -0.8109 0 0.9384165115837834 -0.34550607923294663 1 1.45
0 0.948 -0.7356 0 0.9527325220797214 -0.30381037074401107 1 1.36
0 0.9696 -0.6616 0 0.9681703115125893 -0.2502923249035335 1 1.27
0 0.986 -0.5892 0 0.9831517874184884 -0.1827910361473756 1 1.18
0 0.9964 -0.5186 0 0.9950875565079084 -0.09899876202822122 1 1.09
0 1 -0.45 0 0.9996134948732719 0.027800375307599996 1 1
0.1292 0.7772 -1.1213 0.14189722806472438 0.8934825459889445 -0.4260916763804021 0.9 1.81
0.1352 0.8134 -1.0428 0.1424947755248313 0.8977670839732881 -0.4167847188684189 0.9 1.72
0.141 0.8481 -0.9648 0.1437033504826752 0.904821096149788 -0.40080934497881854 0.9 1.63
0.1464 0.8805 -0.8874 0.1451940145001258 0.9145622979463847 -0.37748443852477614 0.9 1.54
0.1513 0.91 -0.8109 0.14710589980041963 0.9267371675394211 -0.3457138651325973 0.9 1.45
0.1555 0.9358 -0.7356 0.14939782104866992 0.9408862772737183 -0.30399556625699903 0.9 1.36
0.1591 0.9571 -0.6616 0.15179530656168053 0.9561704356671867 -0.2503922579910725 0.9 1.27
0.1618 0.9733 -0.5892 0.15419452233688927 0.9709655070630315 -0.18289350282371625 0.9 1.18
0.1635 0.9835 -0.5186 0.15609500113763158 0.9827685273418598 -0.09899682967729358 0.9 1.09
0.1641 0.9871 -0.45 0.15680604342137244 0.9872380488876203 0.027801071473942306 0.9 1
0.2512 0.7478 -1.1213 0.2807069082820203 0.8598211604591415 -0.4265104965524818 0.8 1.81
0.2629 0.7826 -1.0428 0.2819893071682044 0.8639672389834349 -0.4171841806757975 0.8 1.72
0.2741 0.816 -0.9648 0.28428854766653117 0.870764921941665 -0.4011838386345843 0.8 1.63
0.2846 0.8472 -0.8874 0.2873106723531405 0.8801326931360911 -0.3779140378776603 0.8 1.54
0.2941 0.8756 -0.8109 0.29119006185278057 0.8918695610113152 -0.34608818821170106 0.8 1.45
0.3024 0.9004 -0.7356 0.2956135837562675 0.905541610593032 -0.3043139835488235 0.8 1.36
0.3093 0.9209 -0.6616 0.3003935806577713 0.9202803338193971 -0.2506946427127272 0.8 1.27
0.3146 0.9365 -0.5892 0.30508645751271984 0.9345585158682005 -0.18309187273215013 0.8 1.18
0.3179 0.9463 -0.5186 0.3088146597798579 0.9459449050704908 -0.09910470461199454 0.8 1.09
0.319 0.9498 -0.45 0.31021822740744265 0.9502558339218312 0.027901639408986625 0.8 1
0.3645 0.7006 -1.1213 0.411997402364567 0.8049949245230013 -0.4268973084209555 0.7 1.81
0.3815 0.7332 -1.0428 0.41389540992535573 0.8088910294482249 -0.4175953688930384 0.7 1.72
0.3977 0.7645 -0.9648 0.41718905101703224 0.8152786032938312 -0.401589460422915 0.7 1.63
0.413 0.7937 -0.8874 0.4216825869770987 0.824065970898333 -0.3782843790690928 0.7 1.54
0.4268 0.8203 -0.8109 0.42729155039313566 0.8350834863873334 -0.34649314816574184 0.7 1.45
0.4389 0.8436 -0.7356 0.43389008355545927 0.8478806219098269 -0.30469303632023154 0.7 1.36
0.4489 0.8628 -0.6616 0.44099803976806984 0.8616961697690381 -0.25099888431243883 0.7 1.27
0.4565 0.8774 -0.5892 0.44789701925525527 0.8750941762676353 -0.18329878015067713 0.7 1.18
0.4613 0.8866 -0.5186 0.45330834775008644 0.8858163124575923 -0.09920182681846144 0.7 1.09
0.463 0.8898 -0.45 0.4554201277373278 0.8898393273181254 0.027901233122247356 0.7 1
0.4676 0.6372 -1.1213 0.5322845799390755 0.7308788267470793 -0.42718762455377246 0.6 1.81
0.4894 0.6668 -1.0428 0.5348951298020146 0.7343933133793223 -0.4177961959829532 0.6 1.72
0.5103 0.6953 -0.9648 0.5390869380817336 0.7401820656058229 -0.40189026231691466 0.6 1.63
0.5298 0.7219 -0.8874 0.5449050403949356 0.7482069209460283 -0.37850350117357884 0.6 1.54
0.5475 0.7461 -0.8109 0.5522019409932339 0.7582026650870516 -0.3467012186569254 0.6 1.45
0.563 0.7672 -0.7356 0.5607166703544181 0.7698228871746586 -0.3049090650812593 0.6 1.36
0.5759 0.7847 -0.6616 0.5698893973063938 0.7823854438542244 -0.2511953265544238 0.6 1.27
0.5856 0.798 -0.5892 0.5787901143492696 0.7945864285796989 -0.18339686760825166 0.6 1.18
0.5918 0.8063 -0.5186 0.5858232517863042 0.8043319245676418 -0.09930394145165589 0.6 1.09
0.5939 0.8093 -0.45 0.5885074564367099 0.8080102375545651 0.027900353499718273 0.6 1
0.559 0.559 -1.1213 0.6393018316023714 0.6393018316023714 -0.42730122421976113 0.5 1.81
0.585 0.585 -1.0428 0.6424013072879904 0.6424013072879904 -0.4179008504290959 0.5 1.72
0.61 0.61 -0.9648 0.647462286420192 0.647462286420192 -0.4019765855458181 0.5 1.63
0.6333 0.6333 -0.8874 0.6544743254758074 0.6544743254758074 -0.3785851483959369 0.5 1.54
0.6545 0.6545 -0.8109 0.6632203213819754 0.6632203213819754 -0.3468106264403937 0.5 1.45
0.6731 0.6731 -0.7356 0.6734134279976327 0.6734134279976327 -0.3050060818819097 0.5 1.36
0.6884 0.6884 -0.6616 0.6844142325419502 0.6844142325419502 -0.25130522594651095 0.5 1.27
0.7001 0.7001 -0.5892 0.695099906161519 0.695099906161519 -0.183499975227505 0.5 1.18
0.7074 0.7074 -0.5186 0.7036048267456673 0.7036048267456673 -0.09940068189101667 0.5 1.09
0.71 0.71 -0.45 0.7068314935788101 0.7068314935788101 0.027901243167584616 0.5 1
0.6372 0.4676 -1.1213 0.7308788267470793 0.5322845799390755 -0.42718762455377246 0.4 1.81
0.6668 0.4894 -1.0428 0.7343933133793223 0.5348951298020146 -0.4177961959829532 0.4 1.72
0.6953 0.5103 -0.9648 0.7401820656058229 0.5390869380817336 -0.40189026231691466 0.4 1.63
0.7219 0.5298 -0.8874 0.7482069209460283 0.5449050403949356 -0.37850350117357884 0.4 1.54
0.7461 0.5475 -0.8109 0.7582026650870516 0.5522019409932339 -0.3467012186569254 0.4 1.45
0.7672 0.563 -0.7356 0.7698228871746586 0.5607166703544181 -0.3049090650812593 0.4 1.36
0.7847 0.5759 -0.6616 0.7823854438542244 0.5698893973063938 -0.2511953265544238 0.4 1.27
0.798 0.5856 -0.5892 0.7945864285796989 0.5787901143492696 -0.18339686760825166 0.4 1.18
0.8063 0.5918 -0.5186 0.8043319245676418 0.5858232517863042 -0.09930394145165589 0.4 1.09
0.8093 0.5939 -0.45 0.8080102375545651 0.5885074564367099 0.027900353499718273 0.4 1
0.7006 0.3645 -1.1213 0.8049949245230013 0.411997402364567 -0.4268973084209555 0.3 1.81
0.7332 0.3815 -1.0428 0.8088910294482249 0.41389540992535573 -0.4175953688930384 0.3 1.72
0.7645 0.3977 -0.9648 0.8152786032938312 0.41718905101703224 -0.401589460422915 0.3 1.63
0.7937 0.413 -0.8874 0.824065970898333 0.4216825869770987 -0.3782843790690928 0.3 1.54
0.8203 0.4268 -0.8109 0.8350834863873334 0.42729155039313566 -0.34649314816574184 0.3 1.45
0.8436 0.4389 -0.7356 0.8478806219098269 0.43389008355545927 -0.30469303632023154 0.3 1.36
0.8628 0.4489 -0.6616 0.8616961697690381 0.44099803976806984 -0.25099888431243883 0.3 1.27
0.8774 0.4565 -0.5892 0.875133369471579 0.4478170755906446 -0.18330698962877434 0.3 1.18
0.8866 0.4613 -0.5186 0.8858163124575923 0.45330834775008644 -0.09920182681846144 0.3 1.09
0.8898 0.463 -0.45 0.8898393273181254 0.4554201277373278 0.027901233122247356 0.3 1
0.7478 0.2512 -1.1213 0.8598211604591415 0.2807069082820203 -0.4265104965524818 0.2 1.81
0.7826 0.2629 -1.0428 0.8639672389834349 0.2819893071682044 -0.4171841806757975 0.2 1.72
0.816 0.2741 -0.9648 0.870764921941665 0.28428854766653117 -0.4011838386345843 0.2 1.63
0.8472 0.2846 -0.8874 0.8801326931360911 0.2873106723531405 -0.3779140378776603 0.2 1.54
0.8756 0.2941 -0.8109 0.8918695610113152 0.29119006185278057 -0.34608818821170106 0.2 1.45
0.9004 0.3024 -0.7356 0.905541610593032 0.2956135837562675 -0.3043139835488235 0.2 1.36
0.9209 0.3093 -0.6616 0.9202803338193971 0.3003935806577713 -0.2506946427127272 0.2 1.27
0.9365 0.3146 -0.5892 0.9345585158682005 0.30508645751271984 -0.18309187273215013 0.2 1.18
0.9463 0.3179 -0.5186 0.9459449050704908 0.3088146597798579 -0.09910470461199454 0.2 1.09
0.9498 0.319 -0.45 0.9502558339218312 0.31021822740744265 0.027901639408986625 0.2 1
0.7772 0.1292 -1.1213 0.8934825459889445 0.14189722806472438 -0.4260916763804021 0.1 1.81
0.8134 0.1352 -1.0428 0.8977670839732881 0.1424947755248313 -0.4167847188684189 0.1 1.72
0.8481 0.141 -0.9648 0.904821096149788 0.1437033504826752 -0.40080934497881854 0.1 1.63
0.8805 0.1464 -0.8874 0.9145622979463847 0.1451940145001258 -0.37748443852477614 0.1 1.54
0.91 0.1513 -0.8109 0.9267371675394211 0.14710589980041963 -0.3457138651325973 0.1 1.45
0.9358 0.1555 -0.7356 0.9408862772737183 0.14939782104866992 -0.30399556625699903 0.1 1.36
0.9571 0.1591 -0.6616 0.9561704356671867 0.15179530656168053 -0.2503922579910725 0.1 1.27
0.9733 0.1618 -0.5892 0.9709655070630315 0.15419452233688927 -0.18289350282371625 0.1 1.18
0.9835 0.1635 -0.5186 0.9827685273418598 0.15609500113763158 -0.09899682967729358 0.1 1.09
0.9871 0.1641 -0.45 0.9872380488876203 0.15680604342137244 0.027801071473942306 0.1 1
0.7874 0 -1.1213 0.9048141695008425 0 -0.42580666818463603 1 1.81
0.824 0 -1.0428 0.9091295199147753 0 -0.41651352441371015 1 1.72
0.8591 0 -0.9648 0.9162605787366316 0 -0.4005827652972767 1 1.63
0.892 0 -0.8874 0.9260923597695477 0 -0.37729688731351946 1 1.54
0.9219 0 -0.8109 0.9384165115837834 0 -0.34550607923294663 1 1.45
0.948 0 -0.7356 0.9527325220797214 0 -0.30381037074401107 1 1.36
0.9696 0 -0.6616 0.9681703115125893 0 -0.2502923249035335 1 1.27
0.986 0 -0.5892 0.9831517874184884 0 -0.1827910361473756 1 1.18
0.9964 0 -0.5186 0.9950875565079084 0 -0.09899876202822122 1 1.09
1 0 -0.45 0.9996134948732719 0 0.027800375307599996 1 1
0.7772 -0.1292 -1.1213 0.8934825459889445 -0.14189722806472438 -0.4260916763804021 1.9 1.81
0.8134 -0.1352 -1.0428 0.8977670839732881 -0.1424947755248313 -0.4167847188684189 1.9 1.72
0.8481 -0.141 -0.9648 0.904821096149788 -0.1437033504826752 -0.40080934497881854 1.9 1.63
0.8805 -0.1464 -0.8874 0.9145622979463847 -0.1451940145001258 -0.37748443852477614 1.9 1.54
0.91 -0.1513 -0.8109 0.9267371675394211 -0.14710589980041963 -0.3457138651325973 1.9 1.45
0.9358 -0.1555 -0.7356 0.9408862772737183 -0.14939782104866992 -0.30399556625699903 1.9 1.36
0.9571 -0.1591 -0.6616 0.9561704356671867 -0.15179530656168053 -0.2503922579910725 1.9 1.27
0.9733 -0.1618 -0.5892 0.9709655070630315 -0.15419452233688927 -0.18289350282371625 1.9 1.18
0.9835 -0.1635 -0.5186 0.9827685273418598 -0.15609500113763158 -0.09899682967729358 1.9 1.09
0.9871 -0.1641 -0.45 0.9872380488876203 -0.15680604342137244 0.027801071473942306 1.9 1
0.7478 -0.2512 -1.1213 0.8598211604591415 -0.2807069082820203 -0.4265104965524818 1.8 1.81
0.7826 -0.2629 -1.0428 0.8639672389834349 -0.2819893071682044 -0.4171841806757975 1.8 1.72
0.816 -0.2741 -0.9648 0.870764921941665 -0.28428854766653117 -0.4011838386345843 1.8 1.63
0.8472 -0.2846 -0.8874 0.8801326931360911 -0.2873106723531405 -0.3779140378776603 1.8 1.54
0.8756 -0.2941 -0.8109 0.8918695610113152 -0.29119006185278057 -0.34608818821170106 1.8 1.45
0.9004 -0.3024 -0.7356 0.905541610593032 -0.2956135837562675 -0.3043139835488235 1.8 1.36
0.9209 -0.3093 -0.6616 0.9202803338193971 -0.3003935806577713 -0.2506946427127272 1.8 1.27
0.9365 -0.3146 -0.5892 0.9345585158682005 -0.30508645751271984 -0.18309187273215013 1.8 1.18
0.9463 -0.3179 -0.5186 0.9459449050704908 -0.3088146597798579 -0.09910470461199454 1.8 1.09
0.9498 -0.319 -0.45 0.9502558339218312 -0.31021822740744265 0.027901639408986625 1.8 1
0.7006 -0.3645 -1.1213 0.8049949245230013 -0.411997402364567 -0.4268973084209555 1.7 1.81
0.7332 -0.3815 -1.0428 0.8088910294482249 -0.41389540992535573 -0.4175953688930384 1.7 1.72
0.7645 -0.3977 -0.9648 0.8152786032938312 -0.41718905101703224 -0.401589460422915 1.7 1.63
0.7937 -0.413 -0.8874 0.824065970898333 -0.4216825869770987 -0.3782843790690928 1.7 1.54
0.8203 -0.4268 -0.8109 0.8350834863873334 -0.42729155039313566 -0.34649314816574184 1.7 1.45
0.8436 -0.4389 -0.7356 0.8478806219098269 -0.43389008355545927 -0.30469303632023154 1.7 1.36
0.8628 -0.4489 -0.6616 0.8616961697690381 -0.44099803976806984 -0.25099888431243883 1.7 1.27
0.8774 -0.4565 -0.5892 0.8750941762676353 -0.44789701925525527 -0.18329878015067713 1.7 1.18
0.8866 -0.4613 -0.5186 0.8858163124575923 -0.45330834775008644 -0.09920182681846144 1.7 1.09
0.8898 -0.463 -0.45 0.8898393273181254 -0.4554201277373278 0.027901233122247356 1.7 1
0.6372 -0.4676 -1.1213 0.7308788267470793 -0.5322845799390755 -0.42718762455377246 1.6 1.81
0.6668 -0.4894 -1.0428 0.7343933133793223 -0.5348951298020146 -0.4177961959829532 1.6 1.72
0.6953 -0.5103 -0.9648 0.7401820656058229 -0.5390869380817336 -0.40189026231691466 1.6 1.63
0.7219 -0.5298 -0.8874 0.7482069209460283 -0.5449050403949356 -0.37850350117357884 1.6 1.54
0.7461 -0.5475 -0.8109 0.7582026650870516 -0.5522019409932339 -0.3467012186569254 1.6 1.45
0.7672 -0.563 -0.7356 0.7698228871746586 -0.5607166703544181 -0.3049090650812593 1.6 1.36
0.7847 -0.5759 -0.6616 0.7823854438542244 -0.5698893973063938 -0.2511953265544238 1.6 1.27
0.798 -0.5856 -0.5892 0.7945864285796989 -0.5787901143492696 -0.18339686760825166 1.6 1.18
0.8063 -0.5918 -0.5186 0.8043319245676418 -0.5858232517863042 -0.09930394145165589 1.6 1.09
0.8093 -0.5939 -0.45 0.8080102375545651 -0.5885074564367099 0.027900353499718273 1.6 1
0.559 -0.559 -1.1213 0.6393018316023714 -0.6393018316023714 -0.42730122421976113 1.5 1.81
0.585 -0.585 -1.0428 0.6424013072879904 -0.6424013072879904 -0.4179008504290959 1.5 1.72
0.61 -0.61 -0.9648 0.647462286420192 -0.647462286420192 -0.4019765855458181 1.5 1.63
0.6333 -0.6333 -0.8874 0.6544743254758074 -0.6544743254758074 -0.3785851483959369 1.5 1.54
0.6545 -0.6545 -0.8109 0.6632203213819754 -0.6632203213819754 -0.3468106264403937 1.5 1.45
0.6731 -0.6731 -0.7356 0.6734134279976327 -0.6734134279976327 -0.3050060818819097 1.5 1.36
0.6884 -0.6884 -0.6616 0.6844142325419502 -0.6844142325419502 -0.25130522594651095 1.5 1.27
0.7001 -0.7001 -0.5892 0.695099906161519 -0.695099906161519 -0.183499975227505 1.5 1.18
0.7074 -0.7074 -0.5186 0.7036048267456673 -0.7036048267456673 -0.09940068189101667 1.5 1.09
0.71 -0.71 -0.45 0.7068314935788101 -0.7068314935788101 0.027901243167584616 1.5 1
0.4676 -0.6372 -1.1213 0.5322845799390755 -0.7308788267470793 -0.42718762455377246 1.4 1.81
0.4894 -0.6668 -1.0428 0.5348951298020146 -0.7343933133793223 -0.4177961959829532 1.4 1.72
0.5103 -0.6953 -0.9648 0.5390869380817336 -0.7401820656058229 -0.40189026231691466 1.4 1.63
0.5298 -0.7219 -0.8874 0.5449050403949356 -0.7482069209460283 -0.37850350117357884 1.4 1.54
0.5475 -0.7461 -0.8109 0.5522019409932339 -0.7582026650870516 -0.3467012186569254 1.4 1.45
0.563 -0.7672 -0.7356 0.5607166703544181 -0.7698228871746586 -0.3049090650812593 1.4 1.36
0.5759 -0.7847 -0.6616 0.5698893973063938 -0.7823854438542244 -0.2511953265544238 1.4 1.27
0.5856 -0.798 -0.5892 0.5787901143492696 -0.7945864285796989 -0.18339686760825166 1.4 1.18
0.5918 -0.8063 -0.5186 0.5858232517863042 -0.8043319245676418 -0.09930394145165589 1.4 1.09
0.5939 -0.8093 -0.45 0.5885074564367099 -0.8080102375545651 0.027900353499718273 1.4 1
0.3645 -0.7006 -1.1213 0.411997402364567 -0.8049949245230013 -0.4268973084209555 1.3 1.81
0.3815 -0.7332 -1.0428 0.41389540992535573 -0.8088910294482249 -0.4175953688930384 1.3 1.72
0.3977 -0.7645 -0.9648 0.41718905101703224 -0.8152786032938312 -0.401589460422915 1.3 1.63
0.413 -0.7937 -0.8874 0.4216825869770987 -0.824065970898333 -0.3782843790690928 1.3 1.54
0.4268 -0.8203 -0.8109 0.42729155039313566 -0.8350834863873334 -0.34649314816574184 1.3 1.45
0.4389 -0.8436 -0.7356 0.43389008355545927 -0.8478806219098269 -0.30469303632023154 1.3 1.36
0.4489 -0.8628 -0.6616 0.44099803976806984 -0.8616961697690381 -0.25099888431243883 1.3 1.27
0.4565 -0.8774 -0.5892 0.4478170755906446 -0.875133369471579 -0.18330698962877434 1.3 1.18
0.4613 -0.8866 -0.5186 0.45330834775008644 -0.8858163124575923 -0.09920182681846144 1.3 1.09
0.463 -0.8898 -0.45 0.4554201277373278 -0.8898393273181254 0.027901233122247356 1.3 1
0.2512 -0.7478 -1.1213 0.2807069082820203 -0.8598211604591415 -0.4265104965524818 1.2 1.81
0.2629 -0.7826 -1.0428 0.2819893071682044 -0.8639672389834349 -0.4171841806757975 1.2 1.72
0.2741 -0.816 -0.9648 0.28428854766653117 -0.870764921941665 -0.4011838386345843 1.2 1.63
0.2846 -0.8472 -0.8874 0.2873106723531405 -0.8801326931360911 -0.3779140378776603 1.2 1.54
0.2941 -0.8756 -0.8109 0.29119006185278057 -0.8918695610113152 -0.34608818821170106 1.2 1.45
0.3024 -0.9004 -0.7356 0.2956135837562675 -0.905541610593032 -0.3043139835488235 1.2 1.36
0.3093 -0.9209 -0.6616 0.3003935806577713 -0.9202803338193971 -0.2506946427127272 1.2 1.27
0.3146 -0.9365 -0.5892 0.30508645751271984 -0.9345585158682005 -0.18309187273215013 1.2 1.18
0.3179 -0.9463 -0.5186 0.3088146597798579 -0.9459449050704908 -0.09910470461199454 1.2 1.09
0.319 -0.9498 -0.45 0.31021822740744265 -0.9502558339218312 0.027901639408986625 1.2 1
0.1292 -0.7772 -1.1213 0.14189722806472438 -0.8934825459889445 -0.4260916763804021 1.1 1.81
0.1352 -0.8134 -1.0428 0.1424947755248313 -0.8977670839732881 -0.4167847188684189 1.1 1.72
0.141 -0.8481 -0.9648 0.1437033504826752 -0.904821096149788 -0.40080934497881854 1.1 1.63
0.1464 -0.8805 -0.8874 0.1451940145001258 -0.9145622979463847 -0.37748443852477614 1.1 1.54
0.1513 -0.91 -0.8109 0.14710589980041963 -0.9267371675394211 -0.3457138651325973 1.1 1.45
0.1555 -0.9358 -0.7356 0.14939782104866992 -0.9408862772737183 -0.30399556625699903 1.1 1.36
0.1591 -0.9571 -0.6616 0.15179530656168053 -0.9561704356671867 -0.2503922579910725 1.1 1.27
0.1618 -0.9733 -0.5892 0.15419452233688927 -0.9709655070630315 -0.18289350282371625 1.1 1.18
0.1635 -0.9835 -0.5186 0.15609500113763158 -0.9827685273418598 -0.09899682967729358 1.1 1.09
0.1641 -0.9871 -0.45 0.15680604342137244 -0.9872380488876203 0.027801071473942306 1.1 1
0 -0.7874 -1.1213 0 -0.9048141695008425 -0.42580666818463603 1 1.81
0 -0.824 -1.0428 0 -0.9091295199147753 -0.41651352441371015 1 1.72
0 -0.8591 -0.9648 0 -0.9162605787366316 -0.4005827652972767 1 1.63
0 -0.892 -0.8874 0 -0.9260923597695477 -0.37729688731351946 1 1.54
0 -0.9219 -0.8109 0 -0.9384165115837834 -0.34550607923294663 1 1.45
0 -0.948 -0.7356 0 -0.9527325220797214 -0.30381037074401107 1 1.36
0 -0.9696 -0.6616 0 -0.9681703115125893 -0.2502923249035335 1 1.27
0 -0.986 -0.5892 0 -0.9831517874184884 -0.1827910361473756 1 1.18
0 -0.9964 -0.5186 0 -0.9950875565079084 -0.09899876202822122 1 1.09
0 -1 -0.45 0 -0.9996134948732719 0.027800375307599996 1 1
-0.1292 -0.7772 -1.1213 -0.14189722806472438 -0.8934825459889445 -0.4260916763804021 0.9 1.81
-0.1352 -0.8134 -1.0428 -0.1424947755248313 -0.8977670839732881 -0.4167847188684189 0.9 1.72
-0.141 -0.8481 -0.9648 -0.1437033504826752 -0.904821096149788 -0.40080934497881854 0.9 1.63
-0.1464 -0.8805 -0.8874 -0.1451940145001258 -0.9145622979463847 -0.37748443852477614 0.9 1.54
-0.1513 -0.91 -0.8109 -0.14710589980041963 -0.9267371675394211 -0.3457138651325973 0.9 1.45
-0.1555 -0.9358 -0.7356 -0.14939782104866992 -0.9408862772737183 -0.30399556625699903 0.9 1.36
-0.1591 -0.9571 -0.6616 -0.15179530656168053 -0.9561704356671867 -0.2503922579910725 0.9 1.27
-0.1618 -0.9733 -0.5892 -0.15419452233688927 -0.9709655070630315 -0.18289350282371625 0.9 1.18
-0.1635 -0.9835 -0.5186 -0.15609500113763158 -0.9827685273418598 -0.09899682967729358 0.9 1.09
-0.1641 -0.9871 -0.45 -0.15680604342137244 -0.9872380488876203 0.027801071473942306 0.9 1
-0.2512 -0.7478 -1.1213 -0.2807069082820203 -0.8598211604591415 -0.4265104965524818 0.8 1.81
-0.2629 -0.7826 -1.0428 -0.2819893071682044 -0.8639672389834349 -0.4171841806757975 0.8 1.72
-0.2741 -0.816 -0.9648 -0.28428854766653117 -0.870764921941665 -0.4011838386345843 0.8 1.63
-0.2846 -0.8472 -0.8874 -0.2873106723531405 -0.8801326931360911 -0.3779140378776603 0.8 1.54
-0.2941 -0.8756 -0.8109 -0.29119006185278057 -0.8918695610113152 -0.34608818821170106 0.8 1.45
-0.3024 -0.9004 -0.7356 -0.2956135837562675 -0.905541610593032 -0.3043139835488235 0.8 1.36
-0.3093 -0.9209 -0.6616 -0.3003935806577713 -0.9202803338193971 -0.2506946427127272 0.8 1.27
-0.3146 -0.9365 -0.5892 -0.30508645751271984 -0.9345585158682005 -0.18309187273215013 0.8 1.18
-0.3179 -0.9463 -0.5186 -0.3088146597798579 -0.9459449050704908 -0.09910470461199454 0.8 1.09
-0.319 -0.9498 -0.45 -0.31021822740744265 -0.9502558339218312 0.027901639408986625 0.8 1
-0.3645 -0.7006 -1.1213 -0.411997402364567 -0.8049949245230013 -0.4268973084209555 0.7 1.81
-0.3815 -0.7332 -1.0428 -0.41389540992535573 -0.8088910294482249 -0.4175953688930384 0.7 1.72
-0.3977 -0.7645 -0.9648 -0.41718905101703224 -0.8152786032938312 -0.401589460422915 0.7 1.63
-0.413 -0.7937 -0.8874 -0.4216825869770987 -0.824065970898333 -0.3782843790690928 0.7 1.54
-0.4268 -0.8203 -0.8109 -0.42729155039313566 -0.8350834863873334 -0.34649314816574184 0.7 1.45
-0.4389 -0.8436 -0.7356 -0.43389008355545927 -0.8478806219098269 -0.30469303632023154 0.7 1.36
-0.4489 -0.8628 -0.6616 -0.44099803976806984 -0.8616961697690381 -0.25099888431243883 0.7 1.27
-0.4565 -0.8774 -0.5892 -0.44789701925525527 -0.8750941762676353 -0.18329878015067713 0.7 1.18
-0.4613 -0.8866 -0.5186 -0.45330834775008644 -0.8858163124575923 -0.09920182681846144 0.7 1.09
-0.463 -0.8898 -0.45 -0.4554201277373278 -0.8898393273181254 0.027901233122247356 0.7 1
-0.4676 -0.6372 -1.1213 -0.5322845799390755 -0.7308788267470793 -0.42718762455377246 0.6 1.81
-0.4894 -0.6668 -1.0428 -0.5348951298020146 -0.7343933133793223 -0.4177961959829532 0.6 1.72
-0.5103 -0.6953 -0.9648 -0.5390869380817336 -0.7401820656058229 -0.40189026231691466 0.6 1.63
-0.5298 -0.7219 -0.8874 -0.5449050403949356 -0.7482069209460283 -0.37850350117357884 0.6 1.54
-0.5475 -0.7461 -0.8109 -0.5522019409932339 -0.7582026650870516 -0.3467012186569254 0.6 1.45
-0.563 -0.7672 -0.7356 -0.5607166703544181 -0.7698228871746586 -0.3049090650812593 0.6 1.36
-0.5759 -0.7847 -0.6616 -0.5698893973063938 -0.7823854438542244 -0.2511953265544238 0.6 1.27
-0.5856 -0.798 -0.5892 -0.5787901143492696 -0.7945864285796989 -0.18339686760825166 0.6 1.18
-0.5918 -0.8063 -0.5186 -0.5858232517863042 -0.8043319245676418 -0.09930394145165589 0.6 1.09
-0.5939 -0.8093 -0.45 -0.5885074564367099 -0.8080102375545651 0.027900353499718273 0.6 1
-0.559 -0.559 -1.1213 -0.6393018316023714 -0.6393018316023714 -0.42730122421976113 0.5 1.81
-0.585 -0.585 -1.0428 -0.6424013072879904 -0.6424013072879904 -0.4179008504290959 0.5 1.72
-0.61 -0.61 -0.9648 -0.647462286420192 -0.647462286420192 -0.4019765855458181 0.5 1.63
-0.6333 -0.6333 -0.8874 -0.6544743254758074 -0.6544743254758074 -0.3785851483959369 0.5 1.54
-0.6545 -0.6545 -0.8109 -0.6632203213819754 -0.6632203213819754 -0.3468106264403937 0.5 1.45
-0.6731 -0.6731 -0.7356 -0.6734134279976327 -0.6734134279976327 -0.3050060818819097 0.5 1.36
-0.6884 -0.6884 -0.6616 -0.6844142325419502 -0.6844142325419502 -0.25130522594651095 0.5 1.27
-0.7001 -0.7001 -0.5892 -0.695099906161519 -0.695099906161519 -0.183499975227505 0.5 1.18
-0.7074 -0.7074 -0.5186 -0.7036048267456673 -0.7036048267456673 -0.09940068189101667 0.5 1.09
-0.71 -0.71 -0.45 -0.7068314935788101 -0.7068314935788101 0.027901243167584616 0.5 1
-0.6372 -0.4676 -1.1213 -0.7308788267470793 -0.5322845799390755 -0.42718762455377246 0.4 1.81
-0.6668 -0.4894 -1.0428 -0.7343933133793223 -0.5348951298020146 -0.4177961959829532 0.4 1.72
-0.6953 -0.5103 -0.9648 -0.7401820656058229 -0.5390869380817336 -0.40189026231691466 0.4 1.63
-0.7219 -0.5298 -0.8874 -0.7482069209460283 -0.5449050403949356 -0.37850350117357884 0.4 1.54
-0.7461 -0.5475 -0.8109 -0.7582026650870516 -0.5522019409932339 -0.3467012186569254 0.4 1.45
-0.7672 -0.563 -0.7356 -0.7698228871746586 -0.5607166703544181 -0.3049090650812593 0.4 1.36
-0.7847 -0.5759 -0.6616 -0.7823854438542244 -0.5698893973063938 -0.2511953265544238 0.4 1.27
-0.798 -0.5856 -0.5892 -0.7945864285796989 -0.5787901143492696 -0.18339686760825166 0.4 1.18
-0.8063 -0.5918 -0.5186 -0.8043319245676418 -0.5858232517863042 -0.09930394145165589 0.4 1.09
-0.8093 -0.5939 -0.45 -0.8080102375545651 -0.5885074564367099 0.027900353499718273 0.4 1
-0.7006 -0.3645 -1.1213 -0.8049949245230013 -0.411997402364567 -0.4268973084209555 0.3 1.81
-0.7332 -0.3815 -1.0428 -0.8088910294482249 -0.41389540992535573 -0.4175953688930384 0.3 1.72
-0.7645 -0.3977 -0.9648 -0.8152786032938312 -0.41718905101703224 -0.401589460422915 0.3 1.63
-0.7937 -0.413 -0.8874 -0.824065970898333 -0.4216825869770987 -0.3782843790690928 0.3 1.54
-0.8203 -0.4268 -0.8109 -0.8350834863873334 -0.42729155039313566 -0.34649314816574184 0.3 1.45
-0.8436 -0.4389 -0.7356 -0.8478806219098269 -0.43389008355545927 -0.30469303632023154 0.3 1.36
-0.8628 -0.4489 -0.6616 -0.8616961697690381 -0.44099803976806984 -0.25099888431243883 0.3 1.27
-0.8774 -0.4565 -0.5892 -0.875133369471579 -0.4478170755906446 -0.18330698962877434 0.3 1.18
-0.8866 -0.4613 -0.5186 -0.8858163124575923 -0.45330834775008644 -0.09920182681846144 0.3 1.09
-0.8898 -0.463 -0.45 -0.8898393273181254 -0.4554201277373278 0.027901233122247356 0.3 1
-0.7478 -0.2512 -1.1213 -0.8598211604591415 -0.2807069082820203 -0.4265104965524818 0.2 1.81
-0.7826 -0.2629 -1.0428 -0.8639672389834349 -0.2819893071682044 -0.4171841806757975 0.2 1.72
-0.816 -0.2741 -0.9648 -0.870764921941665 -0.28428854766653117 -0.4011838386345843 0.2 1.63
-0.8472 -0.2846 -0.8874 -0.8801326931360911 -0.2873106723531405 -0.3779140378776603 0.2 1.54
-0.8756 -0.2941 -0.8109 -0.8918695610113152 -0.29119006185278057 -0.34608818821170106 0.2 1.45
-0.9004 -0.3024 -0.7356 -0.905541610593032 -0.2956135837562675 -0.3043139835488235 0.2 1.36
-0.9209 -0.3093 -0.6616 -0.9202803338193971 -0.3003935806577713 -0.2506946427127272 0.2 1.27
-0.9365 -0.3146 -0.5892 -0.9345585158682005 -0.30508645751271984 -0.18309187273215013 0.2 1.18
-0.9463 -0.3179 -0.5186 -0.9459449050704908 -0.3088146597798579 -0.09910470461199454 0.2 1.09
-0.9498 -0.319 -0.45 -0.9502558339218312 -0.31021822740744265 0.027901639408986625 0.2 1
-0.7772 -0.1292 -1.1213 -0.8934825459889445 -0.14189722806472438 -0.4260916763804021 0.1 1.81
-0.8134 -0.1352 -1.0428 -0.8977670839732881 -0.1424947755248313 -0.4167847188684189 0.1 1.72
-0.8481 -0.141 -0.9648 -0.904821096149788 -0.1437033504826752 -0.40080934497881854 0.1 1.63
-0.8805 -0.1464 -0.8874 -0.9145622979463847 -0.1451940145001258 -0.37748443852477614 0.1 1.54
-0.91 -0.1513 -0.8109 -0.9267371675394211 -0.14710589980041963 -0.3457138651325973 0.1 1.45
-0.9358 -0.1555 -0.7356 -0.9408862772737183 -0.14939782104866992 -0.30399556625699903 0.1 1.36
-0.9571 -0.1591 -0.6616 -0.9561704356671867 -0.15179530656168053 -0.2503922579910725 0.1 1.27
-0.9733 -0.1618 -0.5892 -0.9709655070630315 -0.15419452233688927 -0.18289350282371625 0.1 1.18
-0.9835 -0.1635 -0.5186 -0.9827685273418598 -0.15609500113763158 -0.09899682967729358 0.1 1.09
-0.9871 -0.1641 -0.45 -0.9872380488876203 -0.15680604342137244 0.027801071473942306 0.1 1
-0.993 0 -0.3858 -0.977507302006819 0 0.21090157544065283 1 0.94
-0.974 0 -0.3282 -0.9182946279921393 0 0.3958976840053228 1 0.88
-0.946 0 -0.2769 -0.8419897909356769 0 0.53949345868147 1 0.82
-0.912 0 -0.2316 -0.7666122773939344 0 0.6421102834785355 1 0.76
-0.875 0 -0.1922 -0.7031960480493149 0 0.7109960042136844 1 0.7
-0.838 0 -0.1584 -0.6583842483452852 0 0.7526819922987488 1 0.64
-0.804 0 -0.13 -0.6396038856054076 0 0.7687046698950545 1 0.58
-0.776 0 -0.1068 -0.6650215337458997 0 0.7468241825585532 1 0.52
-0.757 0 -0.0885 -0.7984131859026488 0 0.6021099439278367 1 0.46
-0.75 0 -0.075 -0.9495199686149121 0 0.3137065973191131 1 0.4
-0.9802 0.1629 -0.3858 -0.9653908046963776 0.153298539838362 0.21099799025371418 1.9 0.94
-0.9615 0.1598 -0.3282 -0.906837430487431 0.14400594396800845 0.3961163500397788 1.9 0.88
-0.9338 0.1552 -0.2769 -0.8314307427200787 0.13200488097071253 0.539719956514345 1.9 0.82
-0.9003 0.1496 -0.2316 -0.7568911406410479 0.12019859308370189 0.6423924808400173 1.9 0.76
-0.8637 0.1436 -0.1922 -0.6942993161155105 0.11019989145316039 0.7111992994690352 1.9 0.7
-0.8272 0.1375 -0.1584 -0.6499971887682379 0.10319955366289561 0.7528967437286251 1.9 0.64
-0.7936 0.1319 -0.13 -0.6314875282444744 0.10019802110862444 0.7688848146748637 1.9 0.58
-0.766 0.1273 -0.1068 -0.6566032173636476 0.10420051058375278 0.7470036603269034 1.9 0.52
-0.7472 0.1242 -0.0885 -0.7883565115125305 0.1250930994294997 0.6023667713535622 1.9 0.46
-0.7403 0.1231 -0.075 -0.9377206582136531 0.14880327817232758 0.31390691544552174 1.9 0.4
-0.9431 0.3168 -0.3858 -0.9291676469457902 0.303389436163746 0.2111926464000763 1.8 0.94
-0.9251 0.3107 -0.3282 -0.872706305325834 0.2849020584248082 0.39650286474354673 1.8 0.88
-0.8985 0.3018 -0.2769 -0.7999834085161592 0.26119458288052594 0.5401887966005364 1.8 0.82
-0.8662 0.291 -0.2316 -0.728211516756207 0.23770375931468057 0.6428101661231665 1.8 0.76
-0.831 0.2792 -0.1922 -0.6678007579542904 0.21800024743042126 0.7117008077808753 1.8 0.7
-0.7959 0.2674 -0.1584 -0.6252022694883573 0.20410074088703414 0.7533027344938893 1.8 0.64
-0.7636 0.2565 -0.13 -0.607375662944769 0.19829205459655527 0.769269176001664 1.8 0.58
-0.737 0.2476 -0.1068 -0.6315390871636942 0.2061127567132817 0.7474462608806731 1.8 0.52
-0.719 0.2415 -0.0885 -0.7585015738923987 0.24760051377159908 0.6028012508138931 1.8 0.46
-0.7123 0.2393 -0.075 -0.9024923062858832 0.2945974885671149 0.3141973214792515 1.8 0.4
-0.8836 0.4597 -0.3858 -0.8700572159883299 0.4452781039875914 0.21148960025460492 1.7 0.94
-0.8667 0.4509 -0.3282 -0.8171042366964509 0.4181021678653606 0.3969020579425056 1.7 0.88
-0.8418 0.438 -0.2769 -0.7489217901964833 0.3832111496906027 0.5406157294434756 1.7 0.82
-0.8115 0.4222 -0.2316 -0.6815744789214462 0.34878693991754756 0.6432759129843989 1.7 0.76
-0.7786 0.4051 -0.1922 -0.6250051719391968 0.31980264637784817 0.7121058927006432 1.7 0.7
-0.7457 0.388 -0.1584 -0.5850865256124709 0.29939310505618494 0.7536826428885992 1.7 0.64
-0.7154 0.3722 -0.13 -0.5683768987904135 0.2907881811545606 0.769668717450706 1.7 0.58
-0.6905 0.3593 -0.1068 -0.591020213236945 0.302410342610579 0.74782557607206 1.7 0.52
-0.6736 0.3505 -0.0885 -0.7100223199024446 0.36331142087402557 0.6032189624861332 1.7 0.46
-0.6674 0.3472 -0.075 -0.8450687245852438 0.4323839977643586 0.31448836100113503 1.7 0.4
-0.8036 0.5898 -0.3858 -0.7900159110806753 0.575411588906102 0.21160426175274796 1.6 0.94
-0.7882 0.5785 -0.3282 -0.7418151443107582 0.5403110305622845 0.3972081090863213 1.6 0.88
-0.7656 0.5618 -0.2769 -0.6798258712658058 0.49521884591177856 0.5409205851245579 1.6 0.82
-0.7381 0.5417 -0.2316 -0.6186842206601756 0.4505885078866577 0.6435835856099709 1.6 0.76
-0.7081 0.5197 -0.1922 -0.5673184892108499 0.41321346684633037 0.712323214991871 1.6 0.7
-0.6782 0.4977 -0.1584 -0.5310158112311726 0.3868115174844021 0.7539224483751054 1.6 0.64
-0.6507 0.4775 -0.13 -0.5158138910551318 0.3757101180097188 0.7699207342445636 1.6 0.58
-0.628 0.4609 -0.1068 -0.5363932790343202 0.3906951046210084 0.7480906264831748 1.6 0.52
-0.6126 0.4496 -0.0885 -0.6444926689375859 0.46949465952862157 0.6034931353046287 1.6 0.46
-0.607 0.4454 -0.075 -0.7672835726345629 0.5587880364762071 0.31469326248937435 1.6 0.4
-0.705 0.705 -0.3858 -0.6910808884222924 0.6910808884222924 0.21169414567935074 1.5 0.94
-0.6915 0.6915 -0.3282 -0.6489033386162659 0.6489033386162659 0.39730204412427556 1.5 0.88
-0.6717 0.6717 -0.2769 -0.5946948915928219 0.5946948915928219 0.5409953528698783 1.5 0.82
-0.6475 0.6475 -0.2316 -0.5411194508882495 0.5411194508882495 0.6437231390441068 1.5 0.76
-0.6213 0.6213 -0.1922 -0.4962142316282475 0.4962142316282475 0.7124204325110108 1.5 0.7
-0.595 0.595 -0.1584 -0.46449152310705427 0.46449152310705427 0.7539862398766822 1.5 0.64
-0.5708 0.5708 -0.13 -0.4511858149409639 0.4511858149409639 0.7699757923416272 1.5 0.58
-0.551 0.551 -0.1068 -0.46917641978569746 0.46917641978569746 0.7481623983027682 1.5 0.52
-0.5375 0.5375 -0.0885 -0.5637791856566912 0.5637791856566912 0.6035777163220625 1.5 0.46
-0.5325 0.5325 -0.075 -0.6711604295475764 0.6711604295475764 0.3147814410333389 1.5 0.4
-0.5898 0.8036 -0.3858 -0.575411588906102 0.7900159110806753 0.21160426175274796 1.4 0.94
-0.5785 0.7882 -0.3282 -0.5403110305622845 0.7418151443107582 0.3972081090863213 1.4 0.88
-0.5618 0.7656 -0.2769 -0.49521884591177856 0.6798258712658058 0.5409205851245579 1.4 0.82
-0.5417 0.7381 -0.2316 -0.4505885078866577 0.6186842206601756 0.6435835856099709 1.4 0.76
-0.5197 0.7081 -0.1922 -0.41321346684633037 0.5673184892108499 0.712323214991871 1.4 0.7
-0.4977 0.6782 -0.1584 -0.3868115174844021 0.5310158112311726 0.7539224483751054 1.4 0.64
-0.4775 0.6507 -0.13 -0.3757101180097188 0.5158138910551318 0.7699207342445636 1.4 0.58
-0.4609 0.628 -0.1068 -0.3906951046210084 0.5363932790343202 0.7480906264831748 1.4 0.52
-0.4496 0.6126 -0.0885 -0.46949465952862157 0.6444926689375859 0.6034931353046287 1.4 0.46
-0.4454 0.607 -0.075 -0.5587880364762071 0.7672835726345629 0.31469326248937435 1.4 0.4
-0.4597 0.8836 -0.3858 -0.4452781039875914 0.8700572159883299 0.21148960025460492 1.3 0.94
-0.4509 0.8667 -0.3282 -0.4181021678653606 0.8171042366964509 0.3969020579425056 1.3 0.88
-0.438 0.8418 -0.2769 -0.3832111496906027 0.7489217901964833 0.5406157294434756 1.3 0.82
-0.4222 0.8115 -0.2316 -0.34878693991754756 0.6815744789214462 0.6432759129843989 1.3 0.76
-0.4051 0.7786 -0.1922 -0.31980264637784817 0.6250051719391968 0.7121058927006432 1.3 0.7
-0.388 0.7457 -0.1584 -0.29939310505618494 0.5850865256124709 0.7536826428885992 1.3 0.64
-0.3722 0.7154 -0.13 -0.2907881811545606 0.5683768987904135 0.769668717450706 1.3 0.58
-0.3593 0.6905 -0.1068 -0.302410342610579 0.591020213236945 0.74782557607206 1.3 0.52
-0.3505 0.6736 -0.0885 -0.36331142087402557 0.7100223199024446 0.6032189624861332 1.3 0.46
-0.3472 0.6674 -0.075 -0.4323839977643586 0.8450687245852438 0.31448836100113503 1.3 0.4
-0.3168 0.9431 -0.3858 -0.303389436163746 0.9291676469457902 0.2111926464000763 1.2 0.94
-0.3107 0.9251 -0.3282 -0.2849020584248082 0.872706305325834 0.39650286474354673 1.2 0.88
-0.3018 0.8985 -0.2769 -0.26119458288052594 0.7999834085161592 0.5401887966005364 1.2 0.82
-0.291 0.8662 -0.2316 -0.23770375931468057 0.728211516756207 0.6428101661231665 1.2 0.76
-0.2792 0.831 -0.1922 -0.21800024743042126 0.6678007579542904 0.7117008077808753 1.2 0.7
-0.2674 0.7959 -0.1584 -0.20410074088703414 0.6252022694883573 0.7533027344938893 1.2 0.64
-0.2565 0.7636 -0.13 -0.19829205459655527 0.607375662944769 0.769269176001664 1.2 0.58
-0.2476 0.737 -0.1068 -0.2061127567132817 0.6315390871636942 0.7474462608806731 1.2 0.52
-0.2415 0.719 -0.0885 -0.24760051377159908 0.7585015738923987 0.6028012508138931 1.2 0.46
-0.2393 0.7123 -0.075 -0.2945974885671149 0.9024923062858832 0.3141973214792515 1.2 0.4
-0.1629 0.9802 -0.3858 -0.153298539838362 0.9653908046963776 0.21099799025371418 1.1 0.94
-0.1598 0.9615 -0.3282 -0.14400594396800845 0.906837430487431 0.3961163500397788 1.1 0.88
-0.1552 0.9338 -0.2769 -0.13200488097071253 0.8314307427200787 0.539719956514345 1.1 0.82
-0.1496 0.9003 -0.2316 -0.12019859308370189 0.7568911406410479 0.6423924808400173 1.1 0.76
-0.1436 0.8637 -0.1922 -0.11019989145316039 0.6942993161155105 0.7111992994690352 1.1 0.7
-0.1375 0.8272 -0.1584 -0.10319955366289561 0.6499971887682379 0.7528967437286251 1.1 0.64
-0.1319 0.7936 -0.13 -0.10019802110862444 0.6314875282444744 0.7688848146748637 1.1 0.58
-0.1273 0.766 -0.1068 -0.10420051058375278 0.6566032173636476 0.7470036603269034 1.1 0.52
-0.1242 0.7472 -0.0885 -0.1250930994294997 0.7883565115125305 0.6023667713535622 1.1 0.46
-0.1231 0.7403 -0.075 -0.14880327817232758 0.9377206582136531 0.31390691544552174 1.1 0.4
0 0.993 -0.3858 0 0.977507302006819 0.21090157544065283 1 0.94
0 0.974 -0.3282 0 0.9182946279921393 0.3958976840053228 1 0.88
0 0.946 -0.2769 0 0.8419897909356769 0.53949345868147 1 0.82
0 0.912 -0.2316 0 0.7666122773939344 0.6421102834785355 1 0.76
0 0.875 -0.1922 0 0.7031960480493149 0.7109960042136844 1 0.7
0 0.838 -0.1584 0 0.6583842483452852 0.7526819922987488 1 0.64
0 0.804 -0.13 0 0.6396038856054076 0.7687046698950545 1 0.58
0 0.776 -0.1068 0 0.6650215337458997 0.7468241825585532 1 0.52
0 0.757 -0.0885 0 0.7984131859026488 0.6021099439278367 1 0.46
0 0.75 -0.075 0 0.9495199686149121 0.3137065973191131 1 0.4
0.1629 0.9802 -0.3858 0.153298539838362 0.9653908046963776 0.21099799025371418 0.9 0.94
0.1598 0.9615 -0.3282 0.14400594396800845 0.906837430487431 0.3961163500397788 0.9 0.88
0.1552 0.9338 -0.2769 0.13200488097071253 0.8314307427200787 0.539719956514345 0.9 0.82
0.1496 0.9003 -0.2316 0.12019859308370189 0.7568911406410479 0.6423924808400173 0.9 0.76
0.1436 0.8637 -0.1922 0.11019989145316039 0.6942993161155105 0.7111992994690352 0.9 0.7
0.1375 0.8272 -0.1584 0.10319955366289561 0.6499971887682379 0.7528967437286251 0.9 0.64
0.1319 0.7936 -0.13 0.10019802110862444 0.6314875282444744 0.7688848146748637 0.9 0.58
0.1273 0.766 -0.1068 0.10420051058375278 0.6566032173636476 0.7470036603269034 0.9 0.52
0.1242 0.7472 -0.0885 0.1250930994294997 0.7883565115125305 0.6023667713535622 0.9 0.46
0.1231 0.7403 -0.075 0.14880327817232758 0.9377206582136531 0.31390691544552174 0.9 0.4
0.3168 0.9431 -0.3858 0.303389436163746 0.9291676469457902 0.2111926464000763 0.8 0.94
0.3107 0.9251 -0.3282 0.2849020584248082 0.872706305325834 0.39650286474354673 0.8 0.88
0.3018 0.8985 -0.2769 0.26119458288052594 0.7999834085161592 0.5401887966005364 0.8 0.82
0.291 0.8662 -0.2316 0.23770375931468057 0.728211516756207 0.6428101661231665 0.8 0.76
0.2792 0.831 -0.1922 0.21800024743042126 0.6678007579542904 0.7117008077808753 0.8 0.7
0.2674 0.7959 -0.1584 0.20410074088703414 0.6252022694883573 0.7533027344938893 0.8 0.64
0.2565 0.7636 -0.13 0.19829205459655527 0.607375662944769 0.769269176001664 0.8 0.58
0.2476 0.737 -0.1068 0.2061127567132817 0.6315390871636942 0.7474462608806731 0.8 0.52
0.2415 0.719 -0.0885 0.24760051377159908 0.7585015738923987 0.6028012508138931 0.8 0.46
0.2393 0.7123 -0.075 0.2945974885671149 0.9024923062858832 0.3141973214792515 0.8 0.4
0.4597 0.8836 -0.3858 0.4452781039875914 0.8700572159883299 0.21148960025460492 0.7 0.94
0.4509 0.8667 -0.3282 0.4181021678653606 0.8171042366964509 0.3969020579425056 0.7 0.88
0.438 0.8418 -0.2769 0.3832111496906027 0.7489217901964833 0.5406157294434756 0.7 0.82
0.4222 0.8115 -0.2316 0.34878693991754756 0.6815744789214462 0.6432759129843989 0.7 0.76
0.4051 0.7786 -0.1922 0.31980264637784817 0.6250051719391968 0.7121058927006432 0.7 0.7
0.388 0.7457 -0.1584 0.29939310505618494 0.5850865256124709 0.7536826428885992 0.7 0.64
0.3722 0.7154 -0.13 0.2907881811545606 0.5683768987904135 0.769668717450706 0.7 0.58
0.3593 0.6905 -0.1068 0.302410342610579 0.591020213236945 0.74782557607206 0.7 0.52
0.3505 0.6736 -0.0885 0.36331142087402557 0.7100223199024446 0.6032189624861332 0.7 0.46
0.3472 0.6674 -0.075 0.4323839977643586 0.8450687245852438 0.31448836100113503 0.7 0.4
0.5898 0.8036 -0.3858 0.575411588906102 0.7900159110806753 0.21160426175274796 0.6 0.94
0.5785 0.7882 -0.3282 0.5403110305622845 0.7418151443107582 0.3972081090863213 0.6 0.88
0.5618 0.7656 -0.2769 0.49521884591177856 0.6798258712658058 0.5409205851245579 0.6 0.82
0.5417 0.7381 -0.2316 0.4505885078866577 0.6186842206601756 0.6435835856099709 0.6 0.76
0.5197 0.7081 -0.1922 0.41321346684633037 0.5673184892108499 0.712323214991871 0.6 0.7
0.4977 0.6782 -0.1584 0.3868115174844021 0.5310158112311726 0.7539224483751054 0.6 0.64
0.4775 0.6507 -0.13 0.3757101180097188 0.5158138910551318 0.7699207342445636 0.6 0.58
0.4609 0.628 -0.1068 0.3906951046210084 0.5363932790343202 0.7480906264831748 0.6 0.52
0.4496 0.6126 -0.0885 0.46949465952862157 0.6444926689375859 0.6034931353046287 0.6 0.46
0.4454 0.607 -0.075 0.5587880364762071 0.7672835726345629 0.31469326248937435 0.6 0.4
0.705 0.705 -0.3858 0.6910808884222924 0.6910808884222924 0.21169414567935074 0.5 0.94
0.6915 0.6915 -0.3282 0.6489033386162659 0.6489033386162659 0.39730204412427556 0.5 0.88
0.6717 0.6717 -0.2769 0.5946948915928219 0.5946948915928219 0.5409953528698783 0.5 0.82
0.6475 0.6475 -0.2316 0.5411194508882495 0.5411194508882495 0.6437231390441068 0.5 0.76
0.6213 0.6213 -0.1922 0.4962142316282475 0.4962142316282475 0.7124204325110108 0.5 0.7
0.595 0.595 -0.1584 0.46449152310705427 0.46449152310705427 0.7539862398766822 0.5 0.64
0.5708 0.5708 -0.13 0.4511858149409639 0.4511858149409639 0.7699757923416272 0.5 0.58
0.551 0.551 -0.1068 0.46917641978569746 0.46917641978569746 0.7481623983027682 0.5 0.52
0.5375 0.5375 -0.0885 0.5637791856566912 0.5637791856566912 0.6035777163220625 0.5 0.46
0.5325 0.5325 -0.075 0.6711604295475764 0.6711604295475764 0.3147814410333389 0.5 0.4
0.8036 0.5898 -0.3858 0.7900159110806753 0.575411588906102 0.21160426175274796 0.4 0.94
0.7882 0.5785 -0.3282 0.7418151443107582 0.5403110305622845 0.3972081090863213 0.4 0.88
0.7656 0.5618 -0.2769 0.6798258712658058 0.49521884591177856 0.5409205851245579 0.4 0.82
0.7381 0.5417 -0.2316 0.6186842206601756 0.4505885078866577 0.6435835856099709 0.4 0.76
0.7081 0.5197 -0.1922 0.5673184892108499 0.41321346684633037 0.712323214991871 0.4 0.7
0.6782 0.4977 -0.1584 0.5310158112311726 0.3868115174844021 0.7539224483751054 0.4 0.64
0.6507 0.4775 -0.13 0.5158138910551318 0.3757101180097188 0.7699207342445636 0.4 0.58
0.628 0.4609 -0.1068 0.5363932790343202 0.3906951046210084 0.7480906264831748 0.4 0.52
0.6126 0.4496 -0.0885 0.6444926689375859 0.46949465952862157 0.6034931353046287 0.4 0.46
0.607 0.4454 -0.075 0.7672835726345629 0.5587880364762071 0.31469326248937435 0.4 0.4
0.8836 0.4597 -0.3858 0.8700572159883299 0.4452781039875914 0.21148960025460492 0.3 0.94
0.8667 0.4509 -0.3282 0.8171042366964509 0.4181021678653606 0.3969020579425056 0.3 0.88
0.8418 0.438 -0.2769 0.7489217901964833 0.3832111496906027 0.5406157294434756 0.3 0.82
0.8115 0.4222 -0.2316 0.6815744789214462 0.34878693991754756 0.6432759129843989 0.3 0.76
0.7786 0.4051 -0.1922 0.6250051719391968 0.31980264637784817 0.7121058927006432 0.3 0.7
0.7457 0.388 -0.1584 0.5850865256124709 0.29939310505618494 0.7536826428885992 0.3 0.64
0.7154 0.3722 -0.13 0.5683768987904135 0.2907881811545606 0.769668717450706 0.3 0.58
0.6905 0.3593 -0.1068 0.591020213236945 0.302410342610579 0.74782557607206 0.3 0.52
0.6736 0.3505 -0.0885 0.7100223199024446 0.36331142087402557 0.6032189624861332 0.3 0.46
0.6674 0.3472 -0.075 0.8450687245852438 0.4323839977643586 0.31448836100113503 0.3 0.4
0.9431 0.3168 -0.3858 0.9291676469457902 0.303389436163746 0.2111926464000763 0.2 0.94
0.9251 0.3107 -0.3282 0.872706305325834 0.2849020584248082 0.39650286474354673 0.2 0.88
0.8985 0.3018 -0.2769 0.7999834085161592 0.26119458288052594 0.5401887966005364 0.2 0.82
0.8662 0.291 -0.2316 0.728211516756207 0.23770375931468057 0.6428101661231665 0.2 0.76
0.831 0.2792 -0.1922 0.6678007579542904 0.21800024743042126 0.7117008077808753 0.2 0.7
0.7959 0.2674 -0.1584 0.6252022694883573 0.20410074088703414 0.7533027344938893 0.2 0.64
0.7636 0.2565 -0.13 0.607375662944769 0.19829205459655527 0.769269176001664 0.2 0.58
0.737 0.2476 -0.1068 0.6315390871636942 0.2061127567132817 0.7474462608806731 0.2 0.52
0.719 0.2415 -0.0885 0.7585015738923987 0.24760051377159908 0.6028012508138931 0.2 0.46
0.7123 0.2393 -0.075 0.9024923062858832 0.2945974885671149 0.3141973214792515 0.2 0.4
0.9802 0.1629 -0.3858 0.9653908046963776 0.153298539838362 0.21099799025371418 0.1 0.94
0.9615 0.1598 -0.3282 0.906837430487431 0.14400594396800845 0.3961163500397788 0.1 0.88
0.9338 0.1552 -0.2769 0.8314307427200787 0.13200488097071253 0.539719956514345 0.1 0.82
0.9003 0.1496 -0.2316 0.7568911406410479 0.12019859308370189 0.6423924808400173 0.1 0.76
0.8637 0.1436 -0.1922 0.6942993161155105 0.11019989145316039 0.7111992994690352 0.1 0.7
0.8272 0.1375 -0.1584 0.6499971887682379 0.10319955366289561 0.7528967437286251 0.1 0.64
0.7936 0.1319 -0.13 0.6314875282444744 0.10019802110862444 0.7688848146748637 0.1 0.58
0.766 0.1273 -0.1068 0.6566032173636476 0.10420051058375278 0.7470036603269034 0.1 0.52
0.7472 0.1242 -0.0885 0.7883565115125305 0.1250930994294997 0.6023667713535622 0.1 0.46
0.7403 0.1231 -0.075 0.9377206582136531 0.14880327817232758 0.31390691544552174 0.1 0.4
0.993 0 -0.3858 0.977507302006819 0 0.21090157544065283 1 0.94
0.974 0 -0.3282 0.9182946279921393 0 0.3958976840053228 1 0.88
0.946 0 -0.2769 0.8419897909356769 0 0.53949345868147 1 0.82
0.912 0 -0.2316 0.7666122773939344 0 0.6421102834785355 1 0.76
0.875 0 -0.1922 0.7031960480493149 0 0.7109960042136844 1 0.7
0.838 0 -0.1584 0.6583842483452852 0 0.7526819922987488 1 0.64
0.804 0 -0.13 0.6396038856054076 0 0.7687046698950545 1 0.58
0.776 0 -0.1068 0.6650215337458997 0 0.7468241825585532 1 0.52
0.757 0 -0.0885 0.7984131859026488 0 0.6021099439278367 1 0.46
0.75 0 -0.075 0.9495199686149121 0 0.3137065973191131 1 0.4
0.9802 -0.1629 -0.3858 0.9653908046963776 -0.153298539838362 0.21099799025371418 1.9 0.94
0.9615 -0.1598 -0.3282 0.906837430487431 -0.14400594396800845 0.3961163500397788 1.9 0.88
0.9338 -0.1552 -0.2769 0.8314307427200787 -0.13200488097071253 0.539719956514345 1.9 0.82
0.9003 -0.1496 -0.2316 0.7568911406410479 -0.12019859308370189 0.6423924808400173 1.9 0.76
0.8637 -0.1436 -0.1922 0.6942993161155105 -0.11019989145316039 0.7111992994690352 1.9 0.7
0.8272 -0.1375 -0.1584 0.6499971887682379 -0.10319955366289561 0.7528967437286251 1.9 0.64
0.7936 -0.1319 -0.13 0.6314875282444744 -0.10019802110862444 0.7688848146748637 1.9 0.58
0.766 -0.1273 -0.1068 0.6566032173636476 -0.10420051058375278 0.7470036603269034 1.9 0.52
0.7472 -0.1242 -0.0885 0.7883565115125305 -0.1250930994294997 0.6023667713535622 1.9 0.46
0.7403 -0.1231 -0.075 0.9377206582136531 -0.14880327817232758 0.31390691544552174 1.9 0.4
0.9431 -0.3168 -0.3858 0.9291676469457902 -0.303389436163746 0.2111926464000763 1.8 0.94
0.9251 -0.3107 -0.3282 0.872706305325834 -0.2849020584248082 0.39650286474354673 1.8 0.88
0.8985 -0.3018 -0.2769 0.7999834085161592 -0.26119458288052594 0.5401887966005364 1.8 0.82
0.8662 -0.291 -0.2316 0.728211516756207 -0.23770375931468057 0.6428101661231665 1.8 0.76
0.831 -0.2792 -0.1922 0.6678007579542904 -0.21800024743042126 0.7117008077808753 1.8 0.7
0.7959 -0.2674 -0.1584 0.6252022694883573 -0.20410074088703414 0.7533027344938893 1.8 0.64
0.7636 -0.2565 -0.13 0.607375662944769 -0.19829205459655527 0.769269176001664 1.8 0.58
0.737 -0.2476 -0.1068 0.6315390871636942 -0.2061127567132817 0.7474462608806731 1.8 0.52
0.719 -0.2415 -0.0885 0.7585015738923987 -0.24760051377159908 0.6028012508138931 1.8 0.46
0.7123 -0.2393 -0.075 0.9024923062858832 -0.2945974885671149 0.3141973214792515 1.8 0.4
0.8836 -0.4597 -0.3858 0.8700572159883299 -0.4452781039875914 0.21148960025460492 1.7 0.94
0.8667 -0.4509 -0.3282 0.8171042366964509 -0.4181021678653606 0.3969020579425056 1.7 0.88
0.8418 -0.438 -0.2769 0.7489217901964833 -0.3832111496906027 0.5406157294434756 1.7 0.82
0.8115 -0.4222 -0.2316 0.6815744789214462 -0.34878693991754756 0.6432759129843989 1.7 0.76
0.7786 -0.4051 -0.1922 0.6250051719391968 -0.31980264637784817 0.7121058927006432 1.7 0.7
0.7457 -0.388 -0.1584 0.5850865256124709 -0.29939310505618494 0.7536826428885992 1.7 0.64
0.7154 -0.3722 -0.13 0.5683768987904135 -0.2907881811545606 0.769668717450706 1.7 0.58
0.6905 -0.3593 -0.1068 0.591020213236945 -0.302410342610579 0.74782557607206 1.7 0.52
0.6736 -0.3505 -0.0885 0.7100223199024446 -0.36331142087402557 0.6032189624861332 1.7 0.46
0.6674 -0.3472 -0.075 0.8450687245852438 -0.4323839977643586 0.31448836100113503 1.7 0.4
0.8036 -0.5898 -0.3858 0.7900159110806753 -0.575411588906102 0.21160426175274796 1.6 0.94
0.7882 -0.5785 -0.3282 0.7418151443107582 -0.5403110305622845 0.3972081090863213 1.6 0.88
0.7656 -0.5618 -0.2769 0.6798258712658058 -0.49521884591177856 0.5409205851245579 1.6 0.82
0.7381 -0.5417 -0.2316 0.6186842206601756 -0.4505885078866577 0.6435835856099709 1.6 0.76
0.7081 -0.5197 -0.1922 0.5673184892108499 -0.41321346684633037 0.712323214991871 1.6 0.7
0.6782 -0.4977 -0.1584 0.5310158112311726 -0.3868115174844021 0.7539224483751054 1.6 0.64
0.6507 -0.4775 -0.13 0.5158138910551318 -0.3757101180097188 0.7699207342445636 1.6 0.58
0.628 -0.4609 -0.1068 0.5363932790343202 -0.3906951046210084 0.7480906264831748 1.6 0.52
0.6126 -0.4496 -0.0885 0.6444926689375859 -0.46949465952862157 0.6034931353046287 1.6 0.46
0.607 -0.4454 -0.075 0.7672835726345629 -0.5587880364762071 0.31469326248937435 1.6 0.4
0.705 -0.705 -0.3858 0.6910808884222924 -0.6910808884222924 0.21169414567935074 1.5 0.94
0.6915 -0.6915 -0.3282 0.6489033386162659 -0.6489033386162659 0.39730204412427556 1.5 0.88
0.6717 -0.6717 -0.2769 0.5946948915928219 -0.5946948915928219 0.5409953528698783 1.5 0.82
0.6475 -0.6475 -0.2316 0.5411194508882495 -0.5411194508882495 0.6437231390441068 1.5 0.76
0.6213 -0.6213 -0.1922 0.4962142316282475 -0.4962142316282475 0.7124204325110108 1.5 0.7
0.595 -0.595 -0.1584 0.46449152310705427 -0.46449152310705427 0.7539862398766822 1.5 0.64
0.5708 -0.5708 -0.13 0.4511858149409639 -0.4511858149409639 0.7699757923416272 1.5 0.58
0.551 -0.551 -0.1068 0.46917641978569746 -0.46917641978569746 0.7481623983027682 1.5 0.52
0.5375 -0.5375 -0.0885 0.5637791856566912 -0.5637791856566912 0.6035777163220625 1.5 0.46
0.5325 -0.5325 -0.075 0.6711604295475764 -0.6711604295475764 0.3147814410333389 1.5 0.4
0.5898 -0.8036 -0.3858 0.575411588906102 -0.7900159110806753 0.21160426175274796 1.4 0.94
0.5785 -0.7882 -0.3282 0.5403110305622845 -0.7418151443107582 0.3972081090863213 1.4 0.88
0.5618 -0.7656 -0.2769 0.49521884591177856 -0.6798258712658058 0.5409205851245579 1.4 0.82
0.5417 -0.7381 -0.2316 0.4505885078866577 -0.6186842206601756 0.6435835856099709 1.4 0.76
0.5197 -0.7081 -0.1922 0.41321346684633037 -0.5673184892108499 0.712323214991871 1.4 0.7
0.4977 -0.6782 -0.1584 0.3868115174844021 -0.5310158112311726 0.7539224483751054 1.4 0.64
0.4775 -0.6507 -0.13 0.3757101180097188 -0.5158138910551318 0.7699207342445636 1.4 0.58
0.4609 -0.628 -0.1068 0.3906951046210084 -0.5363932790343202 0.7480906264831748 1.4 0.52
0.4496 -0.6126 -0.0885 0.46949465952862157 -0.6444926689375859 0.6034931353046287 1.4 0.46
0.4454 -0.607 -0.075 0.5587880364762071 -0.7672835726345629 0.31469326248937435 1.4 0.4
0.4597 -0.8836 -0.3858 0.4452781039875914 -0.8700572159883299 0.21148960025460492 1.3 0.94
0.4509 -0.8667 -0.3282 0.4181021678653606 -0.8171042366964509 0.3969020579425056 1.3 0.88
0.438 -0.8418 -0.2769 0.3832111496906027 -0.7489217901964833 0.5406157294434756 1.3 0.82
0.4222 -0.8115 -0.2316 0.34878693991754756 -0.6815744789214462 0.6432759129843989 1.3 0.76
0.4051 -0.7786 -0.1922 0.31980264637784817 -0.6250051719391968 0.7121058927006432 1.3 0.7
0.388 -0.7457 -0.1584 0.29939310505618494 -0.5850865256124709 0.7536826428885992 1.3 0.64
0.3722 -0.7154 -0.13 0.2907881811545606 -0.5683768987904135 0.769668717450706 1.3 0.58
0.3593 -0.6905 -0.1068 0.302410342610579 -0.591020213236945 0.74782557607206 1.3 0.52
0.3505 -0.6736 -0.0885 0.36331142087402557 -0.7100223199024446 0.6032189624861332 1.3 0.46
0.3472 -0.6674 -0.075 0.4323839977643586 -0.8450687245852438 0.31448836100113503 1.3 0.4
0.3168 -0.9431 -0.3858 0.303389436163746 -0.9291676469457902 0.2111926464000763 1.2 0.94
0.3107 -0.9251 -0.3282 0.2849020584248082 -0.872706305325834 0.39650286474354673 1.2 0.88
0.3018 -0.8985 -0.2769 0.26119458288052594 -0.7999834085161592 0.5401887966005364 1.2 0.82
0.291 -0.8662 -0.2316 0.23770375931468057 -0.728211516756207 0.6428101661231665 1.2 0.76
0.2792 -0.831 -0.1922 0.21800024743042126 -0.6678007579542904 0.7117008077808753 1.2 0.7
0.2674 -0.7959 -0.1584 0.20410074088703414 -0.6252022694883573 0.7533027344938893 1.2 0.64
0.2565 -0.7636 -0.13 0.19829205459655527 -0.607375662944769 0.769269176001664 1.2 0.58
0.2476 -0.737 -0.1068 0.2061127567132817 -0.6315390871636942 0.7474462608806731 1.2 0.52
0.2415 -0.719 -0.0885 0.24760051377159908 -0.7585015738923987 0.6028012508138931 1.2 0.46
0.2393 -0.7123 -0.075 0.2945974885671149 -0.9024923062858832 0.3141973214792515 1.2 0.4
0.1629 -0.9802 -0.3858 0.153298539838362 -0.9653908046963776 0.21099799025371418 1.1 0.94
0.1598 -0.9615 -0.3282 0.14400594396800845 -0.906837430487431 0.3961163500397788 1.1 0.88
0.1552 -0.9338 -0.2769 0.13200488097071253 -0.8314307427200787 0.539719956514345 1.1 0.82
0.1496 -0.9003 -0.2316 0.12019859308370189 -0.7568911406410479 0.6423924808400173 1.1 0.76
0.1436 -0.8637 -0.1922 0.11019989145316039 -0.6942993161155105 0.7111992994690352 1.1 0.7
0.1375 -0.8272 -0.1584 0.10319955366289561 -0.6499971887682379 0.7528967437286251 1.1 0.64
0.1319 -0.7936 -0.13 0.10019802110862444 -0.6314875282444744 0.7688848146748637 1.1 0.58
0.1273 -0.766 -0.1068 0.10420051058375278 -0.6566032173636476 0.7470036603269034 1.1 0.52
0.1242 -0.7472 -0.0885 0.1250930994294997 -0.7883565115125305 0.6023667713535622 1.1 0.46
0.1231 -0.7403 -0.075 0.14880327817232758 -0.9377206582136531 0.31390691544552174 1.1 0.4
0 -0.993 -0.3858 0 -0.977507302006819 0.21090157544065283 1 0.94
0 -0.974 -0.3282 0 -0.9182946279921393 0.3958976840053228 1 0.88
0 -0.946 -0.2769 0 -0.8419897909356769 0.53949345868147 1 0.82
0 -0.912 -0.2316 0 -0.7666122773939344 0.6421102834785355 1 0.76
0 -0.875 -0.1922 0 -0.7031960480493149 0.7109960042136844 1 0.7
0 -0.838 -0.1584 0 -0.6583842483452852 0.7526819922987488 1 0.64
0 -0.804 -0.13 0 -0.6396038856054076 0.7687046698950545 1 0.58
0 -0.776 -0.1068 0 -0.6650215337458997 0.7468241825585532 1 0.52
0 -0.757 -0.0885 0 -0.7984131859026488 0.6021099439278367 1 0.46
0 -0.75 -0.075 0 -0.9495199686149121 0.3137065973191131 1 0.4
-0.1629 -0.9802 -0.3858 -0.153298539838362 -0.9653908046963776 0.21099799025371418 0.9 0.94
-0.1598 -0.9615 -0.3282 -0.14400594396800845 -0.906837430487431 0.3961163500397788 0.9 0.88
-0.1552 -0.9338 -0.2769 -0.13200488097071253 -0.8314307427200787 0.539719956514345 0.9 0.82
-0.1496 -0.9003 -0.2316 -0.12019859308370189 -0.7568911406410479 0.6423924808400173 0.9 0.76
-0.1436 -0.8637 -0.1922 -0.11019989145316039 -0.6942993161155105 0.7111992994690352 0.9 0.7
-0.1375 -0.8272 -0.1584 -0.10319955366289561 -0.6499971887682379 0.7528967437286251 0.9 0.64
-0.1319 -0.7936 -0.13 -0.10019802110862444 -0.6314875282444744 0.7688848146748637 0.9 0.58
-0.1273 -0.766 -0.1068 -0.10420051058375278 -0.6566032173636476 0.7470036603269034 0.9 0.52
-0.1242 -0.7472 -0.0885 -0.1250930994294997 -0.7883565115125305 0.6023667713535622 0.9 0.46
-0.1231 -0.7403 -0.075 -0.14880327817232758 -0.9377206582136531 0.31390691544552174 0.9 0.4
-0.3168 -0.9431 -0.3858 -0.303389436163746 -0.9291676469457902 0.2111926464000763 0.8 0.94
-0.3107 -0.9251 -0.3282 -0.2849020584248082 -0.872706305325834 0.39650286474354673 0.8 0.88
-0.3018 -0.8985 -0.2769 -0.26119458288052594 -0.7999834085161592 0.5401887966005364 0.8 0.82
-0.291 -0.8662 -0.2316 -0.23770375931468057 -0.728211516756207 0.6428101661231665 0.8 0.76
-0.2792 -0.831 -0.1922 -0.21800024743042126 -0.6678007579542904 0.7117008077808753 0.8 0.7
-0.2674 -0.7959 -0.1584 -0.20410074088703414 -0.6252022694883573 0.7533027344938893 0.8 0.64
-0.2565 -0.7636 -0.13 -0.19829205459655527 -0.607375662944769 0.769269176001664 0.8 0.58
-0.2476 -0.737 -0.1068 -0.2061127567132817 -0.6315390871636942 0.7474462608806731 0.8 0.52
-0.2415 -0.719 -0.0885 -0.24760051377159908 -0.7585015738923987 0.6028012508138931 0.8 0.46
-0.2393 -0.7123 -0.075 -0.2945974885671149 -0.9024923062858832 0.3141973214792515 0.8 0.4
-0.4597 -0.8836 -0.3858 -0.4452781039875914 -0.8700572159883299 0.21148960025460492 0.7 0.94
-0.4509 -0.8667 -0.3282 -0.4181021678653606 -0.8171042366964509 0.3969020579425056 0.7 0.88
-0.438 -0.8418 -0.2769 -0.3832111496906027 -0.7489217901964833 0.5406157294434756 0.7 0.82
-0.4222 -0.8115 -0.2316 -0.34878693991754756 -0.6815744789214462 0.6432759129843989 0.7 0.76
-0.4051 -0.7786 -0.1922 -0.31980264637784817 -0.6250051719391968 0.7121058927006432 0.7 0.7
-0.388 -0.7457 -0.1584 -0.29939310505618494 -0.5850865256124709 0.7536826428885992 0.7 0.64
-0.3722 -0.7154 -0.13 -0.2907881811545606 -0.5683768987904135 0.769668717450706 0.7 0.58
-0.3593 -0.6905 -0.1068 -0.302410342610579 -0.591020213236945 0.74782557607206 0.7 0.52
-0.3505 -0.6736 -0.0885 -0.36331142087402557 -0.7100223199024446 0.6032189624861332 0.7 0.46
-0.3472 -0.6674 -0.075 -0.4323839977643586 -0.8450687245852438 0.31448836100113503 0.7 0.4
-0.5898 -0.8036 -0.3858 -0.575411588906102 -0.7900159110806753 0.21160426175274796 0.6 0.94
-0.5785 -0.7882 -0.3282 -0.5403110305622845 -0.7418151443107582 0.3972081090863213 0.6 0.88
-0.5618 -0.7656 -0.2769 -0.49521884591177856 -0.6798258712658058 0.5409205851245579 0.6 0.82
-0.5417 -0.7381 -0.2316 -0.4505885078866577 -0.6186842206601756 0.6435835856099709 0.6 0.76
-0.5197 -0.7081 -0.1922 -0.41321346684633037 -0.5673184892108499 0.712323214991871 0.6 0.7
-0.4977 -0.6782 -0.1584 -0.3868115174844021 -0.5310158112311726 0.7539224483751054 0.6 0.64
-0.4775 -0.6507 -0.13 -0.3757101180097188 -0.5158138910551318 0.7699207342445636 0.6 0.58
-0.4609 -0.628 -0.1068 -0.3906951046210084 -0.5363932790343202 0.7480906264831748 0.6 0.52
-0.4496 -0.6126 -0.0885 -0.46949465952862157 -0.6444926689375859 0.6034931353046287 0.6 0.46
-0.4454 -0.607 -0.075 -0.5587880364762071 -0.7672835726345629 0.31469326248937435 0.6 0.4
-0.705 -0.705 -0.3858 -0.6910808884222924 -0.6910808884222924 0.21169414567935074 0.5 0.94
-0.6915 -0.6915 -0.3282 -0.6489033386162659 -0.6489033386162659 0.39730204412427556 0.5 0.88
-0.6717 -0.6717 -0.2769 -0.5946948915928219 -0.5946948915928219 0.5409953528698783 0.5 0.82
-0.6475 -0.6475 -0.2316 -0.5411194508882495 -0.5411194508882495 0.6437231390441068 0.5 0.76
-0.6213 -0.6213 -0.1922 -0.4962142316282475 -0.4962142316282475 0.7124204325110108 0.5 0.7
-0.595 -0.595 -0.1584 -0.46449152310705427 -0.46449152310705427 0.7539862398766822 0.5 0.64
-0.5708 -0.5708 -0.13 -0.4511858149409639 -0.4511858149409639 0.7699757923416272 0.5 0.58
-0.551 -0.551 -0.1068 -0.46917641978569746 -0.46917641978569746 0.7481623983027682 0.5 0.52
-0.5375 -0.5375 -0.0885 -0.5637791856566912 -0.5637791856566912 0.6035777163220625 0.5 0.46
-0.5325 -0.5325 -0.075 -0.6711604295475764 -0.6711604295475764 0.3147814410333389 0.5 0.4
-0.8036 -0.5898 -0.3858 -0.7900159110806753 -0.575411588906102 0.21160426175274796 0.4 0.94
-0.7882 -0.5785 -0.3282 -0.7418151443107582 -0.5403110305622845 0.3972081090863213 0.4 0.88
-0.7656 -0.5618 -0.2769 -0.6798258712658058 -0.49521884591177856 0.5409205851245579 0.4 0.82
-0.7381 -0.5417 -0.2316 -0.6186842206601756 -0.4505885078866577 0.6435835856099709 0.4 0.76
-0.7081 -0.5197 -0.1922 -0.5673184892108499 -0.41321346684633037 0.712323214991871 0.4 0.7
-0.6782 -0.4977 -0.1584 -0.5310158112311726 -0.3868115174844021 0.7539224483751054 0.4 0.64
-0.6507 -0.4775 -0.13 -0.5158138910551318 -0.3757101180097188 0.7699207342445636 0.4 0.58
-0.628 -0.4609 -0.1068 -0.5363932790343202 -0.3906951046210084 0.7480906264831748 0.4 0.52
-0.6126 -0.4496 -0.0885 -0.6444926689375859 -0.46949465952862157 0.6034931353046287 0.4 0.46
-0.607 -0.4454 -0.075 -0.7672835726345629 -0.5587880364762071 0.31469326248937435 0.4 0.4
-0.8836 -0.4597 -0.3858 -0.8700572159883299 -0.4452781039875914 0.21148960025460492 0.3 0.94
-0.8667 -0.4509 -0.3282 -0.8171042366964509 -0.4181021678653606 0.3969020579425056 0.3 0.88
-0.8418 -0.438 -0.2769 -0.7489217901964833 -0.3832111496906027 0.5406157294434756 0.3 0.82
-0.8115 -0.4222 -0.2316 -0.6815744789214462 -0.34878693991754756 0.6432759129843989 0.3 0.76
-0.7786 -0.4051 -0.1922 -0.6250051719391968 -0.31980264637784817 0.7121058927006432 0.3 0.7
-0.7457 -0.388 -0.1584 -0.5850865256124709 -0.29939310505618494 0.7536826428885992 0.3 0.64
-0.7154 -0.3722 -0.13 -0.5683768987904135 -0.2907881811545606 0.769668717450706 0.3 0.58
-0.6905 -0.3593 -0.1068 -0.591020213236945 -0.302410342610579 0.74782557607206 0.3 0.52
-0.6736 -0.3505 -0.0885 -0.7100223199024446 -0.36331142087402557 0.6032189624861332 0.3 0.46
-0.6674 -0.3472 -0.075 -0.8450687245852438 -0.4323839977643586 0.31448836100113503 0.3 0.4
-0.9431 -0.3168 -0.3858 -0.9291676469457902 -0.303389436163746 0.2111926464000763 0.2 0.94
-0.9251 -0.3107 -0.3282 -0.872706305325834 -0.2849020584248082 0.39650286474354673 0.2 0.88
-0.8985 -0.3018 -0.2769 -0.7999834085161592 -0.26119458288052594 0.5401887966005364 0.2 0.82
-0.8662 -0.291 -0.2316 -0.728211516756207 -0.23770375931468057 0.6428101661231665 0.2 0.76
-0.831 -0.2792 -0.1922 -0.6678007579542904 -0.21800024743042126 0.7117008077808753 0.2 0.7
-0.7959 -0.2674 -0.1584 -0.6252022694883573 -0.20410074088703414 0.7533027344938893 0.2 0.64
-0.7636 -0.2565 -0.13 -0.607375662944769 -0.19829205459655527 0.769269176001664 0.2 0.58
-0.737 -0.2476 -0.1068 -0.6315390871636942 -0.2061127567132817 0.7474462608806731 0.2 0.52
-0.719 -0.2415 -0.0885 -0.7585015738923987 -0.24760051377159908 0.6028012508138931 0.2 0.46
-0.7123 -0.2393 -0.075 -0.9024923062858832 -0.2945974885671149 0.3141973214792515 0.2 0.4
-0.9802 -0.1629 -0.3858 -0.9653908046963776 -0.153298539838362 0.21099799025371418 0.1 0.94
-0.9615 -0.1598 -0.3282 -0.906837430487431 -0.14400594396800845 0.3961163500397788 0.1 0.88
-0.9338 -0.1552 -0.2769 -0.8314307427200787 -0.13200488097071253 0.539719956514345 0.1 0.82
-0.9003 -0.1496 -0.2316 -0.7568911406410479 -0.12019859308370189 0.6423924808400173 0.1 0.76
-0.8637 -0.1436 -0.1922 -0.6942993161155105 -0.11019989145316039 0.7111992994690352 0.1 0.7
-0.8272 -0.1375 -0.1584 -0.6499971887682379 -0.10319955366289561 0.7528967437286251 0.1 0.64
-0.7936 -0.1319 -0.13 -0.6314875282444744 -0.10019802110862444 0.7688848146748637 0.1 0.58
-0.766 -0.1273 -0.1068 -0.6566032173636476 -0.10420051058375278 0.7470036603269034 0.1 0.52
-0.7472 -0.1242 -0.0885 -0.7883565115125305 -0.1250930994294997 0.6023667713535622 0.1 0.46
-0.7403 -0.1231 -0.075 -0.9377206582136531 -0.14880327817232758 0.31390691544552174 0.1 0.4
-0.7482 0 -0.0638 -0.9273553025515996 0 0.37418196486392985 1 0.36
-0.7404 0 -0.0528 -0.6824928133885123 0 0.7308923037445622 1 0.32
-0.7227 0 -0.0423 -0.4124840681105479 0 0.9109648146635373 1 0.28
-0.6912 0 -0.0324 -0.2427944340014 0 0.9700777612222329 1 0.24
-0.6422 0 -0.0234 -0.14710314656995807 0 0.9891211575278417 1 0.2
-0.5718 0 -0.0156 -0.09030131389367581 0 0.9959144906612595 1 0.16
-0.4762 0 -0.0091 -0.054301337458412605 0 0.9985245939636278 1 0.12
-0.3516 0 -0.0042 -0.03010141088619312 0 0.9995468498588049 1 0.08
-0.1941 0 -0.0011 -0.013000201439681974 0 0.9999154938106158 1 0.04
0 0 0 0 0 1 0.9500000000000001 0
-0.7386 0.1228 -0.0638 -0.9158181425371074 0.14550288244065201 0.3743074151033406 1.9 0.36
-0.7309 0.1215 -0.0528 -0.6738671767292129 0.10699478841078168 0.7310643907207709 1.9 0.32
-0.7134 0.1186 -0.0423 -0.4072191397493629 0.06460303641406888 0.9110428200188351 1.9 0.28
-0.6823 0.1134 -0.0324 -0.239700707118129 0.038000112100496045 0.9701028618076635 1.9 0.24
-0.6339 0.1054 -0.0234 -0.1452050205503798 0.023000795266244732 0.9891341999062028 1.9 0.2
-0.5644 0.0938 -0.0156 -0.08910203021288787 0.014100321279480573 0.9959226923570711 1.9 0.16
-0.4701 0.0781 -0.0091 -0.0536014081274875 0.008500223303799324 0.9985262316286618 1.9 0.12
-0.3471 0.0577 -0.0042 -0.029701419316233844 0.004700224605599296 0.9995477645311693 1.9 0.08
-0.1916 0.0319 -0.0011 -0.012900190795232802 0.0020000295806562483 0.9999147888490915 1.9 0.04
-0.7106 0.2387 -0.0638 -0.8813581849528489 0.287786346300692 0.37468222362359027 1.8 0.36
-0.7032 0.2362 -0.0528 -0.6481902610144918 0.21159682078165146 0.7314890094601987 1.8 0.32
-0.6864 0.2306 -0.0423 -0.39160610127058715 0.12780199117053379 0.9112141968277808 1.8 0.28
-0.6565 0.2205 -0.0324 -0.23049154918227102 0.07519724294363028 0.9701644295732725 1.8 0.24
-0.6099 0.2049 -0.0234 -0.13959476180484306 0.045498292708598564 0.9891628823592461 1.8 0.2
-0.5431 0.1824 -0.0156 -0.08570234399116268 0.02800076583141838 0.9959272389824845 1.8 0.16
-0.4523 0.1519 -0.0091 -0.051501629022289365 0.01680053140921284 0.9985315840535134 1.8 0.12
-0.3339 0.1122 -0.0042 -0.028501439501553958 0.009300469732086028 0.9995504835720415 1.8 0.08
-0.1844 0.0619 -0.0011 -0.01240018743024952 0.004000060461370813 0.999915113831169 1.8 0.04
-0.6658 0.3464 -0.0638 -0.8251992573210026 0.4223996198405132 0.3749996625004556 1.7 0.36
-0.6588 0.3428 -0.0528 -0.6066032362368979 0.3104016559972521 0.7319039047177475 1.7 0.32
-0.6431 0.3346 -0.0423 -0.36631018173300384 0.18740520900017724 0.9114253334192184 1.7 0.28
-0.6151 0.32 -0.0324 -0.2156067388939379 0.1103034475881324 0.9702303250227204 1.7 0.24
-0.5714 0.2973 -0.0234 -0.13049940427157927 0.06679969506008808 0.989195484332921 1.7 0.2
-0.5088 0.2647 -0.0156 -0.0801034517321043 0.04100176680419821 0.9959429161049023 1.7 0.16
-0.4238 0.2205 -0.0091 -0.048201671421935335 0.024600853049369487 0.9985346247884322 1.7 0.12
-0.3129 0.1628 -0.0042 -0.026698655222603805 0.013699309983133788 0.9995496539518638 1.7 0.08
-0.1728 0.0899 -0.0011 -0.011600177600078596 0.005900090331074459 0.999915308820568 1.7 0.04
-0.6055 0.4444 -0.0638 -0.7492227692259403 0.5457165845790118 0.37531140588694 1.6 0.36
-0.5992 0.4397 -0.0528 -0.5506187846802645 0.4010136808150855 0.7321249768696361 1.6 0.32
-0.5848 0.4292 -0.0423 -0.33238060117230234 0.24208587107044047 0.9115467991235585 1.6 0.28
-0.5594 0.4105 -0.0324 -0.19559812128906745 0.14239863226770555 0.9702906804027719 1.6 0.24
-0.5197 0.3814 -0.0234 -0.1184010129249984 0.08630073830597433 0.9892084627145981 1.6 0.2
-0.4627 0.3396 -0.0156 -0.0727036167313737 0.052902631706873024 0.9959495447424355 1.6 0.16
-0.3854 0.2828 -0.0091 -0.04370167861371395 0.03180122150837766 0.9985383545948142 1.6 0.12
-0.2845 0.2088 -0.0042 -0.0241988438068637 0.01759915913226451 0.9995522425347502 1.6 0.08
-0.1571 0.1153 -0.0011 -0.01050016789902707 0.007600121526914831 0.9999159887844921 1.6 0.04
-0.5312 0.5312 -0.0638 -0.6553923057394957 0.6553923057394957 0.37539559288160923 1.5 0.36
-0.5257 0.5257 -0.0528 -0.4816014544385886 0.4816014544385886 0.732202211254017 1.5 0.32
-0.5131 0.5131 -0.0423 -0.2906959971436788 0.2906959971436788 0.9115874475272706 1.5 0.28
-0.4908 0.4908 -0.0324 -0.17100307038769347 0.17100307038769347 0.970317422205725 1.5 0.24
-0.456 0.456 -0.0234 -0.10360090340381654 0.10360090340381654 0.9892086259368275 1.5 0.2
-0.406 0.406 -0.0156 -0.06359663201155065 0.06359663201155065 0.995947256029944 1.5 0.16
-0.3381 0.3381 -0.0091 -0.038201514147020416 0.038201514147020416 0.9985395779005206 1.5 0.12
-0.2496 0.2496 -0.0042 -0.02119895025397449 0.02119895025397449 0.9995505034845708 1.5 0.08
-0.1378 0.1378 -0.0011 -0.009200141269253791 0.009200141269253791 0.9999153538181377 1.5 0.04
-0.4444 0.6055 -0.0638 -0.5457165845790118 0.7492227692259403 0.37531140588694 1.4 0.36
-0.4397 0.5992 -0.0528 -0.4010136808150855 0.5506187846802645 0.7321249768696361 1.4 0.32
-0.4292 0.5848 -0.0423 -0.24208587107044047 0.33238060117230234 0.9115467991235585 1.4 0.28
-0.4105 0.5594 -0.0324 -0.14239863226770555 0.19559812128906745 0.9702906804027719 1.4 0.24
-0.3814 0.5197 -0.0234 -0.08630073830597433 0.1184010129249984 0.9892084627145981 1.4 0.2
-0.3396 0.4627 -0.0156 -0.052902631706873024 0.0727036167313737 0.9959495447424355 1.4 0.16
-0.2828 0.3854 -0.0091 -0.03180122150837766 0.04370167861371395 0.9985383545948142 1.4 0.12
-0.2088 0.2845 -0.0042 -0.01759915913226451 0.0241988438068637 0.9995522425347502 1.4 0.08
-0.1153 0.1571 -0.0011 -0.007600121526914831 0.01050016789902707 0.9999159887844921 1.4 0.04
-0.3464 0.6658 -0.0638 -0.4223996198405132 0.8251992573210026 0.3749996625004556 1.3 0.36
-0.3428 0.6588 -0.0528 -0.3104016559972521 0.6066032362368979 0.7319039047177475 1.3 0.32
-0.3346 0.6431 -0.0423 -0.18740520900017724 0.36631018173300384 0.9114253334192184 1.3 0.28
-0.32 0.6151 -0.0324 -0.1103034475881324 0.2156067388939379 0.9702303250227204 1.3 0.24
-0.2973 0.5714 -0.0234 -0.06679969506008808 0.13049940427157927 0.989195484332921 1.3 0.2
-0.2647 0.5088 -0.0156 -0.04100176680419821 0.0801034517321043 0.9959429161049023 1.3 0.16
-0.2205 0.4238 -0.0091 -0.024600853049369487 0.048201671421935335 0.9985346247884322 1.3 0.12
-0.1628 0.3129 -0.0042 -0.013699309983133788 0.026698655222603805 0.9995496539518638 1.3 0.08
-0.0899 0.1728 -0.0011 -0.005900090331074459 0.011600177600078596 0.999915308820568 1.3 0.04
-0.2387 0.7106 -0.0638 -0.287786346300692 0.8813581849528489 0.37468222362359027 1.2 0.36
-0.2362 0.7032 -0.0528 -0.21159682078165146 0.6481902610144918 0.7314890094601987 1.2 0.32
-0.2306 0.6864 -0.0423 -0.12780199117053379 0.39160610127058715 0.9112141968277808 1.2 0.28
-0.2205 0.6565 -0.0324 -0.07519724294363028 0.23049154918227102 0.9701644295732725 1.2 0.24
-0.2049 0.6099 -0.0234 -0.045498292708598564 0.13959476180484306 0.9891628823592461 1.2 0.2
-0.1824 0.5431 -0.0156 -0.02800076583141838 0.08570234399116268 0.9959272389824845 1.2 0.16
-0.1519 0.4523 -0.0091 -0.01680053140921284 0.051501629022289365 0.9985315840535134 1.2 0.12
-0.1122 0.3339 -0.0042 -0.009300469732086028 0.028501439501553958 0.9995504835720415 1.2 0.08
-0.0619 0.1844 -0.0011 -0.004000060461370813 0.01240018743024952 0.999915113831169 1.2 0.04
-0.1228 0.7386 -0.0638 -0.14550288244065201 0.9158181425371074 0.3743074151033406 1.1 0.36
-0.1215 0.7309 -0.0528 -0.10699478841078168 0.6738671767292129 0.7310643907207709 1.1 0.32
-0.1186 0.7134 -0.0423 -0.06460303641406888 0.4072191397493629 0.9110428200188351 1.1 0.28
-0.1134 0.6823 -0.0324 -0.038000112100496045 0.239700707118129 0.9701028618076635 1.1 0.24
-0.1054 0.6339 -0.0234 -0.023000795266244732 0.1452050205503798 0.9891341999062028 1.1 0.2
-0.0938 0.5644 -0.0156 -0.014100321279480573 0.08910203021288787 0.9959226923570711 1.1 0.16
-0.0781 0.4701 -0.0091 -0.008500223303799324 0.0536014081274875 0.9985262316286618 1.1 0.12
-0.0577 0.3471 -0.0042 -0.004700224605599296 0.029701419316233844 0.9995477645311693 1.1 0.08
-0.0319 0.1916 -0.0011 -0.0020000295806562483 0.012900190795232802 0.9999147888490915 1.1 0.04
0 0.7482 -0.0638 0 0.9273553025515996 0.37418196486392985 1 0.36
0 0.7404 -0.0528 0 0.6824928133885123 0.7308923037445622 1 0.32
0 0.7227 -0.0423 0 0.4124840681105479 0.9109648146635373 1 0.28
0 0.6912 -0.0324 0 0.2427944340014 0.9700777612222329 1 0.24
0 0.6422 -0.0234 0 0.14710314656995807 0.9891211575278417 1 0.2
0 0.5718 -0.0156 0 0.09030131389367581 0.9959144906612595 1 0.16
0 0.4762 -0.0091 0 0.054301337458412605 0.9985245939636278 1 0.12
0 0.3516 -0.0042 0 0.03010141088619312 0.9995468498588049 1 0.08
0 0.1941 -0.0011 0 0.013000201439681974 0.9999154938106158 1 0.04
0.1228 0.7386 -0.0638 0.14550288244065201 0.9158181425371074 0.3743074151033406 0.9 0.36
0.1215 0.7309 -0.0528 0.10699478841078168 0.6738671767292129 0.7310643907207709 0.9 0.32
0.1186 0.7134 -0.0423 0.06460303641406888 0.4072191397493629 0.9110428200188351 0.9 0.28
0.1134 0.6823 -0.0324 0.038000112100496045 0.239700707118129 0.9701028618076635 0.9 0.24
0.1054 0.6339 -0.0234 0.023000795266244732 0.1452050205503798 0.9891341999062028 0.9 0.2
0.0938 0.5644 -0.0156 0.014100321279480573 0.08910203021288787 0.9959226923570711 0.9 0.16
0.0781 0.4701 -0.0091 0.008500223303799324 0.0536014081274875 0.9985262316286618 0.9 0.12
0.0577 0.3471 -0.0042 0.004700224605599296 0.029701419316233844 0.9995477645311693 0.9 0.08
0.0319 0.1916 -0.0011 0.0020000295806562483 0.012900190795232802 0.9999147888490915 0.9 0.04
0.2387 0.7106 -0.0638 0.287786346300692 0.8813581849528489 0.37468222362359027 0.8 0.36
0.2362 0.7032 -0.0528 0.21159682078165146 0.6481902610144918 0.7314890094601987 0.8 0.32
0.2306 0.6864 -0.0423 0.12780199117053379 0.39160610127058715 0.9112141968277808 0.8 0.28
0.2205 0.6565 -0.0324 0.07519724294363028 0.23049154918227102 0.9701644295732725 0.8 0.24
0.2049 0.6099 -0.0234 0.045498292708598564 0.13959476180484306 0.9891628823592461 0.8 0.2
0.1824 0.5431 -0.0156 0.02800076583141838 0.08570234399116268 0.9959272389824845 0.8 0.16
0.1519 0.4523 -0.0091 0.01680053140921284 0.051501629022289365 0.9985315840535134 0.8 0.12
0.1122 0.3339 -0.0042 0.009300469732086028 0.028501439501553958 0.9995504835720415 0.8 0.08
0.0619 0.1844 -0.0011 0.004000060461370813 0.01240018743024952 0.999915113831169 0.8 0.04
0.3464 0.6658 -0.0638 0.4223996198405132 0.8251992573210026 0.3749996625004556 0.7 0.36
0.3428 0.6588 -0.0528 0.3104016559972521 0.6066032362368979 0.7319039047177475 0.7 0.32
0.3346 0.6431 -0.0423 0.18740520900017724 0.36631018173300384 0.9114253334192184 0.7 0.28
0.32 0.6151 -0.0324 0.1103034475881324 0.2156067388939379 0.9702303250227204 0.7 0.24
0.2973 0.5714 -0.0234 0.06679969506008808 0.13049940427157927 0.989195484332921 0.7 0.2
0.2647 0.5088 -0.0156 0.04100176680419821 0.0801034517321043 0.9959429161049023 0.7 0.16
0.2205 0.4238 -0.0091 0.024600853049369487 0.048201671421935335 0.9985346247884322 0.7 0.12
0.1628 0.3129 -0.0042 0.013699309983133788 0.026698655222603805 0.9995496539518638 0.7 0.08
0.0899 0.1728 -0.0011 0.005900090331074459 0.011600177600078596 0.999915308820568 0.7 0.04
0.4444 0.6055 -0.0638 0.5457165845790118 0.7492227692259403 0.37531140588694 0.6 0.36
0.4397 0.5992 -0.0528 0.4010136808150855 0.5506187846802645 0.7321249768696361 0.6 0.32
0.4292 0.5848 -0.0423 0.24208587107044047 0.33238060117230234 0.9115467991235585 0.6 0.28
0.4105 0.5594 -0.0324 0.14239863226770555 0.19559812128906745 0.9702906804027719 0.6 0.24
0.3814 0.5197 -0.0234 0.08630073830597433 0.1184010129249984 0.9892084627145981 0.6 0.2
0.3396 0.4627 -0.0156 0.052902631706873024 0.0727036167313737 0.9959495447424355 0.6 0.16
0.2828 0.3854 -0.0091 0.03180122150837766 0.04370167861371395 0.9985383545948142 0.6 0.12
0.2088 0.2845 -0.0042 0.01759915913226451 0.0241988438068637 0.9995522425347502 0.6 0.08
0.1153 0.1571 -0.0011 0.007600121526914831 0.01050016789902707 0.9999159887844921 0.6 0.04
0.5312 0.5312 -0.0638 0.6553923057394957 0.6553923057394957 0.37539559288160923 0.5 0.36
0.5257 0.5257 -0.0528 0.4816014544385886 0.4816014544385886 0.732202211254017 0.5 0.32
0.5131 0.5131 -0.0423 0.2906959971436788 0.2906959971436788 0.9115874475272706 0.5 0.28
0.4908 0.4908 -0.0324 0.17100307038769347 0.17100307038769347 0.970317422205725 0.5 0.24
0.456 0.456 -0.0234 0.10360090340381654 0.10360090340381654 0.9892086259368275 0.5 0.2
0.406 0.406 -0.0156 0.06359663201155065 0.06359663201155065 0.995947256029944 0.5 0.16
0.3381 0.3381 -0.0091 0.038201514147020416 0.038201514147020416 0.9985395779005206 0.5 0.12
0.2496 0.2496 -0.0042 0.02119895025397449 0.02119895025397449 0.9995505034845708 0.5 0.08
0.1378 0.1378 -0.0011 0.009200141269253791 0.009200141269253791 0.9999153538181377 0.5 0.04
0.6055 0.4444 -0.0638 0.7492227692259403 0.5457165845790118 0.37531140588694 0.4 0.36
0.5992 0.4397 -0.0528 0.5506187846802645 0.4010136808150855 0.7321249768696361 0.4 0.32
0.5848 0.4292 -0.0423 0.33238060117230234 0.24208587107044047 0.9115467991235585 0.4 0.28
0.5594 0.4105 -0.0324 0.19559812128906745 0.14239863226770555 0.9702906804027719 0.4 0.24
0.5197 0.3814 -0.0234 0.1184010129249984 0.08630073830597433 0.9892084627145981 0.4 0.2
0.4627 0.3396 -0.0156 0.0727036167313737 0.052902631706873024 0.9959495447424355 0.4 0.16
0.3854 0.2828 -0.0091 0.04370167861371395 0.03180122150837766 0.9985383545948142 0.4 0.12
0.2845 0.2088 -0.0042 0.0241988438068637 0.01759915913226451 0.9995522425347502 0.4 0.08
0.1571 0.1153 -0.0011 0.01050016789902707 0.007600121526914831 0.9999159887844921 0.4 0.04
0.6658 0.3464 -0.0638 0.8251992573210026 0.4223996198405132 0.3749996625004556 0.3 0.36
0.6588 0.3428 -0.0528 0.6066032362368979 0.3104016559972521 0.7319039047177475 0.3 0.32
0.6431 0.3346 -0.0423 0.36631018173300384 0.18740520900017724 0.9114253334192184 0.3 0.28
0.6151 0.32 -0.0324 0.2156067388939379 0.1103034475881324 0.9702303250227204 0.3 0.24
0.5714 0.2973 -0.0234 0.13049940427157927 0.06679969506008808 0.989195484332921 0.3 0.2
0.5088 0.2647 -0.0156 0.0801034517321043 0.04100176680419821 0.9959429161049023 0.3 0.16
0.4238 0.2205 -0.0091 0.048201671421935335 0.024600853049369487 0.9985346247884322 0.3 0.12
0.3129 0.1628 -0.0042 0.026698655222603805 0.013699309983133788 0.9995496539518638 0.3 0.08
0.1728 0.0899 -0.0011 0.011600177600078596 0.005900090331074459 0.999915308820568 0.3 0.04
0.7106 0.2387 -0.0638 0.8813581849528489 0.287786346300692 0.37468222362359027 0.2 0.36
0.7032 0.2362 -0.0528 0.6481902610144918 0.21159682078165146 0.7314890094601987 0.2 0.32
0.6864 0.2306 -0.0423 0.39160610127058715 0.12780199117053379 0.9112141968277808 0.2 0.28
0.6565 0.2205 -0.0324 0.23049154918227102 0.07519724294363028 0.9701644295732725 0.2 0.24
0.6099 0.2049 -0.0234 0.13959476180484306 0.045498292708598564 0.9891628823592461 0.2 0.2
0.5431 0.1824 -0.0156 0.08570234399116268 0.02800076583141838 0.9959272389824845 0.2 0.16
0.4523 0.1519 -0.0091 0.051501629022289365 0.01680053140921284 0.9985315840535134 0.2 0.12
0.3339 0.1122 -0.0042 0.028501439501553958 0.009300469732086028 0.9995504835720415 0.2 0.08
0.1844 0.0619 -0.0011 0.01240018743024952 0.004000060461370813 0.999915113831169 0.2 0.04
0.7386 0.1228 -0.0638 0.9158181425371074 0.14550288244065201 0.3743074151033406 0.1 0.36
0.7309 0.1215 -0.0528 0.6738671767292129 0.10699478841078168 0.7310643907207709 0.1 0.32
0.7134 0.1186 -0.0423 0.4072191397493629 0.06460303641406888 0.9110428200188351 0.1 0.28
0.6823 0.1134 -0.0324 0.239700707118129 0.038000112100496045 0.9701028618076635 0.1 0.24
0.6339 0.1054 -0.0234 0.1452050205503798 0.023000795266244732 0.9891341999062028 0.1 0.2
0.5644 0.0938 -0.0156 0.08910203021288787 0.014100321279480573 0.9959226923570711 0.1 0.16
0.4701 0.0781 -0.0091 0.0536014081274875 0.008500223303799324 0.9985262316286618 0.1 0.12
0.3471 0.0577 -0.0042 0.029701419316233844 0.004700224605599296 0.9995477645311693 0.1 0.08
0.1916 0.0319 -0.0011 0.012900190795232802 0.0020000295806562483 0.9999147888490915 0.1 0.04
0.7482 0 -0.0638 0.9273553025515996 0 0.37418196486392985 1 0.36
0.7404 0 -0.0528 0.6824928133885123 0 0.7308923037445622 1 0.32
0.7227 0 -0.0423 0.4124840681105479 0 0.9109648146635373 1 0.28
0.6912 0 -0.0324 0.2427944340014 0 0.9700777612222329 1 0.24
0.6422 0 -0.0234 0.14710314656995807 0 0.9891211575278417 1 0.2
0.5718 0 -0.0156 0.09030131389367581 0 0.9959144906612595 1 0.16
0.4762 0 -0.0091 0.054301337458412605 0 0.9985245939636278 1 0.12
0.3516 0 -0.0042 0.03010141088619312 0 0.9995468498588049 1 0.08
0.1941 0 -0.0011 0.013000201439681974 0 0.9999154938106158 1 0.04
0.7386 -0.1228 -0.0638 0.9158181425371074 -0.14550288244065201 0.3743074151033406 1.9 0.36
0.7309 -0.1215 -0.0528 0.6738671767292129 -0.10699478841078168 0.7310643907207709 1.9 0.32
0.7134 -0.1186 -0.0423 0.4072191397493629 -0.06460303641406888 0.9110428200188351 1.9 0.28
0.6823 -0.1134 -0.0324 0.239700707118129 -0.038000112100496045 0.9701028618076635 1.9 0.24
0.6339 -0.1054 -0.0234 0.1452050205503798 -0.023000795266244732 0.9891341999062028 1.9 0.2
0.5644 -0.0938 -0.0156 0.08910203021288787 -0.014100321279480573 0.9959226923570711 1.9 0.16
0.4701 -0.0781 -0.0091 0.0536014081274875 -0.008500223303799324 0.9985262316286618 1.9 0.12
0.3471 -0.0577 -0.0042 0.029701419316233844 -0.004700224605599296 0.9995477645311693 1.9 0.08
0.1916 -0.0319 -0.0011 0.012900190795232802 -0.0020000295806562483 0.9999147888490915 1.9 0.04
0.7106 -0.2387 -0.0638 0.8813581849528489 -0.287786346300692 0.37468222362359027 1.8 0.36
0.7032 -0.2362 -0.0528 0.6481902610144918 -0.21159682078165146 0.7314890094601987 1.8 0.32
0.6864 -0.2306 -0.0423 0.39160610127058715 -0.12780199117053379 0.9112141968277808 1.8 0.28
0.6565 -0.2205 -0.0324 0.23049154918227102 -0.07519724294363028 0.9701644295732725 1.8 0.24
0.6099 -0.2049 -0.0234 0.13959476180484306 -0.045498292708598564 0.9891628823592461 1.8 0.2
0.5431 -0.1824 -0.0156 0.08570234399116268 -0.02800076583141838 0.9959272389824845 1.8 0.16
0.4523 -0.1519 -0.0091 0.051501629022289365 -0.01680053140921284 0.9985315840535134 1.8 0.12
0.3339 -0.1122 -0.0042 0.028501439501553958 -0.009300469732086028 0.9995504835720415 1.8 0.08
0.1844 -0.0619 -0.0011 0.01240018743024952 -0.004000060461370813 0.999915113831169 1.8 0.04
0.6658 -0.3464 -0.0638 0.8251992573210026 -0.4223996198405132 0.3749996625004556 1.7 0.36
0.6588 -0.3428 -0.0528 0.6066032362368979 -0.3104016559972521 0.7319039047177475 1.7 0.32
0.6431 -0.3346 -0.0423 0.36631018173300384 -0.18740520900017724 0.9114253334192184 1.7 0.28
0.6151 -0.32 -0.0324 0.2156067388939379 -0.1103034475881324 0.9702303250227204 1.7 0.24
0.5714 -0.2973 -0.0234 0.13049940427157927 -0.06679969506008808 0.989195484332921 1.7 0.2
0.5088 -0.2647 -0.0156 0.0801034517321043 -0.04100176680419821 0.9959429161049023 1.7 0.16
0.4238 -0.2205 -0.0091 0.048201671421935335 -0.024600853049369487 0.9985346247884322 1.7 0.12
0.3129 -0.1628 -0.0042 0.026698655222603805 -0.013699309983133788 0.9995496539518638 1.7 0.08
0.1728 -0.0899 -0.0011 0.011600177600078596 -0.005900090331074459 0.999915308820568 1.7 0.04
0.6055 -0.4444 -0.0638 0.7492227692259403 -0.5457165845790118 0.37531140588694 1.6 0.36
0.5992 -0.4397 -0.0528 0.5506187846802645 -0.4010136808150855 0.7321249768696361 1.6 0.32
0.5848 -0.4292 -0.0423 0.33238060117230234 -0.24208587107044047 0.9115467991235585 1.6 0.28
0.5594 -0.4105 -0.0324 0.19559812128906745 -0.14239863226770555 0.9702906804027719 1.6 0.24
0.5197 -0.3814 -0.0234 0.1184010129249984 -0.08630073830597433 0.9892084627145981 1.6 0.2
0.4627 -0.3396 -0.0156 0.0727036167313737 -0.052902631706873024 0.9959495447424355 1.6 0.16
0.3854 -0.2828 -0.0091 0.04370167861371395 -0.03180122150837766 0.9985383545948142 1.6 0.12
0.2845 -0.2088 -0.0042 0.0241988438068637 -0.01759915913226451 0.9995522425347502 1.6 0.08
0.1571 -0.1153 -0.0011 0.01050016789902707 -0.007600121526914831 0.9999159887844921 1.6 0.04
0.5312 -0.5312 -0.0638 0.6553923057394957 -0.6553923057394957 0.37539559288160923 1.5 0.36
0.5257 -0.5257 -0.0528 0.4816014544385886 -0.4816014544385886 0.732202211254017 1.5 0.32
0.5131 -0.5131 -0.0423 0.2906959971436788 -0.2906959971436788 0.9115874475272706 1.5 0.28
0.4908 -0.4908 -0.0324 0.17100307038769347 -0.17100307038769347 0.970317422205725 1.5 0.24
0.456 -0.456 -0.0234 0.10360090340381654 -0.10360090340381654 0.9892086259368275 1.5 0.2
0.406 -0.406 -0.0156 0.06359663201155065 -0.06359663201155065 0.995947256029944 1.5 0.16
0.3381 -0.3381 -0.0091 0.038201514147020416 -0.038201514147020416 0.9985395779005206 1.5 0.12
0.2496 -0.2496 -0.0042 0.02119895025397449 -0.02119895025397449 0.9995505034845708 1.5 0.08
0.1378 -0.1378 -0.0011 0.009200141269253791 -0.009200141269253791 0.9999153538181377 1.5 0.04
0.4444 -0.6055 -0.0638 0.5457165845790118 -0.7492227692259403 0.37531140588694 1.4 0.36
0.4397 -0.5992 -0.0528 0.4010136808150855 -0.5506187846802645 0.7321249768696361 1.4 0.32
0.4292 -0.5848 -0.0423 0.24208587107044047 -0.33238060117230234 0.9115467991235585 1.4 0.28
0.4105 -0.5594 -0.0324 0.14239863226770555 -0.19559812128906745 0.9702906804027719 1.4 0.24
0.3814 -0.5197 -0.0234 0.08630073830597433 -0.1184010129249984 0.9892084627145981 1.4 0.2
0.3396 -0.4627 -0.0156 0.052902631706873024 -0.0727036167313737 0.9959495447424355 1.4 0.16
0.2828 -0.3854 -0.0091 0.03180122150837766 -0.04370167861371395 0.9985383545948142 1.4 0.12
0.2088 -0.2845 -0.0042 0.01759915913226451 -0.0241988438068637 0.9995522425347502 1.4 0.08
0.1153 -0.1571 -0.0011 0.007600121526914831 -0.01050016789902707 0.9999159887844921 1.4 0.04
0.3464 -0.6658 -0.0638 0.4223996198405132 -0.8251992573210026 0.3749996625004556 1.3 0.36
0.3428 -0.6588 -0.0528 0.3104016559972521 -0.6066032362368979 0.7319039047177475 1.3 0.32
0.3346 -0.6431 -0.0423 0.18740520900017724 -0.36631018173300384 0.9114253334192184 1.3 0.28
0.32 -0.6151 -0.0324 0.1103034475881324 -0.2156067388939379 0.9702303250227204 1.3 0.24
0.2973 -0.5714 -0.0234 0.06679969506008808 -0.13049940427157927 0.989195484332921 1.3 0.2
0.2647 -0.5088 -0.0156 0.04100176680419821 -0.0801034517321043 0.9959429161049023 1.3 0.16
0.2205 -0.4238 -0.0091 0.024600853049369487 -0.048201671421935335 0.9985346247884322 1.3 0.12
0.1628 -0.3129 -0.0042 0.013699309983133788 -0.026698655222603805 0.9995496539518638 1.3 0.08
0.0899 -0.1728 -0.0011 0.005900090331074459 -0.011600177600078596 0.999915308820568 1.3 0.04
0.2387 -0.7106 -0.0638 0.287786346300692 -0.8813581849528489 0.37468222362359027 1.2 0.36
0.2362 -0.7032 -0.0528 0.21159682078165146 -0.6481902610144918 0.7314890094601987 1.2 0.32
0.2306 -0.6864 -0.0423 0.12780199117053379 -0.39160610127058715 0.9112141968277808 1.2 0.28
0.2205 -0.6565 -0.0324 0.07519724294363028 -0.23049154918227102 0.9701644295732725 1.2 0.24
0.2049 -0.6099 -0.0234 0.045498292708598564 -0.13959476180484306 0.9891628823592461 1.2 0.2
0.1824 -0.5431 -0.0156 0.02800076583141838 -0.08570234399116268 0.9959272389824845 1.2 0.16
0.1519 -0.4523 -0.0091 0.01680053140921284 -0.051501629022289365 0.9985315840535134 1.2 0.12
0.1122 -0.3339 -0.0042 0.009300469732086028 -0.028501439501553958 0.9995504835720415 1.2 0.08
0.0619 -0.1844 -0.0011 0.004000060461370813 -0.01240018743024952 0.999915113831169 1.2 0.04
0.1228 -0.7386 -0.0638 0.14550288244065201 -0.9158181425371074 0.3743074151033406 1.1 0.36
0.1215 -0.7309 -0.0528 0.10699478841078168 -0.6738671767292129 0.7310643907207709 1.1 0.32
0.1186 -0.7134 -0.0423 0.06460303641406888 -0.4072191397493629 0.9110428200188351 1.1 0.28
0.1134 -0.6823 -0.0324 0.038000112100496045 -0.239700707118129 0.9701028618076635 1.1 0.24
0.1054 -0.6339 -0.0234 0.023000795266244732 -0.1452050205503798 0.9891341999062028 1.1 0.2
0.0938 -0.5644 -0.0156 0.014100321279480573 -0.08910203021288787 0.9959226923570711 1.1 0.16
0.0781 -0.4701 -0.0091 0.008500223303799324 -0.0536014081274875 0.9985262316286618 1.1 0.12
0.0577 -0.3471 -0.0042 0.004700224605599296 -0.029701419316233844 0.9995477645311693 1.1 0.08
0.0319 -0.1916 -0.0011 0.0020000295806562483 -0.012900190795232802 0.9999147888490915 1.1 0.04
0 -0.7482 -0.0638 0 -0.9273553025515996 0.37418196486392985 1 0.36
0 -0.7404 -0.0528 0 -0.6824928133885123 0.7308923037445622 1 0.32
0 -0.7227 -0.0423 0 -0.4124840681105479 0.9109648146635373 1 0.28
0 -0.6912 -0.0324 0 -0.2427944340014 0.9700777612222329 1 0.24
0 -0.6422 -0.0234 0 -0.14710314656995807 0.9891211575278417 1 0.2
0 -0.5718 -0.0156 0 -0.09030131389367581 0.9959144906612595 1 0.16
0 -0.4762 -0.0091 0 -0.054301337458412605 0.9985245939636278 1 0.12
0 -0.3516 -0.0042 0 -0.03010141088619312 0.9995468498588049 1 0.08
0 -0.1941 -0.0011 0 -0.013000201439681974 0.9999154938106158 1 0.04
-0.1228 -0.7386 -0.0638 -0.14550288244065201 -0.9158181425371074 0.3743074151033406 0.9 0.36
-0.1215 -0.7309 -0.0528 -0.10699478841078168 -0.6738671767292129 0.7310643907207709 0.9 0.32
-0.1186 -0.7134 -0.0423 -0.06460303641406888 -0.4072191397493629 0.9110428200188351 0.9 0.28
-0.1134 -0.6823 -0.0324 -0.038000112100496045 -0.239700707118129 0.9701028618076635 0.9 0.24
-0.1054 -0.6339 -0.0234 -0.023000795266244732 -0.1452050205503798 0.9891341999062028 0.9 0.2
-0.0938 -0.5644 -0.0156 -0.014100321279480573 -0.08910203021288787 0.9959226923570711 0.9 0.16
-0.0781 -0.4701 -0.0091 -0.008500223303799324 -0.0536014081274875 0.9985262316286618 0.9 0.12
-0.0577 -0.3471 -0.0042 -0.004700224605599296 -0.029701419316233844 0.9995477645311693 0.9 0.08
-0.0319 -0.1916 -0.0011 -0.0020000295806562483 -0.012900190795232802 0.9999147888490915 0.9 0.04
-0.2387 -0.7106 -0.0638 -0.287786346300692 -0.8813581849528489 0.37468222362359027 0.8 0.36
-0.2362 -0.7032 -0.0528 -0.21159682078165146 -0.6481902610144918 0.7314890094601987 0.8 0.32
-0.2306 -0.6864 -0.0423 -0.12780199117053379 -0.39160610127058715 0.9112141968277808 0.8 0.28
-0.2205 -0.6565 -0.0324 -0.07519724294363028 -0.23049154918227102 0.9701644295732725 0.8 0.24
-0.2049 -0.6099 -0.0234 -0.045498292708598564 -0.13959476180484306 0.9891628823592461 0.8 0.2
-0.1824 -0.5431 -0.0156 -0.02800076583141838 -0.08570234399116268 0.9959272389824845 0.8 0.16
-0.1519 -0.4523 -0.0091 -0.01680053140921284 -0.051501629022289365 0.9985315840535134 0.8 0.12
-0.1122 -0.3339 -0.0042 -0.009300469732086028 -0.028501439501553958 0.9995504835720415 0.8 0.08
-0.0619 -0.1844 -0.0011 -0.004000060461370813 -0.01240018743024952 0.999915113831169 0.8 0.04
-0.3464 -0.6658 -0.0638 -0.4223996198405132 -0.8251992573210026 0.3749996625004556 0.7 0.36
-0.3428 -0.6588 -0.0528 -0.3104016559972521 -0.6066032362368979 0.7319039047177475 0.7 0.32
-0.3346 -0.6431 -0.0423 -0.18740520900017724 -0.36631018173300384 0.9114253334192184 0.7 0.28
-0.32 -0.6151 -0.0324 -0.1103034475881324 -0.2156067388939379 0.9702303250227204 0.7 0.24
-0.2973 -0.5714 -0.0234 -0.06679969506008808 -0.13049940427157927 0.989195484332921 0.7 0.2
-0.2647 -0.5088 -0.0156 -0.04100176680419821 -0.0801034517321043 0.9959429161049023 0.7 0.16
-0.2205 -0.4238 -0.0091 -0.024600853049369487 -0.048201671421935335 0.9985346247884322 0.7 0.12
-0.1628 -0.3129 -0.0042 -0.013699309983133788 -0.026698655222603805 0.9995496539518638 0.7 0.08
-0.0899 -0.1728 -0.0011 -0.005900090331074459 -0.011600177600078596 0.999915308820568 0.7 0.04
-0.4444 -0.6055 -0.0638 -0.5457165845790118 -0.7492227692259403 0.37531140588694 0.6 0.36
-0.4397 -0.5992 -0.0528 -0.4010136808150855 -0.5506187846802645 0.7321249768696361 0.6 0.32
-0.4292 -0.5848 -0.0423 -0.24208587107044047 -0.33238060117230234 0.9115467991235585 0.6 0.28
-0.4105 -0.5594 -0.0324 -0.14239863226770555 -0.19559812128906745 0.9702906804027719 0.6 0.24
-0.3814 -0.5197 -0.0234 -0.08630073830597433 -0.1184010129249984 0.9892084627145981 0.6 0.2
-0.3396 -0.4627 -0.0156 -0.052902631706873024 -0.0727036167313737 0.9959495447424355 0.6 0.16
-0.2828 -0.3854 -0.0091 -0.03180122150837766 -0.04370167861371395 0.9985383545948142 0.6 0.12
-0.2088 -0.2845 -0.0042 -0.01759915913226451 -0.0241988438068637 0.9995522425347502 0.6 0.08
-0.1153 -0.1571 -0.0011 -0.007600121526914831 -0.01050016789902707 0.9999159887844921 0.6 0.04
-0.5312 -0.5312 -0.0638 -0.6553923057394957 -0.6553923057394957 0.37539559288160923 0.5 0.36
-0.5257 -0.5257 -0.0528 -0.4816014544385886 -0.4816014544385886 0.732202211254017 0.5 0.32
-0.5131 -0.5131 -0.0423 -0.2906959971436788 -0.2906959971436788 0.9115874475272706 0.5 0.28
-0.4908 -0.4908 -0.0324 -0.17100307038769347 -0.17100307038769347 0.970317422205725 0.5 0.24
-0.456 -0.456 -0.0234 -0.10360090340381654 -0.10360090340381654 0.9892086259368275 0.5 0.2
-0.406 -0.406 -0.0156 -0.06359663201155065 -0.06359663201155065 0.995947256029944 0.5 0.16
-0.3381 -0.3381 -0.0091 -0.038201514147020416 -0.038201514147020416 0.9985395779005206 0.5 0.12
-0.2496 -0.2496 -0.0042 -0.02119895025397449 -0.02119895025397449 0.9995505034845708 0.5 0.08
-0.1378 -0.1378 -0.0011 -0.009200141269253791 -0.009200141269253791 0.9999153538181377 0.5 0.04
-0.6055 -0.4444 -0.0638 -0.7492227692259403 -0.5457165845790118 0.37531140588694 0.4 0.36
-0.5992 -0.4397 -0.0528 -0.5506187846802645 -0.4010136808150855 0.7321249768696361 0.4 0.32
-0.5848 -0.4292 -0.0423 -0.33238060117230234 -0.24208587107044047 0.9115467991235585 0.4 0.28
-0.5594 -0.4105 -0.0324 -0.19559812128906745 -0.14239863226770555 0.9702906804027719 0.4 0.24
-0.5197 -0.3814 -0.0234 -0.1184010129249984 -0.08630073830597433 0.9892084627145981 0.4 0.2
-0.4627 -0.3396 -0.0156 -0.0727036167313737 -0.052902631706873024 0.9959495447424355 0.4 0.16
-0.3854 -0.2828 -0.0091 -0.04370167861371395 -0.03180122150837766 0.9985383545948142 0.4 0.12
-0.2845 -0.2088 -0.0042 -0.0241988438068637 -0.01759915913226451 0.9995522425347502 0.4 0.08
-0.1571 -0.1153 -0.0011 -0.01050016789902707 -0.007600121526914831 0.9999159887844921 0.4 0.04
-0.6658 -0.3464 -0.0638 -0.8251992573210026 -0.4223996198405132 0.3749996625004556 0.3 0.36
-0.6588 -0.3428 -0.0528 -0.6066032362368979 -0.3104016559972521 0.7319039047177475 0.3 0.32
-0.6431 -0.3346 -0.0423 -0.36631018173300384 -0.18740520900017724 0.9114253334192184 0.3 0.28
-0.6151 -0.32 -0.0324 -0.2156067388939379 -0.1103034475881324 0.9702303250227204 0.3 0.24
-0.5714 -0.2973 -0.0234 -0.13049940427157927 -0.06679969506008808 0.989195484332921 0.3 0.2
-0.5088 -0.2647 -0.0156 -0.0801034517321043 -0.04100176680419821 0.9959429161049023 0.3 0.16
-0.4238 -0.2205 -0.0091 -0.048201671421935335 -0.024600853049369487 0.9985346247884322 0.3 0.12
-0.3129 -0.1628 -0.0042 -0.026698655222603805 -0.013699309983133788 0.9995496539518638 0.3 0.08
-0.1728 -0.0899 -0.0011 -0.011600177600078596 -0.005900090331074459 0.999915308820568 0.3 0.04
-0.7106 -0.2387 -0.0638 -0.8813581849528489 -0.287786346300692 0.37468222362359027 0.2 0.36
-0.7032 -0.2362 -0.0528 -0.6481902610144918 -0.21159682078165146 0.7314890094601987 0.2 0.32
-0.6864 -0.2306 -0.0423 -0.39160610127058715 -0.12780199117053379 0.9112141968277808 0.2 0.28
-0.6565 -0.2205 -0.0324 -0.23049154918227102 -0.07519724294363028 0.9701644295732725 0.2 0.24
-0.6099 -0.2049 -0.0234 -0.13959476180484306 -0.045498292708598564 0.9891628823592461 0.2 0.2
-0.5431 -0.1824 -0.0156 -0.08570234399116268 -0.02800076583141838 0.9959272389824845 0.2 0.16
-0.4523 -0.1519 -0.0091 -0.051501629022289365 -0.01680053140921284 0.9985315840535134 0.2 0.12
-0.3339 -0.1122 -0.0042 -0.028501439501553958 -0.009300469732086028 0.9995504835720415 0.2 0.08
-0.1844 -0.0619 -0.0011 -0.01240018743024952 -0.004000060461370813 0.999915113831169 0.2 0.04
-0.7386 -0.1228 -0.0638 -0.9158181425371074 -0.14550288244065201 0.3743074151033406 0.1 0.36
-0.7309 -0.1215 -0.0528 -0.6738671767292129 -0.10699478841078168 0.7310643907207709 0.1 0.32
-0.7134 -0.1186 -0.0423 -0.4072191397493629 -0.06460303641406888 0.9110428200188351 0.1 0.28
-0.6823 -0.1134 -0.0324 -0.239700707118129 -0.038000112100496045 0.9701028618076635 0.1 0.24
-0.6339 -0.1054 -0.0234 -0.1452050205503798 -0.023000795266244732 0.9891341999062028 0.1 0.2
-0.5644 -0.0938 -0.0156 -0.08910203021288787 -0.014100321279480573 0.9959226923570711 0.1 0.16
-0.4701 -0.0781 -0.0091 -0.0536014081274875 -0.008500223303799324 0.9985262316286618 0.1 0.12
-0.3471 -0.0577 -0.0042 -0.029701419316233844 -0.004700224605599296 0.9995477645311693 0.1 0.08
-0.1916 -0.0319 -0.0011 -0.012900190795232802 -0.0020000295806562483 0.9999147888490915 0.1 0.04
0.8 0 -1.0125 -0.001099999334500604 0 0.9999993950005491 0.5 1
0.9004 0 -1.0124 -0.004899941176559261 0 0.9999879952161758 0.5 0.95
0.9916 0 -1.0116 -0.017299141118964637 0 0.9998503586620081 0.5 0.9
1.0732 0 -1.0095 -0.041701257311862215 0 0.999130124227375 0.5 0.85
1.1448 0 -1.0053 -0.08359994942204588 0 0.996499397118047 0.5 0.8
1.2063 0 -0.9984 -0.15240284614972802 0 0.9883184570195288 0.5 0.75
1.2572 0 -0.9882 -0.2639127393754019 0 0.9645465597861884 0.5 0.7
1.2974 0 -0.9739 -0.4404006606014864 0 0.8978013467030301 0.5 0.65
1.3264 0 -0.9549 -0.686617660033327 0 0.7270186991614168 0.5 0.6
1.3441 0 -0.9305 -0.9161711044190428 0 0.4007873593660253 0.5 0.55
1.35 0 -0.9 -0.9984532684883771 0 0.055597397824690795 0.5 0.5
0.7986 0.0405 -1.0157 -0.001100022847711823 0.17470362863205044 0.9846204507791463 0.95 1
0.9002 0.0405 -1.0155 -0.004899903815832133 0.1702966571094311 0.9853806571675479 0.95 0.95
0.9924 0.0405 -1.0147 -0.01729986696453456 0.1699986927150795 0.985292423130399 0.95 0.9
1.0748 0.0405 -1.0125 -0.04180036596380603 0.16970148574301155 0.9846086202862062 0.95 0.85
1.1472 0.0405 -1.0082 -0.0837950524671863 0.17018995143096785 0.9818420288488093 0.95 0.8
1.2092 0.0405 -1.0012 -0.15260517874461255 0.17240585069181652 0.973133023829505 0.95 0.75
1.2606 0.0405 -0.9907 -0.2637996293617811 0.17859974906752885 0.9478986682033067 0.95 0.7
1.3011 0.0405 -0.976 -0.4381135401081888 0.19130591240058553 0.8783271451198864 0.95 0.65
1.3304 0.0405 -0.9564 -0.6769846833948053 0.2103952398615466 0.7052840431290343 0.95 0.6
1.3482 0.0405 -0.9313 -0.8951017409745793 0.22470043704277506 0.38510074902168523 0.95 0.55
1.3542 0.0405 -0.9 -0.9728533917104781 0.225389201862002 0.05249748490574581 0.95 0.5
0.7948 0.072 -1.0242 -0.0010999832968804544 0.38959408405875 0.920986014933544 0.9 1
0.8996 0.072 -1.0241 -0.004799887947923768 0.37779118056783334 0.9258783856213786 0.9 0.95
0.9946 0.072 -1.0232 -0.01699897762723499 0.3772773093385743 0.9259443107540942 0.9 0.9
1.0793 0.072 -1.0208 -0.041000203156509964 0.3770018680488843 0.9253045848955773 0.9 0.85
1.1537 0.072 -1.0163 -0.08220334163375748 0.37851538696322634 0.9219374775202072 0.9 0.8
1.2173 0.072 -1.0087 -0.14959664832464104 0.38389139900955677 0.9111795852500862 0.9 0.75
1.27 0.072 -0.9974 -0.25680583854710975 0.3973090329235464 0.8810200302180831 0.9 0.7
1.3114 0.072 -0.9816 -0.4194935020959784 0.4227934509801661 0.8032875571721084 0.9 0.65
1.3413 0.072 -0.9606 -0.6299193104724483 0.45721401611049906 0.627819246093988 0.9 0.6
1.3595 0.072 -0.9337 -0.8114729053720269 0.47968398361917597 0.3337888549761954 0.9 0.55
1.3656 0.072 -0.9 -0.8766898041568661 0.47909442816420045 0.043399495266805053 0.9 0.5
0.7892 0.0945 -1.0368 -0.0008999833234635229 0.6495879632465605 0.7602859120325739 0.85 1
0.8987 0.0945 -1.0367 -0.004299940252745279 0.6278912755113397 0.7782891857468955 0.85 0.95
0.9977 0.0945 -1.0357 -0.01519962350998843 0.6274844574024828 0.7784807172714469 0.85 0.9
1.086 0.0945 -1.0331 -0.0367002572697052 0.6278044009242758 0.7775054503323103 0.85 0.85
1.1632 0.0945 -1.028 -0.07360058586299523 0.6306050196359346 0.7726061499694308 0.85 0.8
1.2292 0.0945 -1.0197 -0.1331072984732684 0.6388350282849276 0.7577415481081554 0.85 0.75
1.2837 0.0945 -1.0073 -0.22460065583487257 0.6564019166963952 0.7202021029932112 0.85 0.7
1.3265 0.0945 -0.9899 -0.35469927996119255 0.6858986076272398 0.6353987101419276 0.85 0.65
1.3574 0.0945 -0.9668 -0.5077080167728779 0.719211356436978 0.4743074893743864 0.85 0.6
1.3761 0.0945 -0.9371 -0.6311116693626507 0.7365136182627038 0.24340450059082427 0.85 0.55
1.3824 0.0945 -0.9 -0.6791222552009605 0.7334240346994322 0.029700973316843654 0.85 0.5
0.7824 0.108 -1.0521 -0.0005999706141589601 0.9043557057422726 0.4267790968717403 0.8 1
0.8977 0.108 -1.0519 -0.002700085405052064 0.8807278578627233 0.47361498067876207 0.8 0.95
1.0016 0.108 -1.0509 -0.009999919000984136 0.8807928656066827 0.473396165506589 0.8 0.9
1.094 0.108 -1.048 -0.024400761193618337 0.8816275027989314 0.47131470289148863 0.8 0.85
1.1748 0.108 -1.0424 -0.04879913894678987 0.8842843969394729 0.4643918058788773 0.8 0.8
1.2436 0.108 -1.0331 -0.08680091098034114 0.8901093417465628 0.44740469553691964 0.8 0.75
1.3004 0.108 -1.0192 -0.14159632420713478 0.9005766213343613 0.4109893308554547 0.8 0.7
1.3449 0.108 -0.9999 -0.21139760699263319 0.9147896446398337 0.3441961037221587 0.8 0.65
1.3769 0.108 -0.9742 -0.28420316461985723 0.927510327885002 0.24280270362315737 0.8 0.6
1.3963 0.108 -0.9412 -0.34151098146216624 0.9320299699055312 0.12120389737398109 0.8 0.55
1.4028 0.108 -0.9 -0.3698030545858464 0.9290076736350765 0.01380011398941233 0.8 0.5
0.775 0.1125 -1.0688 9.999610972702512E-05 0.9975611906368026 -0.06979728458946353 0.75 1
0.8965 0.1125 -1.0686 9.999996750001584E-05 0.9999996750001584 -0.0007999997400001267 0.75 0.95
1.0058 0.1125 -1.0674 -0.00039999916800259594 0.9999979200064898 -0.00199999584001298 0.75 0.9
1.1028 0.1125 -1.0642 -0.0012999879751668443 0.9999907501283418 -0.004099962075526202 0.75 0.85
1.1874 0.1125 -1.058 -0.0023999182001821964 0.9999659167425818 -0.007899730742266397 0.75 0.8
1.2594 0.1125 -1.0477 -0.0030000090450409056 0.9999030147121338 -0.013600041004185439 0.75 0.75
1.3186 0.1125 -1.0323 -0.0014999769155329035 0.9997846134331979 -0.020699681434354068 0.75 0.7
1.3649 0.1125 -1.0109 0.004799774559883258 0.9996530473990196 -0.025898783562703417 0.75 0.65
1.3982 0.1125 -0.9823 0.015200543505149712 0.9996357426149772 -0.022300797379265696 0.75 0.6
1.4183 0.1125 -0.9457 0.02070075983533489 0.9997366960089029 -0.009900363399507991 0.75 0.55
1.425 0.1125 -0.9 0.014299960675162217 0.9998972502863427 -0.0009999972500113437 0.75 0.5
0.7676 0.108 -1.0854 0.0008000154724488573 0.8528164936304818 -0.5222100996409915 0.7 1
0.8953 0.108 -1.0852 0.003100115155916239 0.8801326931360911 -0.47471763371401254 0.7 0.95
1.01 0.108 -1.0839 0.01070040004193349 0.8795328819514491 -0.4757177850418469 0.7 0.9
1.1116 0.108 -1.0804 0.025799988003008367 0.8794995910327852 -0.47519977903215416 0.7 0.85
1.2 0.108 -1.0735 0.05150223473044847 0.8809382247388751 -0.47042041198452356 0.7 0.8
1.2751 0.108 -1.0622 0.09230237635526929 0.8851227877795109 -0.45611174274797756 0.7 0.75
1.3368 0.108 -1.0454 0.15250207327977947 0.8930121405825775 -0.42340575624038446 0.7 0.7
1.3849 0.108 -1.0218 0.23269264353835997 0.903671430879312 -0.35948863494645644 0.7 0.65
1.4195 0.108 -0.9905 0.3186036751145888 0.913110532790744 -0.25440293455477525 0.7 0.6
1.4402 0.108 -0.9502 0.3790044192172922 0.9172106947390513 -0.1228014318730435 0.7 0.55
1.4472 0.108 -0.9 0.3933969924914886 0.919292972032093 -0.01179990979003448 0.7 0.5
0.7608 0.0945 -1.1007 0.0012000072840663216 0.6041036669203873 -0.7969048372270431 0.65 1
0.8942 0.0945 -1.1005 0.005100242292765314 0.6273298020101337 -0.7787369947796764 0.65 0.95
1.0139 0.0945 -1.0991 0.018700527549323356 0.6267176799551308 -0.7790219765199408 0.65 0.9
1.1197 0.0945 -1.0953 0.04549868829172455 0.6278818984257988 -0.7769776000586808 0.65 0.85
1.2116 0.0945 -1.0879 0.09130014471084406 0.6333010037828866 -0.7685012180753961 0.65 0.8
1.2895 0.0945 -1.0756 0.1641044464702165 0.6456174932429724 -0.7458202082723184 0.65 0.75
1.3535 0.0945 -1.0573 0.27189184608580197 0.6665800095652651 -0.6940791848773636 0.65 0.7
1.4033 0.0945 -1.0319 0.4142025742769987 0.6928043057921407 -0.590303668748702 0.65 0.65
1.439 0.0945 -0.9979 0.5626192390938268 0.7134243959643372 -0.41771428398416544 0.65 0.6
1.4604 0.0945 -0.9544 0.66382812035478 0.720030501138056 -0.20220856573627072 0.65 0.55
1.4676 0.0945 -0.9 0.6925973750609227 0.7210972670465368 -0.018099931401389983 0.65 0.5
0.7552 0.072 -1.1133 0.0014000134051925324 0.3655034997127647 -0.9308089125380065 0.6 1
0.8933 0.072 -1.1131 0.0062999308901372005 0.37749585889314174 -0.9259898419471505 0.6 0.95
1.017 0.072 -1.1116 0.02289977523980903 0.3770962988179906 -0.9258909124252916 0.6 0.9
1.1263 0.072 -1.1075 0.056097857663722946 0.37858554209421585 -0.9238647182801004 0.6 0.85
1.2211 0.072 -1.0996 0.11329704185285534 0.38418996893086516 -0.916276076343966 0.6 0.8
1.3015 0.072 -1.0866 0.2055010634707552 0.39680205345593994 -0.8946046295909372 0.6 0.75
1.3672 0.072 -1.0672 0.34460065301885623 0.4183007926807532 -0.8404015925625269 0.6 0.7
1.4184 0.072 -1.0401 0.530399888616035 0.44509990652902937 -0.7214998484850477 0.6 0.65
1.4551 0.072 -1.0041 0.7215808567138037 0.46548765077643517 -0.5124864039160537 0.6 0.6
1.4771 0.072 -0.9578 0.8467669047622783 0.47078159986074714 -0.24769031921305662 0.6 0.55
1.4844 0.072 -0.9 0.8822063342642201 0.4704033775083758 -0.020800149345608455 0.6 0.5
0.7514 0.0405 -1.1218 0.0014999382563124922 0.16579317526440748 -0.9861594055835865 0.55 1
0.8927 0.0405 -1.1216 0.006799906705919986 0.1701976649040561 -0.9853864805902287 0.55 0.95
1.0192 0.0405 -1.1201 0.024800358863789156 0.17010246140042484 -0.9851142547063991 0.55 0.9
1.1308 0.0405 -1.1159 0.060800638106045406 0.17090179362373617 -0.9834103209454779 0.55 0.85
1.2276 0.0405 -1.1077 0.12329951358437838 0.17399931357406193 -0.9769961457578075 0.55 0.8
1.3095 0.0405 -1.0941 0.22481002675079462 0.1810080731400971 -0.9574427028968451 0.55 0.75
1.3766 0.0405 -1.0739 0.37988220103644593 0.19309095293534537 -0.9046576132605227 0.55 0.7
1.4287 0.0405 -1.0458 0.5887242618267551 0.20830858457365906 -0.781032186999653 0.55 0.65
1.466 0.0405 -1.0083 0.8018987730958158 0.2196996638597715 -0.555599149933951 0.55 0.6
1.4883 0.0405 -0.9601 0.9374438452739892 0.22231039770045635 -0.26791253056208847 0.55 0.55
1.4958 0.0405 -0.9 0.9748768664464356 0.2216947392462558 -0.021599487450244138 0.55 0.5
0.75 0 -1.125 0.001599997952003932 0 -0.9999987200024575 0.5 1
0.8925 0 -1.1248 0.006899835751364885 0 -0.9999761958499834 0.5 0.95
1.02 0 -1.1232 0.025299491738316412 0 -0.9996799166322102 0.5 0.9
1.1325 0 -1.1189 0.062098136462886706 0 -0.9980700483672661 0.5 0.85
1.23 0 -1.1106 0.12590536305316133 0 -0.9920422569399207 0.5 0.8
1.3125 0 -1.0969 0.22990318992889056 0 -0.9732135034310408 0.5 0.75
1.38 0 -1.0764 0.38938879160494816 0 -0.9210734872812475 0.5 0.7
1.4325 0 -1.0478 0.6047256862690481 0 -0.7964338292453611 0.5 0.65
1.47 0 -1.0098 0.8239952373212924 0 -0.5665967250803936 0.5 0.6
1.4925 0 -0.961 0.9620466944694483 0 -0.2728848798676982 0.5 0.55
1.5 0 -0.9 0.9997645439791606 0 -0.02169923045043787 0.5 0.5
0.7514 -0.0405 -1.1218 0.0014999382563124922 -0.16579317526440748 -0.9861594055835865 0.45 1
0.8927 -0.0405 -1.1216 0.006799906705919986 -0.1701976649040561 -0.9853864805902287 0.45 0.95
1.0192 -0.0405 -1.1201 0.024800358863789156 -0.17010246140042484 -0.9851142547063991 0.45 0.9
1.1308 -0.0405 -1.1159 0.060800638106045406 -0.17090179362373617 -0.9834103209454779 0.45 0.85
1.2276 -0.0405 -1.1077 0.12329951358437838 -0.17399931357406193 -0.9769961457578075 0.45 0.8
1.3095 -0.0405 -1.0941 0.22481002675079462 -0.1810080731400971 -0.9574427028968451 0.45 0.75
1.3766 -0.0405 -1.0739 0.37988220103644593 -0.19309095293534537 -0.9046576132605227 0.45 0.7
1.4287 -0.0405 -1.0458 0.5887242618267551 -0.20830858457365906 -0.781032186999653 0.45 0.65
1.466 -0.0405 -1.0083 0.8018987730958158 -0.2196996638597715 -0.555599149933951 0.45 0.6
1.4883 -0.0405 -0.9601 0.9374438452739892 -0.22231039770045635 -0.26791253056208847 0.45 0.55
1.4958 -0.0405 -0.9 0.9748768664464356 -0.2216947392462558 -0.021599487450244138 0.45 0.5
0.7552 -0.072 -1.1133 0.0014000134051925324 -0.3655034997127647 -0.9308089125380065 0.4 1
0.8933 -0.072 -1.1131 0.0062999308901372005 -0.37749585889314174 -0.9259898419471505 0.4 0.95
1.017 -0.072 -1.1116 0.02289977523980903 -0.3770962988179906 -0.9258909124252916 0.4 0.9
1.1263 -0.072 -1.1075 0.056097857663722946 -0.37858554209421585 -0.9238647182801004 0.4 0.85
1.2211 -0.072 -1.0996 0.11329704185285534 -0.38418996893086516 -0.916276076343966 0.4 0.8
1.3015 -0.072 -1.0866 0.2055010634707552 -0.39680205345593994 -0.8946046295909372 0.4 0.75
1.3672 -0.072 -1.0672 0.3446150669000946 -0.41821828490313273 -0.840436744697735 0.4 0.7
1.4184 -0.072 -1.0401 0.530399888616035 -0.44509990652902937 -0.7214998484850477 0.4 0.65
1.4551 -0.072 -1.0041 0.7215808567138037 -0.46548765077643517 -0.5124864039160537 0.4 0.6
1.4771 -0.072 -0.9578 0.8467669047622783 -0.47078159986074714 -0.24769031921305662 0.4 0.55
1.4844 -0.072 -0.9 0.8822063342642201 -0.4704033775083758 -0.020800149345608455 0.4 0.5
0.7608 -0.0945 -1.1007 0.0012000072840663216 -0.6041036669203873 -0.7969048372270431 0.35 1
0.8942 -0.0945 -1.1005 0.005100242292765314 -0.6273298020101337 -0.7787369947796764 0.35 0.95
1.0139 -0.0945 -1.0991 0.018700527549323356 -0.6267176799551308 -0.7790219765199408 0.35 0.9
1.1197 -0.0945 -1.0953 0.04549868829172455 -0.6278818984257988 -0.7769776000586808 0.35 0.85
1.2116 -0.0945 -1.0879 0.09130014471084406 -0.6333010037828866 -0.7685012180753961 0.35 0.8
1.2896 -0.0945 -1.0756 0.1641044464702165 -0.6456174932429724 -0.7458202082723184 0.35 0.75
1.3535 -0.0945 -1.0573 0.27189184608580197 -0.6665800095652651 -0.6940791848773636 0.35 0.7
1.4033 -0.0945 -1.0319 0.4142025742769987 -0.6928043057921407 -0.590303668748702 0.35 0.65
1.439 -0.0945 -0.9979 0.5626192390938268 -0.7134243959643372 -0.41771428398416544 0.35 0.6
1.4604 -0.0945 -0.9544 0.66382812035478 -0.720030501138056 -0.20220856573627072 0.35 0.55
1.4676 -0.0945 -0.9 0.6925973750609227 -0.7210972670465368 -0.018099931401389983 0.35 0.5
0.7676 -0.108 -1.0854 0.0008000154724488573 -0.8528164936304818 -0.5222100996409915 0.3 1
0.8953 -0.108 -1.0852 0.003100115155916239 -0.8801326931360911 -0.47471763371401254 0.3 0.95
1.01 -0.108 -1.0839 0.01070040004193349 -0.8795328819514491 -0.4757177850418469 0.3 0.9
1.1116 -0.108 -1.0804 0.025799988003008367 -0.8794995910327852 -0.47519977903215416 0.3 0.85
1.2 -0.108 -1.0735 0.05150223473044847 -0.8809382247388751 -0.47042041198452356 0.3 0.8
1.2751 -0.108 -1.0622 0.09230237635526929 -0.8851227877795109 -0.45611174274797756 0.3 0.75
1.3368 -0.108 -1.0454 0.15249561581406712 -0.8929743273571275 -0.42348782490004866 0.3 0.7
1.3849 -0.108 -1.0218 0.23269264353835997 -0.903671430879312 -0.35948863494645644 0.3 0.65
1.4195 -0.108 -0.9905 0.3186036751145888 -0.913110532790744 -0.25440293455477525 0.3 0.6
1.4402 -0.108 -0.9502 0.3790044192172922 -0.9172106947390513 -0.1228014318730435 0.3 0.55
1.4472 -0.108 -0.9 0.3933969924914886 -0.919292972032093 -0.01179990979003448 0.3 0.5
0.775 -0.1125 -1.0688 9.999610972702512E-05 -0.9975611906368026 -0.06979728458946353 0.25 1
0.8965 -0.1125 -1.0686 9.999996750001584E-05 -0.9999996750001584 -0.0007999997400001267 0.25 0.95
1.0058 -0.1125 -1.0674 -0.00039999924600213197 -0.9999981150053299 -0.0018999964185101267 0.25 0.9
1.1028 -0.1125 -1.0642 -0.0012999879751668443 -0.9999907501283418 -0.004099962075526202 0.25 0.85
1.1874 -0.1125 -1.058 -0.0023999182001821964 -0.9999659167425818 -0.007899730742266397 0.25 0.8
1.2594 -0.1125 -1.0477 -0.0030000090450409056 -0.9999030147121338 -0.013600041004185439 0.25 0.75
1.3186 -0.1125 -1.0323 -0.0014999769155329035 -0.9997846134331979 -0.020699681434354068 0.25 0.7
1.3649 -0.1125 -1.0109 0.004799774559883258 -0.9996530473990196 -0.025898783562703417 0.25 0.65
1.3982 -0.1125 -0.9823 0.015200543505149712 -0.9996357426149772 -0.022300797379265696 0.25 0.6
1.4183 -0.1125 -0.9457 0.02070075983533489 -0.9997366960089029 -0.009900363399507991 0.25 0.55
1.425 -0.1125 -0.9 0.014299960675162217 -0.9998972502863427 -0.0009999972500113437 0.25 0.5
0.7824 -0.108 -1.0521 -0.0005999706141589601 -0.9043557057422726 0.4267790968717403 0.2 1
0.8977 -0.108 -1.0519 -0.002700085405052064 -0.8807278578627233 0.47361498067876207 0.2 0.95
1.0016 -0.108 -1.0509 -0.009999919000984136 -0.8807928656066827 0.473396165506589 0.2 0.9
1.094 -0.108 -1.048 -0.024400761193618337 -0.8816275027989314 0.47131470289148863 0.2 0.85
1.1748 -0.108 -1.0424 -0.04879913894678987 -0.8842843969394729 0.4643918058788773 0.2 0.8
1.2436 -0.108 -1.0331 -0.08680091098034114 -0.8901093417465628 0.44740469553691964 0.2 0.75
1.3004 -0.108 -1.0192 -0.14159632420713478 -0.9005766213343613 0.4109893308554547 0.2 0.7
1.3449 -0.108 -0.9999 -0.21139760699263319 -0.9147896446398337 0.3441961037221587 0.2 0.65
1.3769 -0.108 -0.9742 -0.28420316461985723 -0.927510327885002 0.24280270362315737 0.2 0.6
1.3963 -0.108 -0.9412 -0.34151098146216624 -0.9320299699055312 0.12120389737398109 0.2 0.55
1.4028 -0.108 -0.9 -0.3698030545858464 -0.9290076736350765 0.01380011398941233 0.2 0.5
0.7892 -0.0945 -1.0368 -0.0008999833234635229 -0.6495879632465605 0.7602859120325739 0.15 1
0.8987 -0.0945 -1.0367 -0.0043002102424182535 -0.6278306953930651 0.7783380538777039 0.15 0.95
0.9977 -0.0945 -1.0357 -0.01519962350998843 -0.6274844574024828 0.7784807172714469 0.15 0.9
1.086 -0.0945 -1.0331 -0.0367002572697052 -0.6278044009242758 0.7775054503323103 0.15 0.85
1.1632 -0.0945 -1.028 -0.07360058586299523 -0.6306050196359346 0.7726061499694308 0.15 0.8
1.2292 -0.0945 -1.0197 -0.1331072984732684 -0.6388350282849276 0.7577415481081554 0.15 0.75
1.2837 -0.0945 -1.0073 -0.22460065583487257 -0.6564019166963952 0.7202021029932112 0.15 0.7
1.3265 -0.0945 -0.9899 -0.35469927996119255 -0.6858986076272398 0.6353987101419276 0.15 0.65
1.3574 -0.0945 -0.9668 -0.5077080167728779 -0.719211356436978 0.4743074893743864 0.15 0.6
1.3761 -0.0945 -0.9371 -0.6311718345853083 -0.7364671358873252 0.24338913900200262 0.15 0.55
1.3824 -0.0945 -0.9 -0.6791222552009605 -0.7334240346994322 0.029700973316843654 0.15 0.5
0.7948 -0.072 -1.0242 -0.0010999832968804544 -0.38959408405875 0.920986014933544 0.1 1
0.8996 -0.072 -1.0241 -0.004799887947923768 -0.37779118056783334 0.9258783856213786 0.1 0.95
0.9946 -0.072 -1.0232 -0.01699897762723499 -0.3772773093385743 0.9259443107540942 0.1 0.9
1.0793 -0.072 -1.0208 -0.041000203156509964 -0.3770018680488843 0.9253045848955773 0.1 0.85
1.1537 -0.072 -1.0163 -0.08220334163375748 -0.37851538696322634 0.9219374775202072 0.1 0.8
1.2173 -0.072 -1.0087 -0.14959664832464104 -0.38389139900955677 0.9111795852500862 0.1 0.75
1.27 -0.072 -0.9974 -0.25680583854710975 -0.3973090329235464 0.8810200302180831 0.1 0.7
1.3114 -0.072 -0.9816 -0.4194935020959784 -0.4227934509801661 0.8032875571721084 0.1 0.65
1.3413 -0.072 -0.9606 -0.6299193104724483 -0.45721401611049906 0.627819246093988 0.1 0.6
1.3595 -0.072 -0.9337 -0.8114729053720269 -0.47968398361917597 0.3337888549761954 0.1 0.55
1.3656 -0.072 -0.9 -0.8766898041568661 -0.47909442816420045 0.043399495266805053 0.1 0.5
0.7986 -0.0405 -1.0157 -0.001100022847711823 -0.17470362863205044 0.9846204507791463 0.05 1
0.9002 -0.0405 -1.0155 -0.004899903815832133 -0.1702966571094311 0.9853806571675479 0.05 0.95
0.9924 -0.0405 -1.0147 -0.01729986696453456 -0.1699986927150795 0.985292423130399 0.05 0.9
1.0748 -0.0405 -1.0125 -0.04180036596380603 -0.16970148574301155 0.9846086202862062 0.05 0.85
1.1472 -0.0405 -1.0082 -0.0837950524671863 -0.17018995143096785 0.9818420288488093 0.05 0.8
1.2092 -0.0405 -1.0012 -0.15260517874461255 -0.17240585069181652 0.973133023829505 0.05 0.75
1.2606 -0.0405 -0.9907 -0.2637996293617811 -0.17859974906752885 0.9478986682033067 0.05 0.7
1.3011 -0.0405 -0.976 -0.4381135401081888 -0.19130591240058553 0.8783271451198864 0.05 0.65
1.3304 -0.0405 -0.9564 -0.6769846833948053 -0.2103952398615466 0.7052840431290343 0.05 0.6
1.3482 -0.0405 -0.9313 -0.8951017409745793 -0.22470043704277506 0.38510074902168523 0.05 0.55
1.3542 -0.0405 -0.9 -0.9728533917104781 -0.225389201862002 0.05249748490574581 0.05 0.5
1.347 0 -0.8631 -0.9888068821198495 0 -0.14920103844284135 0.5 0.45
1.3376 0 -0.8208 -0.9626664131547574 0 -0.2706905557712609 0.5 0.4
1.3217 0 -0.7745 -0.9274246883738112 0 -0.37400995627755595 0.5 0.35
1.2988 0 -0.7254 -0.884057756309398 0 -0.4673776668917686 0.5 0.3
1.2687 0 -0.675 -0.8318348379725365 0 -0.5550232448602522 0.5 0.25
1.2312 0 -0.6246 -0.7696536913305472 0 -0.6384615849221181 0.5 0.2
1.1859 0 -0.5756 -0.6965283841099905 0 -0.7175292399123018 0.5 0.15
1.1324 0 -0.5292 -0.612027958075702 0 -0.7908361262193874 0.5 0.1
1.0705 0 -0.4869 -0.5166851894313144 0 -0.8561754580822359 0.5 0.05
1 0 -0.45 -0.46349873465018165 0 -0.886097580956906 0.5 0
1.3511 0.0405 -0.8623 -0.9633093730457999 0.22540219317400942 -0.1457014176816911 0.95 0.45
1.3416 0.0405 -0.8193 -0.9375728764090225 0.22489349392532973 -0.2652923252040461 0.95 0.4
1.3253 0.0405 -0.7725 -0.9033486240483194 0.22111190166841957 -0.36751978228468657 0.95 0.35
1.302 0.0405 -0.723 -0.8617034726719923 0.2133008596041963 -0.46040185542321604 0.95 0.3
1.2715 0.0405 -0.6723 -0.8118877974181066 0.2018969655114124 -0.5477917667516181 0.95 0.25
1.2333 0.0405 -0.6217 -0.7524573293547442 0.18858930540372723 -0.6310642133631615 0.95 0.2
1.1872 0.0405 -0.5724 -0.6821835459313059 0.17559576468123322 -0.7097828802433903 0.95 0.15
1.1329 0.0405 -0.5257 -0.6004991262744068 0.16649975774302872 -0.7820988620469835 0.95 0.1
1.0702 0.0405 -0.4831 -0.5079857258016547 0.16519535807565622 -0.8453762452612577 0.95 0.05
0.9986 0.0405 -0.4458 -0.45517672740887616 0.1758910069227182 -0.8728553720457118 0.95 0
1.3623 0.072 -0.86 -0.8680540030370364 0.47857464100164226 -0.13209300057734422 0.9 0.45
1.3523 0.072 -0.8152 -0.844213976078062 0.47780791017543006 -0.24290402130935948 0.9 0.4
1.3352 0.072 -0.767 -0.8140864008002611 0.4713921254603157 -0.33919433380598024 0.9 0.35
1.3108 0.072 -0.7165 -0.7791215001544491 0.4580126390331635 -0.42801181114889514 0.9 0.3
1.2788 0.072 -0.665 -0.7381397794245987 0.4381236111176219 -0.5130276478049305 0.9 0.25
1.2389 0.072 -0.6136 -0.6889920731917966 0.4139952370121971 -0.5948931557936137 0.9 0.2
1.1909 0.072 -0.5637 -0.6292063141170435 0.3900039137089113 -0.672306746632054 0.9 0.15
1.1344 0.072 -0.5163 -0.5575750156233124 0.37248330939685054 -0.7418667576953648 0.9 0.1
1.0691 0.072 -0.4728 -0.47399695457935015 0.36939762662787334 -0.7992948645469928 0.9 0.05
0.9948 0.072 -0.4344 -0.421994900222446 0.39589521563522834 -0.8155901436526706 0.9 0
1.3789 0.0945 -0.8566 -0.6733017303876706 0.7321018815042531 -0.10340026573902443 0.85 0.45
1.3681 0.0945 -0.8093 -0.6542065911646091 0.7314073689663637 -0.19250193946681024 0.85 0.4
1.3498 0.0945 -0.759 -0.631924613943079 0.7257282676665492 -0.27201059501901803 0.85 0.35
1.3238 0.0945 -0.707 -0.6085097179777949 0.7134113932709265 -0.34750554970794356 0.85 0.3
1.2897 0.0945 -0.6542 -0.5827294110955857 0.6944350490214085 -0.4221213049999086 0.85 0.25
1.2473 0.0945 -0.6019 -0.5516061752656983 0.6703075041345135 -0.49640555729132096 0.85 0.2
1.1963 0.0945 -0.5509 -0.5115890393222475 0.6449861813190962 -0.5676878374183735 0.85 0.15
1.1365 0.0945 -0.5025 -0.4593024733504785 0.6255033683447078 -0.6307033963469341 0.85 0.1
1.0675 0.0945 -0.4577 -0.39350266402205314 0.6214042069207212 -0.6775045867215781 0.85 0.05
0.9892 0.0945 -0.4176 -0.3401908745021856 0.6654821486807893 -0.664382178187102 0.85 0
1.399 0.108 -0.8525 -0.36898467822934816 0.9276614796568192 -0.05739761661345416 0.8 0.45
1.3873 0.108 -0.802 -0.35821407450748655 0.9273364357643559 -0.10830425535779115 0.8 0.4
1.3676 0.108 -0.7493 -0.346611164525417 0.9251297989107422 -0.1549049895700724 0.8 0.35
1.3395 0.108 -0.6954 -0.335701542552132 0.9204042292671502 -0.2004009208443469 0.8 0.3
1.3029 0.108 -0.6412 -0.3251077604148628 0.9128217893161695 -0.2471058984881962 0.8 0.25
1.2574 0.108 -0.5875 -0.31251466040658754 0.9028423533282152 -0.295313853497809 0.8 0.2
1.2029 0.108 -0.5354 -0.2949013477022385 0.891804075553938 -0.3431015679777485 0.8 0.15
1.139 0.108 -0.4857 -0.26870845101367863 0.8829277685149864 -0.3850121088212366 0.8 0.1
1.0656 0.108 -0.4393 -0.23169019392005913 0.8809627140421756 -0.4125825378136228 0.8 0.05
0.9824 0.108 -0.3972 -0.17419912552258482 0.9225953685828746 -0.3441982721290109 0.8 0
1.4208 0.1125 -0.8481 0.00939958003614577 0.9999553229942307 0.0009999553229942308 0.75 0.45
1.4082 0.1125 -0.7941 0.008499675956031148 0.999961877180135 0.00199992375436027 0.75 0.4
1.3869 0.1125 -0.7388 0.007699739368233503 0.9999661517186368 0.0028999018399840466 0.75 0.35
1.3566 0.1125 -0.6828 0.007099775047191388 0.9999683165058293 0.003599885939420985 0.75 0.3
1.3172 0.1125 -0.627 0.006699790534323366 0.9999687364661739 0.00419986869315793 0.75 0.25
1.2684 0.1125 -0.572 0.006599786434366421 0.9999676415706699 0.004599851151225081 0.75 0.2
1.21 0.1125 -0.5185 0.0070997323096398035 0.9999622971323666 0.0049998114856618335 0.75 0.15
1.1418 0.1125 -0.4674 0.007999614067928715 0.9999517584910893 0.005699725023399209 0.75 0.1
1.0635 0.1125 -0.4193 0.008900337729722855 0.9999379433651553 0.006700254245971138 0.75 0.05
0.975 0.1125 -0.375 0.05899831562213313 0.9912716995969589 0.11789663409914403 0.75 0
1.4427 0.108 -0.8436 0.3841970532199026 0.9212929337102975 0.060099539038303354 0.7 0.45
1.4291 0.108 -0.7862 0.3706069285612948 0.9215172279256156 0.11600216868081543 0.7 0.4
1.4062 0.108 -0.7282 0.3546879177618687 0.9197686686139465 0.16799427737241032 0.7 0.35
1.3737 0.108 -0.6702 0.3389038872498802 0.91531049867163 0.21760249591494227 0.7 0.3
1.3315 0.108 -0.6127 0.3235120575190798 0.9080338430520075 0.2661099181014749 0.7 0.25
1.2794 0.108 -0.5564 0.30720540071841734 0.8984157942884966 0.31380551674947715 0.7 0.2
1.2172 0.108 -0.5016 0.28801377170774917 0.887942457983717 0.35861714768888486 0.7 0.15
1.1446 0.108 -0.4491 0.2635922373229146 0.8794740998691326 0.39628832948054266 0.7 0.1
1.0615 0.108 -0.3993 0.23259478295752672 0.8768803317947342 0.4206905640164725 0.7 0.05
0.9676 0.108 -0.3528 0.2517936372551789 0.8236791858899557 0.508087160799668 0.7 0
1.4628 0.0945 -0.8396 0.6812694150961486 0.7240674937195379 0.10769516513408954 0.65 0.45
1.4483 0.0945 -0.7789 0.6566713369217013 0.7244683776454587 0.20959085155898982 0.65 0.4
1.4239 0.0945 -0.7185 0.6241029613755776 0.719903415949813 0.30370144106675684 0.65 0.35
1.3894 0.0945 -0.6586 0.5878210767025646 0.7088254153909115 0.389913980616417 0.65 0.3
1.3447 0.0945 -0.5997 0.5495285927165379 0.6915359815532046 0.46882439356781247 0.65 0.25
1.2895 0.0945 -0.542 0.5090916356931378 0.6700889905283277 0.5401911247327303 0.65 0.2
1.2237 0.0945 -0.4861 0.46601050865545657 0.6481146151493592 0.6023135823244237 0.65 0.15
1.1471 0.0945 -0.4323 0.4193879197049569 0.6313818133087977 0.6522812113103085 0.65 0.1
1.0596 0.0945 -0.3809 0.36920593503310883 0.6264100696228044 0.6865110357536003 0.65 0.05
0.9608 0.0945 -0.3324 0.35969698755034385 0.5784951551233637 0.7320938687395238 0.65 0
1.4794 0.072 -0.8362 0.8701718503959522 0.47288470242731073 0.13849551974240334 0.6 0.45
1.4641 0.072 -0.773 0.8381109206564448 0.4733061672195386 0.2712035338050684 0.6 0.4
1.4385 0.072 -0.7105 0.791534867878912 0.4683206299781358 0.39261729517278693 0.6 0.35
1.4024 0.072 -0.6491 0.7360043203580408 0.4565026796785946 0.49990293443883776 0.6 0.3
1.3556 0.072 -0.5889 0.675826607817335 0.4389172805135074 0.5921233123537201 0.6 0.25
1.2979 0.072 -0.5303 0.6140930055205003 0.4180952379223599 0.6693923756642615 0.6 0.2
1.2291 0.072 -0.4734 0.552392702940591 0.3978947438451505 0.7324903238667323 0.6 0.15
1.1492 0.072 -0.4185 0.49210420504839825 0.3831032736314598 0.7817066797121173 0.6 0.1
1.058 0.072 -0.3658 0.43370190178700896 0.3785016597334169 0.8177035856380844 0.6 0.05
0.9552 0.072 -0.3156 0.4106886713092508 0.3517902959985255 0.8411767964581002 0.6 0
1.4906 0.0405 -0.8339 0.9626233679658893 0.22300541352212064 0.15370373120336298 0.55 0.45
1.4748 0.0405 -0.7689 0.9267389377544718 0.22320937833905052 0.30221269773324855 0.55 0.4
1.4484 0.0405 -0.7051 0.8717112146369149 0.22030283421419336 0.4377056311191667 0.55 0.35
1.4112 0.0405 -0.6426 0.8042922748098005 0.21339795032253067 0.5545946731437464 0.55 0.3
1.3629 0.0405 -0.5816 0.7310128147669653 0.20350356744880635 0.6513114175892264 0.55 0.25
1.3035 0.0405 -0.5222 0.6572119317909335 0.19210348767047827 0.728813231724334 0.55 0.2
1.2328 0.0405 -0.4647 0.586198663468571 0.18139958640941448 0.7895981997181569 0.55 0.15
1.1507 0.0405 -0.4091 0.5199005380973354 0.17360017967627894 0.836400865675344 0.55 0.1
1.0569 0.0405 -0.3555 0.45892302474574176 0.1711085847330495 0.871843741497794 0.55 0.05
0.9514 0.0405 -0.3042 0.43159280972368447 0.1609973178070278 0.8875852129535271 0.55 0
1.4947 0 -0.8331 0.9874718130193902 0 0.157795495791858 0.5 0.45
1.4788 0 -0.7674 0.9504777163111584 0 0.3107927135502452 0.5 0.4
1.4521 0 -0.7031 0.8929221224196279 0 0.4502111541195167 0.5 0.35
1.4144 0 -0.6402 0.8218680710456477 0 0.569677868444708 0.5 0.3
1.3656 0 -0.5789 0.7446996835027018 0 0.6673997163551808 0.5 0.25
1.3056 0 -0.5193 0.6675048694657841 0 0.7446054319164388 0.5 0.2
1.2342 0 -0.4615 0.5940310805192204 0 0.8044420895112137 0.5 0.15
1.1512 0 -0.4056 0.5262995315936254 0 0.8502992432340104 0.5 0.1
1.0565 0 -0.3517 0.46500439663735543 0 0.8853083706302166 0.5 0.05
0.95 0 -0.3 0.436823045207641 0 0.8995474568779144 0.5 0
1.4906 -0.0405 -0.8339 0.9626233679658893 -0.22300541352212064 0.15370373120336298 0.45 0.45
1.4748 -0.0405 -0.7689 0.9267389377544718 -0.22320937833905052 0.30221269773324855 0.45 0.4
1.4484 -0.0405 -0.7051 0.8717544215115758 -0.22018848774586944 0.43767711665016823 0.45 0.35
1.4112 -0.0405 -0.6426 0.8042922748098005 -0.21339795032253067 0.5545946731437464 0.45 0.3
1.3629 -0.0405 -0.5816 0.7310128147669653 -0.20350356744880635 0.6513114175892264 0.45 0.25
1.3035 -0.0405 -0.5222 0.6572119317909335 -0.19210348767047827 0.728813231724334 0.45 0.2
1.2328 -0.0405 -0.4647 0.586198663468571 -0.18139958640941448 0.7895981997181569 0.45 0.15
1.1507 -0.0405 -0.4091 0.5199005380973354 -0.17360017967627894 0.836400865675344 0.45 0.1
1.0569 -0.0405 -0.3555 0.45892302474574176 -0.1711085847330495 0.871843741497794 0.45 0.05
0.9514 -0.0405 -0.3042 0.43159280972368447 -0.1609973178070278 0.8875852129535271 0.45 0
1.4794 -0.072 -0.8362 0.8701718503959522 -0.47288470242731073 0.13849551974240334 0.4 0.45
1.4641 -0.072 -0.773 0.8381109206564448 -0.4733061672195386 0.2712035338050684 0.4 0.4
1.4385 -0.072 -0.7105 0.791534867878912 -0.4683206299781358 0.39261729517278693 0.4 0.35
1.4024 -0.072 -0.6491 0.7360043203580408 -0.4565026796785946 0.49990293443883776 0.4 0.3
1.3556 -0.072 -0.5889 0.675826607817335 -0.4389172805135074 0.5921233123537201 0.4 0.25
1.2979 -0.072 -0.5303 0.6140930055205003 -0.4180952379223599 0.6693923756642615 0.4 0.2
1.2291 -0.072 -0.4734 0.552392702940591 -0.3978947438451505 0.7324903238667323 0.4 0.15
1.1492 -0.072 -0.4185 0.49210420504839825 -0.3831032736314598 0.7817066797121173 0.4 0.1
1.058 -0.072 -0.3658 0.43370190178700896 -0.3785016597334169 0.8177035856380844 0.4 0.05
0.9552 -0.072 -0.3156 0.4106886713092508 -0.3517902959985255 0.8411767964581002 0.4 0
1.4628 -0.0945 -0.8396 0.6812694150961486 -0.7240674937195379 0.10769516513408954 0.35 0.45
1.4483 -0.0945 -0.7789 0.6566144555263593 -0.7245159503942239 0.20960461449638276 0.35 0.4
1.4239 -0.0945 -0.7185 0.6241029613755776 -0.719903415949813 0.30370144106675684 0.35 0.35
1.3894 -0.0945 -0.6586 0.5878210767025646 -0.7088254153909115 0.389913980616417 0.35 0.3
1.3447 -0.0945 -0.5997 0.5495285927165379 -0.6915359815532046 0.46882439356781247 0.35 0.25
1.2895 -0.0945 -0.542 0.5090916356931378 -0.6700889905283277 0.5401911247327303 0.35 0.2
1.2237 -0.0945 -0.4861 0.46601050865545657 -0.6481146151493592 0.6023135823244237 0.35 0.15
1.1471 -0.0945 -0.4323 0.4193879197049569 -0.6313818133087977 0.6522812113103085 0.35 0.1
1.0596 -0.0945 -0.3809 0.36920593503310883 -0.6264100696228044 0.6865110357536003 0.35 0.05
0.9608 -0.0945 -0.3324 0.35969698755034385 -0.5784951551233637 0.7320938687395238 0.35 0
1.4427 -0.108 -0.8436 0.3841970532199026 -0.9212929337102975 0.060099539038303354 0.3 0.45
1.4291 -0.108 -0.7862 0.3706069285612948 -0.9215172279256156 0.11600216868081543 0.3 0.4
1.4062 -0.108 -0.7282 0.3546879177618687 -0.9197686686139465 0.16799427737241032 0.3 0.35
1.3737 -0.108 -0.6702 0.3389038872498802 -0.91531049867163 0.21760249591494227 0.3 0.3
1.3315 -0.108 -0.6127 0.3235120575190798 -0.9080338430520075 0.2661099181014749 0.3 0.25
1.2794 -0.108 -0.5564 0.30720540071841734 -0.8984157942884966 0.31380551674947715 0.3 0.2
1.2172 -0.108 -0.5016 0.28801377170774917 -0.887942457983717 0.35861714768888486 0.3 0.15
1.1446 -0.108 -0.4491 0.2635922373229146 -0.8794740998691326 0.39628832948054266 0.3 0.1
1.0615 -0.108 -0.3993 0.23259478295752672 -0.8768803317947342 0.4206905640164725 0.3 0.05
0.9676 -0.108 -0.3528 0.2517936372551789 -0.8236791858899557 0.508087160799668 0.3 0
1.4208 -0.1125 -0.8481 0.00939958003614577 -0.9999553229942307 0.0009999553229942308 0.25 0.45
1.4082 -0.1125 -0.7941 0.008499675956031148 -0.999961877180135 0.00199992375436027 0.25 0.4
1.3869 -0.1125 -0.7388 0.007699739368233503 -0.9999661517186368 0.0028999018399840466 0.25 0.35
1.3566 -0.1125 -0.6828 0.006999783150076964 -0.9999690214395662 0.0035998884771824384 0.25 0.3
1.3172 -0.1125 -0.627 0.006699790534323366 -0.9999687364661739 0.00419986869315793 0.25 0.25
1.2684 -0.1125 -0.572 0.006599786434366421 -0.9999676415706699 0.004599851151225081 0.25 0.2
1.21 -0.1125 -0.5185 0.0070997323096398035 -0.9999622971323666 0.0049998114856618335 0.25 0.15
1.1418 -0.1125 -0.4674 0.007999614067928715 -0.9999517584910893 0.005699725023399209 0.25 0.1
1.0635 -0.1125 -0.4193 0.008900337729722855 -0.9999379433651553 0.006700254245971138 0.25 0.05
0.975 -0.1125 -0.375 0.05899831562213313 -0.9912716995969589 0.11789663409914403 0.25 0
1.399 -0.108 -0.8525 -0.36898467822934816 -0.9276614796568192 -0.05739761661345416 0.2 0.45
1.3873 -0.108 -0.802 -0.35821407450748655 -0.9273364357643559 -0.10830425535779115 0.2 0.4
1.3676 -0.108 -0.7493 -0.346611164525417 -0.9251297989107422 -0.1549049895700724 0.2 0.35
1.3395 -0.108 -0.6954 -0.335701542552132 -0.9204042292671502 -0.2004009208443469 0.2 0.3
1.3029 -0.108 -0.6412 -0.3251077604148628 -0.9128217893161695 -0.2471058984881962 0.2 0.25
1.2574 -0.108 -0.5875 -0.31251466040658754 -0.9028423533282152 -0.295313853497809 0.2 0.2
1.2029 -0.108 -0.5354 -0.2949013477022385 -0.891804075553938 -0.3431015679777485 0.2 0.15
1.139 -0.108 -0.4857 -0.26870845101367863 -0.8829277685149864 -0.3850121088212366 0.2 0.1
1.0656 -0.108 -0.4393 -0.23169019392005913 -0.8809627140421756 -0.4125825378136228 0.2 0.05
0.9824 -0.108 -0.3972 -0.17419912552258482 -0.9225953685828746 -0.3441982721290109 0.2 0
1.3789 -0.0945 -0.8566 -0.6733017303876706 -0.7321018815042531 -0.10340026573902443 0.15 0.45
1.3681 -0.0945 -0.8093 -0.6542065911646091 -0.7314073689663637 -0.19250193946681024 0.15 0.4
1.3498 -0.0945 -0.759 -0.631924613943079 -0.7257282676665492 -0.27201059501901803 0.15 0.35
1.3238 -0.0945 -0.707 -0.6085097179777949 -0.7134113932709265 -0.34750554970794356 0.15 0.3
1.2897 -0.0945 -0.6542 -0.5827954512992539 -0.6943945802714515 -0.4220967055480698 0.15 0.25
1.2473 -0.0945 -0.6019 -0.5516061752656983 -0.6703075041345135 -0.49640555729132096 0.15 0.2
1.1963 -0.0945 -0.5509 -0.5115890393222475 -0.6449861813190962 -0.5676878374183735 0.15 0.15
1.1365 -0.0945 -0.5025 -0.4593024733504785 -0.6255033683447078 -0.6307033963469341 0.15 0.1
1.0675 -0.0945 -0.4577 -0.39350266402205314 -0.6214042069207212 -0.6775045867215781 0.15 0.05
0.9892 -0.0945 -0.4176 -0.3401908745021856 -0.6654821486807893 -0.664382178187102 0.15 0
1.3623 -0.072 -0.86 -0.8680540030370364 -0.47857464100164226 -0.13209300057734422 0.1 0.45
1.3523 -0.072 -0.8152 -0.844213976078062 -0.47780791017543006 -0.24290402130935948 0.1 0.4
1.3352 -0.072 -0.767 -0.8140864008002611 -0.4713921254603157 -0.33919433380598024 0.1 0.35
1.3108 -0.072 -0.7165 -0.7791215001544491 -0.4580126390331635 -0.42801181114889514 0.1 0.3
1.2788 -0.072 -0.665 -0.7381397794245987 -0.4381236111176219 -0.5130276478049305 0.1 0.25
1.2389 -0.072 -0.6136 -0.6889920731917966 -0.4139952370121971 -0.5948931557936137 0.1 0.2
1.1909 -0.072 -0.5637 -0.6292063141170435 -0.3900039137089113 -0.672306746632054 0.1 0.15
1.1344 -0.072 -0.5163 -0.5575750156233124 -0.37248330939685054 -0.7418667576953648 0.1 0.1
1.0691 -0.072 -0.4728 -0.47399695457935015 -0.36939762662787334 -0.7992948645469928 0.1 0.05
0.9948 -0.072 -0.4344 -0.421994900222446 -0.39589521563522834 -0.8155901436526706 0.1 0
1.3511 -0.0405 -0.8623 -0.9633093730457999 -0.22540219317400942 -0.1457014176816911 0.05 0.45
1.3416 -0.0405 -0.8193 -0.9375728764090225 -0.22489349392532973 -0.2652923252040461 0.05 0.4
1.3253 -0.0405 -0.7725 -0.9033486240483194 -0.22111190166841957 -0.36751978228468657 0.05 0.35
1.302 -0.0405 -0.723 -0.8617034726719923 -0.2133008596041963 -0.46040185542321604 0.05 0.3
1.2715 -0.0405 -0.6723 -0.8118877974181066 -0.2018969655114124 -0.5477917667516181 0.05 0.25
1.2333 -0.0405 -0.6217 -0.7524573293547442 -0.18858930540372723 -0.6310642133631615 0.05 0.2
1.1872 -0.0405 -0.5724 -0.6821835459313059 -0.17559576468123322 -0.7097828802433903 0.05 0.15
1.1329 -0.0405 -0.5257 -0.6004991262744068 -0.16649975774302872 -0.7820988620469835 0.05 0.1
1.0702 -0.0405 -0.4831 -0.5079857258016547 -0.16519535807565622 -0.8453762452612577 0.05 0.05
0.9986 -0.0405 -0.4458 -0.45517672740887616 -0.1758910069227182 -0.8728553720457118 0.05 0
-0.85 0 -0.7125 0.08110048254930675 0 -0.996705930417929 0.5 0
-0.9679 0 -0.7221 0.1874934809649983 0 -0.9822658472102285 0.5 0.09
-1.0556 0 -0.7488 0.4218779574525696 0 -0.9066526286376981 0.5 0.18
-1.1186 0 -0.7894 0.6595022620966384 0 -0.7517025783442657 0.5 0.27
-1.1628 0 -0.8409 0.8295031106424974 0 -0.5585020943867809 0.5 0.36
-1.1938 0 -0.9 0.9147493566330916 0 -0.4040217995843108 0.5 0.45
-1.2172 0 -0.9636 0.943700787990487 0 -0.33080027621834596 0.5 0.54
-1.2388 0 -1.0286 0.9382303803915836 0 -0.34601120402418234 0.5 0.63
-1.2644 0 -1.0917 0.8950264036683682 0 -0.44601315758222587 0.5 0.72
-1.2996 0 -1.1499 0.791093631721897 0 -0.6116950758744588 0.5 0.81
-1.35 0 -1.2 0.6443943776835819 0 -0.7646933280798186 0.5 0.9
-0.85 0.0891 -0.7009 0.08170286700390562 0.27580967833142195 -0.9577336074619391 0.55 0
-0.9697 0.0876 -0.7116 0.18150512305439834 0.2617073867952399 -0.947926755610271 0.55 0.09
-1.0585 0.0833 -0.7396 0.40259655781414605 0.25029785996244597 -0.8804924718215488 0.55 0.18
-1.1222 0.0771 -0.7816 0.6314860158970151 0.23479480052671287 -0.7389836353885894 0.55 0.27
-1.1668 0.0696 -0.8345 0.8001471360250264 0.21728564441169487 -0.5590630639235095 0.55 0.36
-1.1979 0.0614 -0.895 0.8862105725551962 0.20970250176576918 -0.4131049283711934 0.55 0.45
-1.2216 0.0532 -0.96 0.9127278660071303 0.22010671996074216 -0.34421050890725785 0.55 0.54
-1.2437 0.0457 -1.0262 0.8995966894902739 0.24839908589304588 -0.35919867815129664 0.55 0.63
-1.2699 0.0395 -1.0904 0.845390950138318 0.28589693948964406 -0.4511951699815579 0.55 0.72
-1.3062 0.0353 -1.1494 0.7358969055600181 0.3133986821613123 -0.6001974761749189 0.55 0.81
-1.3584 0.0338 -1.2 0.5951964169283551 0.32119806639346044 -0.7365955657080417 0.55 0.9
-0.85 0.1584 -0.6696 0.0773982639764083 0.5596874463513659 -0.8250814936296444 0.6 0
-0.9744 0.1556 -0.6831 0.15639656478718125 0.5378881854157596 -0.8283818047934843 0.6 0.09
-1.0663 0.1482 -0.7145 0.33480597131774814 0.5215093012013311 -0.7848139972824634 0.6 0.18
-1.1319 0.1371 -0.7602 0.5313790481371898 0.49968029799426744 -0.6840730275322762 0.6 0.27
-1.1775 0.1238 -0.817 0.6905160546849094 0.47371101390911163 -0.5466127088932244 0.6 0.36
-1.2093 0.1092 -0.8815 0.7772222910549658 0.46141323352130875 -0.4278122698318507 0.6 0.45
-1.2337 0.0946 -0.9502 0.7978026128078354 0.4765015605451662 -0.3694012097909431 0.6 0.54
-1.2568 0.0813 -1.0198 0.768038395199088 0.5161258017737621 -0.3791189526301748 0.6 0.63
-1.2849 0.0702 -1.0869 0.6957013566189681 0.5631010980482118 -0.4460008697025439 0.6 0.72
-1.3243 0.0628 -1.1481 0.5870682111170287 0.5909679999491807 -0.5532700412383785 0.6 0.81
-1.3812 0.06 -1.2 0.47029348883172045 0.5951917596271316 -0.6515909787853477 0.6 0.9
-0.85 0.2079 -0.6234 0.058697094272270295 0.8005603692398569 -0.5963704774102556 0.65 0
-0.9814 0.2043 -0.6412 0.10429632570516698 0.7828724198904624 -0.6133783910599176 0.65 0.09
-1.0779 0.1945 -0.6775 0.2100957498059717 0.7713843950515304 -0.6006878482077449 0.65 0.18
-1.1463 0.18 -0.7288 0.3396070197496481 0.7581156704128628 -0.5567115073457864 0.65 0.27
-1.1934 0.1624 -0.7913 0.463496048713027 0.7411936813507995 -0.48559586031293617 0.65 0.36
-1.2262 0.1433 -0.8615 0.5437947007464616 0.7303928823560419 -0.4132959724503726 0.65 0.45
-1.2514 0.1242 -0.9357 0.5652985471846005 0.7367981064312996 -0.3708990467906746 0.65 0.54
-1.276 0.1066 -1.0103 0.5366654022967349 0.7586510913406611 -0.36937618708480324 0.65 0.63
-1.3069 0.0922 -1.0817 0.47480472670458157 0.7827077918948525 -0.4024040059518189 0.65 0.72
-1.3509 0.0824 -1.1461 0.3971902510849292 0.7933805267139549 -0.46128867780835314 0.65 0.81
-1.4148 0.0787 -1.2 0.31960191601922977 0.7929047534782456 -0.5188031102339687 0.65 0.9
-0.85 0.2376 -0.5673 0.02139934123142013 0.9530706601713329 -0.3019907033592934 0.7 0
-0.9899 0.2335 -0.5902 0.025999218995191902 0.9457715894481732 -0.32379027348627454 0.7 0.09
-1.0919 0.2222 -0.6326 0.03990007561071492 0.9408017828210677 -0.33660063785881317 0.7 0.18
-1.1636 0.2057 -0.6906 0.07189659901182371 0.935555744582229 -0.3457836430916362 0.7 0.27
-1.2126 0.1856 -0.7601 0.12510288365470273 0.9305214487665938 -0.344207934084322 0.7 0.36
-1.2465 0.1638 -0.8373 0.18389418443837424 0.925970716639122 -0.3297895705697434 0.7 0.45
-1.273 0.142 -0.9182 0.2244942676120638 0.9228764346511078 -0.31289201040452014 0.7 0.54
-1.2995 0.1219 -0.9989 0.23659888680485638 0.9223956601386285 -0.3052985635736376 0.7 0.63
-1.3337 0.1054 -1.0753 0.22550843191790707 0.9236345353409267 -0.30991158781090644 0.7 0.72
-1.3832 0.0941 -1.1437 0.20039589893989188 0.9250810684096505 -0.3225933981936583 0.7 0.81
-1.4556 0.09 -1.2 0.16460285999953894 0.9260160896693382 -0.3397059024413328 0.7 0.9
-0.85 0.2475 -0.5063 -0.03249958758285034 0.9992873191243798 0.01919975635663774 0.75 0
-0.9991 0.2432 -0.5348 -0.06929967948972354 0.9975953861320088 0.0009999953750320857 0.75 0.09
-1.1072 0.2315 -0.5838 -0.14699282031103356 0.988651710486523 -0.03099848591593225 0.75 0.18
-1.1826 0.2143 -0.649 -0.21259740951634748 0.9734881381193051 -0.08439897160479647 0.75 0.27
-1.2336 0.1934 -0.7262 -0.23710968138594055 0.9612392481997726 -0.14070574513286307 0.75 0.36
-1.2687 0.1706 -0.8109 -0.21179609451602535 0.9607822833380414 -0.17899669933129622 0.75 0.45
-1.2964 0.1479 -0.8991 -0.15190723627355396 0.9694461806687504 -0.19260917515659307 0.75 0.54
-1.3249 0.127 -0.9864 -0.08420211602576391 0.9787245956581372 -0.18710470200024262 0.75 0.63
-1.3628 0.1097 -1.0684 -0.030598736145304745 0.9851593088351057 -0.16889302401771147 0.75 0.72
-1.4183 0.0981 -1.1411 -0.00040001163850793606 0.9913288431322925 -0.131403823249857 0.75 0.81
-1.5 0.0938 -1.2 0.0027001168365833332 0.9949430521173178 -0.10040434458998765 0.75 0.9
-0.85 0.2376 -0.4452 -0.0966974003253379 0.9371748043940712 0.33519098851140916 0.8 0
-1.0084 0.2335 -0.4793 -0.16889019283124518 0.932145871860786 0.3202814017989806 0.8 0.09
-1.1225 0.2222 -0.535 -0.31989100958951144 0.9091744480112028 0.2665925075228626 0.8 0.18
-1.2015 0.2057 -0.6074 -0.45532395522344304 0.8738459742460895 0.17050897071293003 0.8 0.27
-1.2546 0.1856 -0.6922 -0.5324682791471266 0.8438497291497843 0.06629605053043097 0.8 0.36
-1.2909 0.1638 -0.7846 -0.53799343383021 0.8428897125938364 -0.009999877952234386 0.8 0.45
-1.3198 0.142 -0.88 -0.4817747990193777 0.8752542166493592 -0.04269776653824705 0.8 0.54
-1.3504 0.1219 -0.9739 -0.38700241877267605 0.9215057594289948 -0.03250020312690432 0.8 0.63
-1.3919 0.1054 -1.0616 -0.28630489871872594 0.9580163918006968 0.015300261789718852 0.8 0.72
-1.4535 0.0941 -1.1385 -0.20770070826062273 0.9715033128319451 0.1142003894239919 0.8 0.81
-1.5444 0.09 -1.2 -0.16589766832465744 0.9650864358054665 0.20269715111156156 0.8 0.9
-0.85 0.2079 -0.3891 -0.16120832743123575 0.7730399324090895 0.6135316927981584 0.85 0
-1.0169 0.2043 -0.4284 -0.2580871849989854 0.7612622004638807 0.5948704624405131 0.85 0.09
-1.1365 0.1945 -0.4901 -0.4564852329415676 0.7266764923957003 0.5133833923158835 0.85 0.18
-1.2188 0.18 -0.5692 -0.6296212752623427 0.6801229817438361 0.37551268878813476 0.85 0.27
-1.2738 0.1624 -0.661 -0.7309962353790816 0.6416966952705291 0.23209880469423372 0.85 0.36
-1.3113 0.1433 -0.7603 -0.7569060969031659 0.6398051536512691 0.1332010729389638 0.85 0.45
-1.3414 0.1242 -0.8625 -0.7223904067190977 0.6843909113490455 0.09879868796213573 0.85 0.54
-1.3739 0.1066 -0.9624 -0.6390877200474377 0.7580854335283407 0.12989750404343944 0.85 0.63
-1.4187 0.0922 -1.0552 -0.5237985621749203 0.822297742795794 0.22239938951451366 0.85 0.72
-1.4858 0.0824 -1.1361 -0.4031813855451342 0.8300616769370434 0.3852822119309033 0.85 0.81
-1.5852 0.0787 -1.2 -0.315407513096444 0.7956189518691529 0.5172123201442005 0.85 0.9
-0.85 0.1584 -0.3429 -0.21359824316167497 0.5317956259989642 0.8194932596956583 0.9 0
-1.0239 0.1556 -0.3864 -0.3238144877842824 0.5178231679268112 0.7918354275095578 0.9 0.09
-1.1481 0.1482 -0.4531 -0.5463908808122983 0.48489190722160214 0.6828886026843309 0.9 0.18
-1.2332 0.1371 -0.5378 -0.734823683748997 0.44471433337395067 0.5121165057809762 0.9 0.27
-1.2897 0.1238 -0.6353 -0.8440035026218038 0.4129017135456668 0.34230142055384294 0.9 0.36
-1.3281 0.1092 -0.7404 -0.881217959405021 0.4114083845883178 0.23280474460904324 0.9 0.45
-1.3591 0.0946 -0.848 -0.8692054586274202 0.44940282225858563 0.2062012949481984 0.9 0.54
-1.3931 0.0813 -0.953 -0.8133138467861133 0.5175088106625029 0.2659045270631102 0.9 0.63
-1.4407 0.0702 -1.05 -0.7051269857261255 0.580422213183156 0.4073155882658501 0.9 0.72
-1.5124 0.0628 -1.1341 -0.5452059509554322 0.5732062565804361 0.6117066768148164 0.9 0.81
-1.6188 0.06 -1.2 -0.4085067302038206 0.5222086034576136 0.7486123334897923 0.9 0.9
-0.85 0.0891 -0.3115 -0.2450086967380388 0.25990922564169916 0.9340331540952174 0.95 0
-1.0286 0.0876 -0.358 -0.36029658080167226 0.2507976199418801 0.8984914733563766 0.95 0.09
-1.1559 0.0833 -0.428 -0.5917108579938671 0.23210425915223348 0.7720141665899365 0.95 0.18
-1.2429 0.0771 -0.5164 -0.7845041618056176 0.21050111671138622 0.5833030944311239 0.95 0.27
-1.3004 0.0696 -0.6178 -0.8954650999278322 0.19389244318928717 0.4006843836304661 0.95 0.36
-1.3395 0.0614 -0.7269 -0.9378892565400992 0.19329778578654566 0.2880966998712044 0.95 0.45
-1.3712 0.0532 -0.8382 -0.939108423840343 0.21330191332674384 0.2694024165505147 0.95 0.54
-1.4062 0.0457 -0.9465 -0.9026284287300512 0.25050788987023914 0.3500110237707932 0.95 0.63
-1.4557 0.0395 -1.0465 -0.8029578257477747 0.2853850105459712 0.5232725158328898 0.95 0.72
-1.5305 0.0353 -1.1328 -0.614017751509798 0.2753079592681553 0.7397213856543934 0.95 0.81
-1.6416 0.0337 -1.2 -0.4446165934009043 0.24120900208794 0.8626321940342332 0.95 0.9
-0.85 0 -0.3 -0.2545868165630476 0 0.9670499226163525 0.5 0
-1.0303 0 -0.3475 -0.37101132343838966 0 0.9286283421695111 0.5 0.09
-1.1588 0 -0.4188 -0.6039924501415596 0 0.796990037686793 0.5 0.18
-1.2465 0 -0.5086 -0.7975091155812869 0 0.6033068958372293 0.5 0.27
-1.3044 0 -0.6114 -0.9085876205780039 0 0.41769430895381054 0.5 0.36
-1.3438 0 -0.7219 -0.9523474804672375 0 0.30501520691222034 0.5 0.45
-1.3756 0 -0.8346 -0.9572075619696094 0 0.2894022862870925 0.5 0.54
-1.4111 0 -0.9442 -0.9262604958322611 0 0.37688392624331124 0.5 0.63
-1.4612 0 -1.0452 -0.8291777617506408 0 0.5589850082231166 0.5 0.72
-1.5372 0 -1.1323 -0.6314881881239106 0 0.7753854965499292 0.5 0.81
-1.65 0 -1.2 -0.45200723217357264 0 0.892014272342537 0.5 0.9
-0.85 -0.0891 -0.3116 -0.2450086967380388 -0.25990922564169916 0.9340331540952174 0.05 0
-1.0286 -0.0876 -0.358 -0.36029658080167226 -0.2507976199418801 0.8984914733563766 0.05 0.09
-1.1559 -0.0833 -0.428 -0.5917108579938671 -0.23210425915223348 0.7720141665899365 0.05 0.18
-1.2429 -0.0771 -0.5164 -0.7845041618056176 -0.21050111671138622 0.5833030944311239 0.05 0.27
-1.3004 -0.0696 -0.6178 -0.8954650999278322 -0.19389244318928717 0.4006843836304661 0.05 0.36
-1.3395 -0.0614 -0.7269 -0.9378892565400992 -0.19329778578654566 0.2880966998712044 0.05 0.45
-1.3712 -0.0532 -0.8382 -0.939108423840343 -0.21330191332674384 0.2694024165505147 0.05 0.54
-1.4062 -0.0457 -0.9465 -0.9026284287300512 -0.25050788987023914 0.3500110237707932 0.05 0.63
-1.4557 -0.0395 -1.0465 -0.8029578257477747 -0.2853850105459712 0.5232725158328898 0.05 0.72
-1.5305 -0.0353 -1.1328 -0.614017751509798 -0.2753079592681553 0.7397213856543934 0.05 0.81
-1.6416 -0.0338 -1.2 -0.4446165934009043 -0.24120900208794 0.8626321940342332 0.05 0.9
-0.85 -0.1584 -0.3429 -0.21359824316167497 -0.5317956259989642 0.8194932596956583 0.1 0
-1.0239 -0.1556 -0.3864 -0.3238144877842824 -0.5178231679268112 0.7918354275095578 0.1 0.09
-1.1481 -0.1482 -0.4531 -0.5463908808122983 -0.48489190722160214 0.6828886026843309 0.1 0.18
-1.2332 -0.1371 -0.5378 -0.734823683748997 -0.44471433337395067 0.5121165057809762 0.1 0.27
-1.2897 -0.1238 -0.6353 -0.8440035026218038 -0.4129017135456668 0.34230142055384294 0.1 0.36
-1.3282 -0.1092 -0.7404 -0.881217959405021 -0.4114083845883178 0.23280474460904324 0.1 0.45
-1.3591 -0.0946 -0.848 -0.8692054586274202 -0.44940282225858563 0.2062012949481984 0.1 0.54
-1.3931 -0.0813 -0.953 -0.8133138467861133 -0.5175088106625029 0.2659045270631102 0.1 0.63
-1.4407 -0.0702 -1.05 -0.7051269857261255 -0.580422213183156 0.4073155882658501 0.1 0.72
-1.5124 -0.0628 -1.1341 -0.5452059509554322 -0.5732062565804361 0.6117066768148164 0.1 0.81
-1.6188 -0.06 -1.2 -0.4085067302038206 -0.5222086034576136 0.7486123334897923 0.1 0.9
-0.85 -0.2079 -0.3891 -0.16120832743123575 -0.7730399324090895 0.6135316927981584 0.15 0
-1.0169 -0.2043 -0.4284 -0.2580871849989854 -0.7612622004638807 0.5948704624405131 0.15 0.09
-1.1365 -0.1945 -0.4901 -0.4564852329415676 -0.7266764923957003 0.5133833923158835 0.15 0.18
-1.2188 -0.18 -0.5692 -0.6296212752623427 -0.6801229817438361 0.37551268878813476 0.15 0.27
-1.2738 -0.1624 -0.661 -0.7309962353790816 -0.6416966952705291 0.23209880469423372 0.15 0.36
-1.3113 -0.1433 -0.7603 -0.7569060969031659 -0.6398051536512691 0.1332010729389638 0.15 0.45
-1.3414 -0.1242 -0.8625 -0.7223904067190977 -0.6843909113490455 0.09879868796213573 0.15 0.54
-1.3739 -0.1066 -0.9624 -0.6390877200474377 -0.7580854335283407 0.12989750404343944 0.15 0.63
-1.4187 -0.0922 -1.0552 -0.5237985621749203 -0.822297742795794 0.22239938951451366 0.15 0.72
-1.4858 -0.0824 -1.1361 -0.4031813855451342 -0.8300616769370434 0.3852822119309033 0.15 0.81
-1.5852 -0.0787 -1.2 -0.315407513096444 -0.7956189518691529 0.5172123201442005 0.15 0.9
-0.85 -0.2376 -0.4452 -0.0966974003253379 -0.9371748043940712 0.33519098851140916 0.2 0
-1.0084 -0.2335 -0.4793 -0.16889019283124518 -0.932145871860786 0.3202814017989806 0.2 0.09
-1.1225 -0.2222 -0.535 -0.31989100958951144 -0.9091744480112028 0.2665925075228626 0.2 0.18
-1.2015 -0.2057 -0.6074 -0.45532395522344304 -0.8738459742460895 0.17050897071293003 0.2 0.27
-1.2546 -0.1856 -0.6922 -0.5324682791471266 -0.8438497291497843 0.06629605053043097 0.2 0.36
-1.291 -0.1638 -0.7846 -0.53799343383021 -0.8428897125938364 -0.009999877952234386 0.2 0.45
-1.3198 -0.142 -0.88 -0.4817747990193777 -0.8752542166493592 -0.04269776653824705 0.2 0.54
-1.3504 -0.1219 -0.9739 -0.38700241877267605 -0.9215057594289948 -0.03250020312690432 0.2 0.63
-1.3919 -0.1054 -1.0616 -0.28630489871872594 -0.9580163918006968 0.015300261789718852 0.2 0.72
-1.4535 -0.0941 -1.1385 -0.20770070826062273 -0.9715033128319451 0.1142003894239919 0.2 0.81
-1.5444 -0.09 -1.2 -0.1659010302485968 -0.9651059933268279 0.20260125815771976 0.2 0.9
-0.85 -0.2475 -0.5062 -0.03249958758285034 -0.9992873191243798 0.01919975635663774 0.25 0
-0.9991 -0.2432 -0.5348 -0.06929967948972354 -0.9975953861320088 0.0009999953750320857 0.25 0.09
-1.1072 -0.2315 -0.5838 -0.14699282031103356 -0.988651710486523 -0.03099848591593225 0.25 0.18
-1.1826 -0.2143 -0.649 -0.21259740951634748 -0.9734881381193051 -0.08439897160479647 0.25 0.27
-1.2336 -0.1934 -0.7262 -0.23710968138594055 -0.9612392481997726 -0.14070574513286307 0.25 0.36
-1.2687 -0.1706 -0.8109 -0.21179230254864326 -0.960765081627651 -0.17909349096535418 0.25 0.45
-1.2964 -0.1479 -0.8991 -0.15190723627355396 -0.9694461806687504 -0.19260917515659307 0.25 0.54
-1.3249 -0.127 -0.9864 -0.08420211602576391 -0.9787245956581372 -0.18710470200024262 0.25 0.63
-1.3628 -0.1097 -1.0684 -0.030598736145304745 -0.9851593088351057 -0.16889302401771147 0.25 0.72
-1.4183 -0.0981 -1.1411 -0.00040001163850793606 -0.9913288431322925 -0.131403823249857 0.25 0.81
-1.5 -0.0938 -1.2 0.0027001168365833332 -0.9949430521173178 -0.10040434458998765 0.25 0.9
-0.85 -0.2376 -0.5673 0.02139934123142013 -0.9530706601713329 -0.3019907033592934 0.3 0
-0.9899 -0.2335 -0.5902 0.025999218995191902 -0.9457715894481732 -0.32379027348627454 0.3 0.09
-1.0919 -0.2222 -0.6326 0.03990007561071492 -0.9408017828210677 -0.33660063785881317 0.3 0.18
-1.1636 -0.2057 -0.6906 0.07189659901182371 -0.935555744582229 -0.3457836430916362 0.3 0.27
-1.2126 -0.1856 -0.7601 0.12510288365470273 -0.9305214487665938 -0.344207934084322 0.3 0.36
-1.2465 -0.1638 -0.8373 0.18389418443837424 -0.925970716639122 -0.3297895705697434 0.3 0.45
-1.273 -0.142 -0.9182 0.2244942676120638 -0.9228764346511078 -0.31289201040452014 0.3 0.54
-1.2995 -0.1219 -0.9989 0.23669328510675094 -0.9223738326255474 -0.30529133900756683 0.3 0.63
-1.3337 -0.1054 -1.0753 0.22550843191790707 -0.9236345353409267 -0.30991158781090644 0.3 0.72
-1.3832 -0.0941 -1.1437 0.20039589893989188 -0.9250810684096505 -0.3225933981936583 0.3 0.81
-1.4556 -0.09 -1.2 0.16460285999953894 -0.9260160896693382 -0.3397059024413328 0.3 0.9
-0.85 -0.2079 -0.6234 0.058697094272270295 -0.8005603692398569 -0.5963704774102556 0.35 0
-0.9814 -0.2043 -0.6412 0.10429632570516698 -0.7828724198904624 -0.6133783910599176 0.35 0.09
-1.0779 -0.1945 -0.6775 0.2100957498059717 -0.7713843950515304 -0.6006878482077449 0.35 0.18
-1.1463 -0.18 -0.7288 0.3396070197496481 -0.7581156704128628 -0.5567115073457864 0.35 0.27
-1.1934 -0.1624 -0.7913 0.463496048713027 -0.7411936813507995 -0.48559586031293617 0.35 0.36
-1.2261 -0.1433 -0.8615 0.5437947007464616 -0.7303928823560419 -0.4132959724503726 0.35 0.45
-1.2514 -0.1242 -0.9357 0.5652985471846005 -0.7367981064312996 -0.3708990467906746 0.35 0.54
-1.276 -0.1066 -1.0103 0.5366654022967349 -0.7586510913406611 -0.36937618708480324 0.35 0.63
-1.3069 -0.0922 -1.0817 0.47480472670458157 -0.7827077918948525 -0.4024040059518189 0.35 0.72
-1.3509 -0.0824 -1.1461 0.3971902510849292 -0.7933805267139549 -0.46128867780835314 0.35 0.81
-1.4148 -0.0787 -1.2 0.3195853345654875 -0.7928636163234513 -0.5188761893179958 0.35 0.9
-0.85 -0.1584 -0.6696 0.0773982639764083 -0.5596874463513659 -0.8250814936296444 0.4 0
-0.9744 -0.1556 -0.6831 0.15639656478718125 -0.5378881854157596 -0.8283818047934843 0.4 0.09
-1.0663 -0.1482 -0.7145 0.33480597131774814 -0.5215093012013311 -0.7848139972824634 0.4 0.18
-1.1319 -0.1371 -0.7602 0.5313790481371898 -0.49968029799426744 -0.6840730275322762 0.4 0.27
-1.1775 -0.1238 -0.817 0.6905160546849094 -0.47371101390911163 -0.5466127088932244 0.4 0.36
-1.2093 -0.1092 -0.8815 0.7772222910549658 -0.46141323352130875 -0.4278122698318507 0.4 0.45
-1.2337 -0.0946 -0.9502 0.7978026128078354 -0.4765015605451662 -0.3694012097909431 0.4 0.54
-1.2568 -0.0813 -1.0198 0.768038395199088 -0.5161258017737621 -0.3791189526301748 0.4 0.63
-1.2849 -0.0702 -1.0869 0.6957013566189681 -0.5631010980482118 -0.4460008697025439 0.4 0.72
-1.3243 -0.0628 -1.1481 0.5870682111170287 -0.5909679999491807 -0.5532700412383785 0.4 0.81
-1.3812 -0.06 -1.2 0.47029348883172045 -0.5951917596271316 -0.6515909787853477 0.4 0.9
-0.85 -0.0891 -0.701 0.08170286700390562 -0.27580967833142195 -0.9577336074619391 0.45 0
-0.9697 -0.0876 -0.7116 0.18150512305439834 -0.2617073867952399 -0.947926755610271 0.45 0.09
-1.0585 -0.0833 -0.7396 0.40259655781414605 -0.25029785996244597 -0.8804924718215488 0.45 0.18
-1.1222 -0.0771 -0.7816 0.6314860158970151 -0.23479480052671287 -0.7389836353885894 0.45 0.27
-1.1668 -0.0696 -0.8345 0.8001471360250264 -0.21728564441169487 -0.5590630639235095 0.45 0.36
-1.198 -0.0614 -0.895 0.8862105725551962 -0.20970250176576918 -0.4131049283711934 0.45 0.45
-1.2216 -0.0532 -0.96 0.9127278660071303 -0.22010671996074216 -0.34421050890725785 0.45 0.54
-1.2437 -0.0457 -1.0262 0.8995966894902739 -0.24839908589304588 -0.35919867815129664 0.45 0.63
-1.2699 -0.0395 -1.0904 0.845390950138318 -0.28589693948964406 -0.4511951699815579 0.45 0.72
-1.3062 -0.0353 -1.1494 0.7358969055600181 -0.3133986821613123 -0.6001974761749189 0.45 0.81
-1.3584 -0.0337 -1.2 0.5951964169283551 -0.32119806639346044 -0.7365955657080417 0.45 0.9
-1.3649 0 -1.2101 0.528325917663602 0 -0.8490416507597921 0.5 0.91
-1.3792 0 -1.218 0.4458130067842121 0 -0.8951261156853932 0.5 0.92
-1.3923 0 -1.2236 0.3501040437250577 0 -0.9367108190724408 0.5 0.93
-1.4036 0 -1.227 0.22120614076770273 0 -0.9752270726793114 0.5 0.94
-1.4125 0 -1.2281 -0.001099999334500604 0 -0.9999993950005491 0.5 0.95
-1.4184 0 -1.227 -0.492893981801223 0 -0.8700893762735731 0.5 0.96
-1.4207 0 -1.2236 -0.9893591353648531 0 -0.14549399049483133 0.5 0.97
-1.4188 0 -1.218 -0.8601111729167047 0 0.5101066263281143 0.5 0.98
-1.4121 0 -1.2101 -0.695970905544428 0 0.7180699817118588 0.5 0.99
-1.4 0 -1.2 -0.6417274344342457 0 0.7669327870774865 0.5 1
-1.3737 0.0334 -1.2102 0.4928788904491735 0.2824879013022753 -0.8229647531744162 0.55 0.91
-1.3882 0.0323 -1.2182 0.41509484870489116 0.24599694719682777 -0.8758891302833393 0.55 0.92
-1.4013 0.0308 -1.2238 0.3252906740500605 0.19649436658726374 -0.9249734813904272 0.55 0.93
-1.4124 0.029 -1.2273 0.20518978795837364 0.12229391358337768 -0.9710516719608999 0.55 0.94
-1.4209 0.027 -1.2284 0.00310008291282627 -0.011700312929053987 -0.9999267433983831 0.55 0.95
-1.4264 0.025 -1.2273 -0.396191345294592 -0.296193529723014 -0.8690810151325843 0.55 0.96
-1.4282 0.0232 -1.2239 -0.7969011913681716 -0.557200833015868 -0.23340034893378245 0.55 0.97
-1.4257 0.0217 -1.2182 -0.7633238237083128 -0.49381541221952685 0.41651299957357824 0.55 0.98
-1.4183 0.0206 -1.2103 -0.6372672102592724 -0.3980795173453889 0.659866047466019 0.55 0.99
-1.4056 0.0203 -1.2 -0.6036754339280643 -0.3008877556219224 0.7382699567154047 0.55 1
-1.3976 0.0593 -1.2104 0.39919116998897863 0.5377881042586992 -0.7425835742330049 0.6 0.91
-1.4126 0.0575 -1.2186 0.33621015874342197 0.46721411708782495 -0.8177247079253306 0.6 0.92
-1.4256 0.0548 -1.2244 0.2633015942959802 0.37080224521439226 -0.8906053926319787 0.6 0.93
-1.4362 0.0516 -1.228 0.1666997041082878 0.22709959689857326 -0.9594982968920345 0.6 0.94
-1.4439 0.048 -1.2292 0.014000634383116174 -0.01770080204151116 -0.9997452994858028 0.6 0.95
-1.4481 0.0444 -1.2281 -0.2250119439509858 -0.43302298547011936 -0.8728463319129796 0.6 0.96
-1.4484 0.0412 -1.2247 -0.4665286690675983 -0.7949488511078969 -0.38782383250678376 0.6 0.97
-1.4443 0.0385 -1.2188 -0.5329821747092454 -0.8241724360138086 0.19149359560379078 0.6 0.98
-1.4353 0.0367 -1.2106 -0.48760009752002925 -0.7178001435600431 0.49700009940002987 0.6 0.99
-1.4208 0.036 -1.2 -0.4981161242799187 -0.5838188985236228 0.6411207534146875 0.6 1
-1.4328 0.0779 -1.2107 0.27850499781702914 0.7381132455610384 -0.6145110274993336 0.65 0.91
-1.4485 0.0755 -1.2192 0.23669619277235868 0.6447896286422344 -0.726788309704057 0.65 0.92
-1.4614 0.0719 -1.2253 0.18779195798159545 0.5115780921372963 -0.8384640935440245 0.65 0.93
-1.4713 0.0677 -1.229 0.12279762634482391 0.31209396728191807 -0.9420817897350049 0.65 0.94
-1.4776 0.063 -1.2304 0.02809989589007859 -0.004199984439086479 -0.9995962965025822 0.65 0.95
-1.4801 0.0583 -1.2293 -0.09490300894759879 -0.4433140554949478 -0.8913282600104826 0.65 0.96
-1.4783 0.0541 -1.2258 -0.2297873804235912 -0.8215548814448326 -0.5217713451045687 0.65 0.97
-1.4718 0.0505 -1.2197 -0.30419629947452526 -0.9514884252137106 -0.04619943798725531 0.65 0.98
-1.4602 0.0481 -1.2112 -0.3114862481857072 -0.9072599453575992 0.2825875240362147 0.65 0.99
-1.4432 0.0473 -1.2 -0.3557103531004927 -0.8029233694247555 0.4783139215292821 0.65 1
-1.4756 0.089 -1.2111 0.14559241628854816 0.8880537424852996 -0.43607728532579565 0.7 0.91
-1.4921 0.0863 -1.2199 0.1271959876658526 0.7909750490856087 -0.5984811212107923 0.7 0.92
-1.505 0.0822 -1.2263 0.1051037280953545 0.6351225281956198 -0.7652271430881566 0.7 0.93
-1.5139 0.0773 -1.2303 0.07519888518479065 0.3905942094837663 -0.9174863983649656 0.7 0.94
-1.5187 0.072 -1.2318 0.035500928538929055 0.026200685287885675 -0.9990261298701446 0.7 0.95
-1.5189 0.0667 -1.2308 -0.01229976366231182 -0.4066921854847331 -0.9134824476034022 0.7 0.96
-1.5145 0.0618 -1.2272 -0.07610338477330836 -0.7728343725730973 -0.6300280211193727 0.7 0.97
-1.5051 0.0577 -1.2209 -0.12490396513931101 -0.9583304226821597 -0.2569081556788551 0.7 0.98
-1.4905 0.055 -1.2118 -0.1462979715926857 -0.9879863016648903 0.04979930953735986 0.7 0.99
-1.4704 0.054 -1.2 -0.204208118455127 -0.9418374434918639 0.26691061124227916 0.7 1
-1.5221 0.0927 -1.2115 -0.0022000006380002777 0.9823002848671238 -0.18730005431702362 0.75 0.91
-1.5396 0.0899 -1.2207 -0.0008000203207742248 0.913423201243971 -0.4070103381938868 0.75 0.92
-1.5524 0.0857 -1.2275 0.004700020633135869 0.7588033311539357 -0.651302859225828 0.75 0.93
-1.5603 0.0806 -1.2317 0.015100317034484246 0.4758099897356029 -0.8794184635844665 0.75 0.94
-1.5633 0.075 -1.2334 0.03279848982830299 0.06639694282314995 -0.9972540824928832 0.75 0.95
-1.5612 0.0694 -1.2324 0.04330214047770703 -0.35451752423434507 -0.9340461710433804 0.75 0.96
-1.5539 0.0643 -1.2286 0.03189982375396064 -0.6919961767316852 -0.7211960154030223 0.75 0.97
-1.5414 0.0601 -1.222 0.015500662589983914 -0.8951382635028776 -0.44551904411856996 0.75 0.98
-1.5235 0.0573 -1.2125 0.0038002090742534885 -0.9807539576632621 -0.19521073981428447 0.75 0.99
-1.5 0.0563 -1.2 -0.05210234804522317 -0.9985450004444404 0.01390062644584649 0.75 1
-1.5686 0.089 -1.2119 -0.16289128473495912 0.9767477405101785 0.13939254200155496 0.8 0.91
-1.5871 0.0863 -1.2215 -0.15870561034249017 0.9805346625129906 -0.1156040866766973 0.8 0.92
-1.5997 0.0822 -1.2286 -0.13660275872056882 0.8806177842557313 -0.4537091627490635 0.8 0.93
-1.6067 0.0773 -1.2331 -0.0780958664951767 0.5784693824258608 -0.8119570242520293 0.8 0.94
-1.6079 0.072 -1.235 0.016999147939063798 0.11299433630083583 -0.9934502045564637 0.8 0.95
-1.6035 0.0667 -1.234 0.08409866872861095 -0.2933953555882813 -0.9522849254489444 0.8 0.96
-1.5934 0.0618 -1.2301 0.1147031216879357 -0.5878159976300663 -0.8008217946617167 0.8 0.97
-1.5777 0.0577 -1.2232 0.12919994509003502 -0.7769996697752105 -0.6160997381576669 0.8 0.98
-1.5564 0.055 -1.2132 0.13820065507265758 -0.8862042006178665 -0.4422020960429029 0.8 0.99
-1.5296 0.054 -1.2 0.09719981143254873 -0.9579981414854083 -0.26979947658952314 0.8 1
-1.6114 0.0779 -1.2123 -0.3068860109200311 0.8179627140195028 0.4865778198556113 0.85 0.91
-1.6307 0.0755 -1.2222 -0.3290991361159015 0.9059976217593643 0.2661993012277514 0.85 0.92
-1.6433 0.0719 -1.2296 -0.33479911445751337 0.9343975285218056 -0.12169967810477711 0.85 0.93
-1.6493 0.0677 -1.2344 -0.24889133748774545 0.6951758048271621 -0.674376528733369 0.85 0.94
-1.6489 0.063 -1.2364 -0.02080013936140058 0.16300109211097571 -0.9864066089464198 0.85 0.95
-1.6423 0.0583 -1.2355 0.11529728535737402 -0.2229947496504285 -0.9679772092449094 0.85 0.96
-1.6296 0.0541 -1.2315 0.18031149883093234 -0.4599293306286511 -0.8694554469418335 0.85 0.97
-1.611 0.0505 -1.2244 0.21939362780461932 -0.6101822775131207 -0.7612778890048162 0.85 0.98
-1.5867 0.0481 -1.2139 0.2485016575115834 -0.7071047164041876 -0.662004415584178 0.85 0.99
-1.5568 0.0472 -1.2 0.23100246249937548 -0.8038085686450129 -0.5482058439054444 0.85 1
-1.6466 0.0593 -1.2126 -0.39439422216696757 0.5386921082184215 0.7444890933146739 0.9 0.91
-1.6666 0.0575 -1.2228 -0.45153310310522743 0.6432471581778123 0.6183453325580556 0.9 0.92
-1.6791 0.0548 -1.2305 -0.538717662148085 0.7875258194572434 0.2993098130330831 0.9 0.93
-1.6844 0.0516 -1.2355 -0.5449163395614163 0.7269217970768829 -0.4179125312951291 0.9 0.94
-1.6827 0.048 -1.2376 -0.10160347439021117 0.20280693510172074 -0.9739333042187663 0.9 0.95
-1.6743 0.0444 -1.2367 0.1366021364741218 -0.14460226159705722 -0.9800153275595855 0.9 0.96
-1.6595 0.0412 -1.2326 0.22929345376534116 -0.31059113274973815 -0.9224736637528443 0.9 0.97
-1.6385 0.0385 -1.2253 0.2834102397969491 -0.4083147526785262 -0.8677313517001156 0.9 0.98
-1.6117 0.0367 -1.2144 0.3237175233038175 -0.4714255189540301 -0.8203444064446138 0.9 0.99
-1.5792 0.036 -1.2 0.32900036683561357 -0.5531006167075315 -0.7654008534224274 0.9 1
-1.6705 0.0334 -1.2128 -0.42641112734355396 0.24780646659411976 0.869922700929075 0.95 0.91
-1.691 0.0323 -1.2232 -0.49621720911122313 0.30241048777757734 0.8138282240522237 0.95 0.92
-1.7035 0.0308 -1.2311 -0.6484873870429817 0.41709188764167726 0.6367876146013427 0.95 0.93
-1.7082 0.029 -1.2362 -0.8599637231954893 0.4793797777906018 -0.1750926138738723 0.95 0.94
-1.7056 0.027 -1.2384 -0.24509118422865206 0.1711938422682384 -0.9542656756809574 0.95 0.95
-1.696 0.025 -1.2375 0.14590597861996343 -0.06680273729824233 -0.9870404448108561 0.95 0.96
-1.6797 0.0232 -1.2334 0.2583028478045956 -0.15150167031512288 -0.9541105191264604 0.95 0.97
-1.6571 0.0217 -1.2259 0.3188131576905324 -0.19690812656607853 -0.927138263785736 0.95 0.98
-1.6286 0.0206 -1.2148 0.362092292947566 -0.22499521102789935 -0.9045807462037233 0.95 0.99
-1.5944 0.0202 -1.2 0.38061573117326075 -0.2657109820618376 -0.8857366082505441 0.95 1
-1.6793 0 -1.2129 -0.43150503569315 0 0.9021105276912876 0.5 0.91
-1.7 0 -1.2234 -0.5011702814834359 0 0.8653486863443045 0.5 0.92
-1.7124 0 -1.2313 -0.6629039442902028 0 0.7487044548047591 0.5 0.93
-1.717 0 -1.2365 -0.9958414029670104 0 -0.09110378771871325 0.5 0.94
-1.7141 0 -1.2387 -0.33729911459098627 0 -0.9413975288347302 0.5 0.95
-1.704 0 -1.2378 0.1480959562951193 0 -0.9889729964609923 0.5 0.96
-1.6872 0 -1.2337 0.267793427090997 0 -0.9634763517631653 0.5 0.97
-1.664 0 -1.2261 0.3293970354400215 0 -0.9441915023147187 0.5 0.98
-1.6348 0 -1.2149 0.3725972502424397 0 -0.9279931514358135 0.5 0.99
-1.6 0 -1.2 0.39420894076016577 0 -0.9190208436291029 0.5 1
-1.6705 -0.0334 -1.2128 -0.42641112734355396 -0.24780646659411976 0.869922700929075 0.05 0.91
-1.691 -0.0323 -1.2232 -0.49621720911122313 -0.30241048777757734 0.8138282240522237 0.05 0.92
-1.7035 -0.0308 -1.2311 -0.6484873870429817 -0.41709188764167726 0.6367876146013427 0.05 0.93
-1.7082 -0.029 -1.2362 -0.8599637231954893 -0.4793797777906018 -0.1750926138738723 0.05 0.94
-1.7056 -0.027 -1.2384 -0.24509118422865206 -0.1711938422682384 -0.9542656756809574 0.05 0.95
-1.696 -0.025 -1.2375 0.14590597861996343 0.06680273729824233 -0.9870404448108561 0.05 0.96
-1.6797 -0.0232 -1.2334 0.2583028478045956 0.15150167031512288 -0.9541105191264604 0.05 0.97
-1.6571 -0.0217 -1.2259 0.3188131576905324 0.19690812656607853 -0.927138263785736 0.05 0.98
-1.6286 -0.0206 -1.2148 0.362092292947566 0.22499521102789935 -0.9045807462037233 0.05 0.99
-1.5944 -0.0203 -1.2 0.38061573117326075 0.2657109820618376 -0.8857366082505441 0.05 1
-1.6466 -0.0593 -1.2126 -0.39439422216696757 -0.5386921082184215 0.7444890933146739 0.1 0.91
-1.6666 -0.0575 -1.2228 -0.45153310310522743 -0.6432471581778123 0.6183453325580556 0.1 0.92
-1.6791 -0.0548 -1.2305 -0.538717662148085 -0.7875258194572434 0.2993098130330831 0.1 0.93
-1.6844 -0.0516 -1.2355 -0.5449163395614163 -0.7269217970768829 -0.4179125312951291 0.1 0.94
-1.6827 -0.048 -1.2376 -0.10160347439021117 -0.20280693510172074 -0.9739333042187663 0.1 0.95
-1.6743 -0.0444 -1.2367 0.1366021364741218 0.14460226159705722 -0.9800153275595855 0.1 0.96
-1.6595 -0.0412 -1.2326 0.22929345376534116 0.31059113274973815 -0.9224736637528443 0.1 0.97
-1.6385 -0.0385 -1.2253 0.2834102397969491 0.4083147526785262 -0.8677313517001156 0.1 0.98
-1.6117 -0.0367 -1.2144 0.3237175233038175 0.4714255189540301 -0.8203444064446138 0.1 0.99
-1.5792 -0.036 -1.2 0.32900036683561357 0.5531006167075315 -0.7654008534224274 0.1 1
-1.6114 -0.0779 -1.2123 -0.3068860109200311 -0.8179627140195028 0.4865778198556113 0.15 0.91
-1.6307 -0.0755 -1.2222 -0.3290991361159015 -0.9059976217593643 0.2661993012277514 0.15 0.92
-1.6433 -0.0719 -1.2296 -0.33479911445751337 -0.9343975285218056 -0.12169967810477711 0.15 0.93
-1.6493 -0.0677 -1.2344 -0.24889133748774545 -0.6951758048271621 -0.674376528733369 0.15 0.94
-1.6489 -0.063 -1.2364 -0.02080013936140058 -0.16300109211097571 -0.9864066089464198 0.15 0.95
-1.6423 -0.0583 -1.2355 0.11529728535737402 0.2229947496504285 -0.9679772092449094 0.15 0.96
-1.6296 -0.0541 -1.2315 0.18031149883093234 0.4599293306286511 -0.8694554469418335 0.15 0.97
-1.611 -0.0505 -1.2244 0.21939362780461932 0.6101822775131207 -0.7612778890048162 0.15 0.98
-1.5867 -0.0481 -1.2139 0.2485016575115834 0.7071047164041876 -0.662004415584178 0.15 0.99
-1.5568 -0.0473 -1.2 0.23100246249937548 0.8038085686450129 -0.5482058439054444 0.15 1
-1.5686 -0.089 -1.2119 -0.16289128473495912 -0.9767477405101785 0.13939254200155496 0.2 0.91
-1.5871 -0.0863 -1.2215 -0.15870561034249017 -0.9805346625129906 -0.1156040866766973 0.2 0.92
-1.5997 -0.0822 -1.2286 -0.13660275872056882 -0.8806177842557313 -0.4537091627490635 0.2 0.93
-1.6067 -0.0773 -1.2331 -0.0780958664951767 -0.5784693824258608 -0.8119570242520293 0.2 0.94
-1.6079 -0.072 -1.235 0.016999147939063798 -0.11299433630083583 -0.9934502045564637 0.2 0.95
-1.6035 -0.0667 -1.234 0.08409866872861095 0.2933953555882813 -0.9522849254489444 0.2 0.96
-1.5934 -0.0618 -1.2301 0.1147031216879357 0.5878159976300663 -0.8008217946617167 0.2 0.97
-1.5777 -0.0577 -1.2232 0.12919994509003502 0.7769996697752105 -0.6160997381576669 0.2 0.98
-1.5564 -0.055 -1.2132 0.13820065507265758 0.8862042006178665 -0.4422020960429029 0.2 0.99
-1.5296 -0.054 -1.2 0.09719981143254873 0.9579981414854083 -0.26979947658952314 0.2 1
-1.5221 -0.0927 -1.2115 -0.0022000006380002777 -0.9823002848671238 -0.18730005431702362 0.25 0.91
-1.5396 -0.0899 -1.2207 -0.0008000203207742248 -0.913423201243971 -0.4070103381938868 0.25 0.92
-1.5524 -0.0857 -1.2275 0.004700020633135869 -0.7588033311539357 -0.651302859225828 0.25 0.93
-1.5603 -0.0806 -1.2317 0.015100317034484246 -0.4758099897356029 -0.8794184635844665 0.25 0.94
-1.5633 -0.075 -1.2334 0.03279848982830299 -0.06639694282314995 -0.9972540824928832 0.25 0.95
-1.5612 -0.0694 -1.2324 0.04330214047770703 0.35451752423434507 -0.9340461710433804 0.25 0.96
-1.5539 -0.0643 -1.2286 0.03189982375396064 0.6919961767316852 -0.7211960154030223 0.25 0.97
-1.5414 -0.0601 -1.222 0.01549997194507617 0.8950983798733987 -0.44559919346618976 0.25 0.98
-1.5235 -0.0573 -1.2125 0.0038002090742534885 0.9807539576632621 -0.19521073981428447 0.25 0.99
-1.5 -0.0563 -1.2 -0.05210234804522317 0.9985450004444404 0.01390062644584649 0.25 1
-1.4756 -0.089 -1.2111 0.14559876459972354 -0.888092464567407 -0.43599630058708416 0.3 0.91
-1.4921 -0.0863 -1.2199 0.1271959876658526 -0.7909750490856087 -0.5984811212107923 0.3 0.92
-1.505 -0.0822 -1.2263 0.1051037280953545 -0.6351225281956198 -0.7652271430881566 0.3 0.93
-1.5139 -0.0773 -1.2303 0.07519888518479065 -0.3905942094837663 -0.9174863983649656 0.3 0.94
-1.5187 -0.072 -1.2318 0.035500928538929055 -0.026200685287885675 -0.9990261298701446 0.3 0.95
-1.5189 -0.0667 -1.2308 -0.01229976366231182 0.4066921854847331 -0.9134824476034022 0.3 0.96
-1.5145 -0.0618 -1.2272 -0.07610338477330836 0.7728343725730973 -0.6300280211193727 0.3 0.97
-1.5051 -0.0577 -1.2209 -0.12490396513931101 0.9583304226821597 -0.2569081556788551 0.3 0.98
-1.4905 -0.055 -1.2118 -0.1462979715926857 0.9879863016648903 0.04979930953735986 0.3 0.99
-1.4704 -0.054 -1.2 -0.204208118455127 0.9418374434918639 0.26691061124227916 0.3 1
-1.4328 -0.0779 -1.2107 0.2784878832557936 -0.7380678873648159 -0.6145732604991408 0.35 0.91
-1.4485 -0.0755 -1.2192 0.23669619277235868 -0.6447896286422344 -0.726788309704057 0.35 0.92
-1.4614 -0.0719 -1.2253 0.18779195798159545 -0.5115780921372963 -0.8384640935440245 0.35 0.93
-1.4713 -0.0677 -1.229 0.12279762634482391 -0.31209396728191807 -0.9420817897350049 0.35 0.94
-1.4776 -0.063 -1.2304 0.02809989589007859 0.004199984439086479 -0.9995962965025822 0.35 0.95
-1.4801 -0.0583 -1.2293 -0.09490300894759879 0.4433140554949478 -0.8913282600104826 0.35 0.96
-1.4783 -0.0541 -1.2258 -0.2297873804235912 0.8215548814448326 -0.5217713451045687 0.35 0.97
-1.4718 -0.0505 -1.2197 -0.30419629947452526 0.9514884252137106 -0.04619943798725531 0.35 0.98
-1.4602 -0.0481 -1.2112 -0.3114862481857072 0.9072599453575992 0.2825875240362147 0.35 0.99
-1.4432 -0.0472 -1.2 -0.3557103531004927 0.8029233694247555 0.4783139215292821 0.35 1
-1.3976 -0.0593 -1.2104 0.39919116998897863 -0.5377881042586992 -0.7425835742330049 0.4 0.91
-1.4126 -0.0575 -1.2186 0.33621015874342197 -0.46721411708782495 -0.8177247079253306 0.4 0.92
-1.4256 -0.0548 -1.2244 0.2633015942959802 -0.37080224521439226 -0.8906053926319787 0.4 0.93
-1.4362 -0.0516 -1.228 0.1666997041082878 -0.22709959689857326 -0.9594982968920345 0.4 0.94
-1.4439 -0.048 -1.2292 0.01400060952980411 0.01780077497360808 -0.9997435247817977 0.4 0.95
-1.4481 -0.0444 -1.2281 -0.2250119439509858 0.43302298547011936 -0.8728463319129796 0.4 0.96
-1.4484 -0.0412 -1.2247 -0.46651057358197673 0.794918017021036 -0.3879087920524089 0.4 0.97
-1.4443 -0.0385 -1.2188 -0.5329821747092454 0.8241724360138086 0.19149359560379078 0.4 0.98
-1.4353 -0.0367 -1.2106 -0.48760009752002925 0.7178001435600431 0.49700009940002987 0.4 0.99
-1.4208 -0.036 -1.2 -0.4981161242799187 0.5838188985236228 0.6411207534146875 0.4 1
-1.3737 -0.0334 -1.2102 0.4928788904491735 -0.2824879013022753 -0.8229647531744162 0.45 0.91
-1.3882 -0.0323 -1.2182 0.41509484870489116 -0.24599694719682777 -0.8758891302833393 0.45 0.92
-1.4013 -0.0308 -1.2238 0.3252906740500605 -0.19649436658726374 -0.9249734813904272 0.45 0.93
-1.4124 -0.029 -1.2273 0.20518978795837364 -0.12229391358337768 -0.9710516719608999 0.45 0.94
-1.4209 -0.027 -1.2284 0.00310008291282627 0.011700312929053987 -0.9999267433983831 0.45 0.95
-1.4264 -0.025 -1.2273 -0.396191345294592 0.296193529723014 -0.8690810151325843 0.45 0.96
-1.4282 -0.0232 -1.2239 -0.7969011913681716 0.557200833015868 -0.23340034893378245 0.45 0.97
-1.4257 -0.0217 -1.2182 -0.7633238237083128 0.49381541221952685 0.41651299957357824 0.45 0.98
-1.4183 -0.0206 -1.2103 -0.6372672102592724 0.3980795173453889 0.659866047466019 0.45 0.99
-1.4056 -0.0202 -1.2 -0.6036754339280643 0.3008877556219224 0.7382699567154047 0.45 1
0 0 -1.575 0 0 -1 0.525 1
-0.0973 0 -1.5707 -0.12850121177214055 0 -0.9917093518632824 0.5 0.9
-0.1544 0 -1.5588 -0.4172055739037013 0 -0.9088121418113225 0.5 0.8
-0.1791 0 -1.5406 -0.8960809943236635 0 -0.4438905851805315 0.5 0.7
-0.1792 0 -1.5174 -0.9629744044804889 0 0.26959283431769454 0.5 0.6
-0.1625 0 -1.4906 -0.8028231698110259 0 0.5962172070768978 0.5 0.5
-0.1368 0 -1.4616 -0.7463048323394341 0 0.665604309801859 0.5 0.4
-0.1099 0 -1.4317 -0.784029601596423 0 0.6207234358557394 0.5 0.3
-0.0896 0 -1.4022 -0.9169428176445781 0 0.3990186326100847 0.5 0.2
-0.0837 0 -1.3745 -0.9816278786276351 0 -0.19080541895084838 0.5 0.1
-0.1 0 -1.35 -0.659396175513273 0 -0.7517956395979355 0.5 0.5
-0.0961 0.016 -1.5707 -0.12690174491098888 0.020000275005672002 -0.9917136361562463 0.95 0.9
-0.1524 0.0254 -1.5588 -0.4119886251510872 0.06489820818520767 -0.9088749063102504 0.95 0.8
-0.1768 0.0295 -1.5406 -0.8851277137825845 0.1396043710812889 -0.44391389916177754 0.95 0.7
-0.1769 0.0295 -1.5174 -0.9511507839759918 0.15009223367829727 0.269786040282509 0.95 0.6
-0.1604 0.0268 -1.4906 -0.792812253008056 0.12500193191978684 0.5965092191212228 0.95 0.5
-0.135 0.0225 -1.4616 -0.7369110132173893 0.11630173814246489 0.6659099520986017 0.95 0.4
-0.1085 0.0181 -1.4317 -0.7741581424008299 0.12229338777527965 0.6210664198464938 0.95 0.3
-0.0884 0.0147 -1.4022 -0.9055065649463938 0.14330103893629845 0.3994028956814905 0.95 0.2
-0.0826 0.0137 -1.3745 -0.969534976605183 0.15360554141986188 -0.1908068834824847 0.95 0.1
-0.0987 0.0164 -1.35 -0.6509012660041936 0.10330020091908618 -0.7521014628387678 0.95 0.5
-0.0924 0.0311 -1.5707 -0.1220048162351832 0.039601563302567665 -0.9917391496756653 0.9 0.9
-0.1467 0.0494 -1.5588 -0.39629430331033455 0.12849815285232902 -0.9090869319692787 0.9 0.8
-0.1701 0.0573 -1.5406 -0.8520973201581422 0.27679912946810675 -0.4441986029975904 0.9 0.7
-0.1702 0.0573 -1.5174 -0.9156904860252751 0.29749690902317283 0.27019719266575226 0.9 0.6
-0.1544 0.052 -1.4906 -0.7629192029180092 0.24780623736149254 0.5971150295744438 0.9 0.5
-0.13 0.0438 -1.4616 -0.7089237989714039 0.2303077315603249 0.6666223788888953 0.9 0.4
-0.1044 0.0351 -1.4317 -0.7447913902612926 0.24219720021654814 0.6217928121166376 0.9 0.3
-0.0851 0.0286 -1.4022 -0.8714419783711715 0.2837136668165038 0.40011927420966925 0.9 0.2
-0.0795 0.0267 -1.3745 -0.9332757258140532 0.3042920854657842 -0.19079503748561163 0.9 0.1
-0.095 0.0319 -1.35 -0.6261963805953803 0.20439881857824296 -0.7523956511657044 0.9 0.5
-0.0866 0.0452 -1.5707 -0.11409648245966782 0.05809820885983085 -0.9917694242199697 0.85 0.9
-0.1375 0.0717 -1.5588 -0.3707133107003853 0.18890678281980794 -0.9093326501749673 0.85 0.8
-0.1595 0.0831 -1.5406 -0.7979867335808305 0.4069932337937318 -0.4444926103717784 0.85 0.7
-0.1595 0.0832 -1.5174 -0.8575910467962069 0.4373954336155094 0.2705971749802397 0.85 0.6
-0.1447 0.0754 -1.4906 -0.7141685344275442 0.3641839544084453 0.5977736626726211 0.85 0.5
-0.1218 0.0635 -1.4616 -0.6635098399238896 0.33850502006667166 0.6672098947961103 0.85 0.4
-0.0978 0.051 -1.4317 -0.6971265575420739 0.35581355497557005 0.6224237116829533 0.85 0.3
-0.0797 0.0415 -1.4022 -0.8158772822133608 0.4167883946887226 0.4007888401901152 0.85 0.2
-0.0745 0.0388 -1.3745 -0.8740332270046988 0.4469169898723111 -0.19060724607219173 0.85 0.1
-0.089 0.0463 -1.35 -0.5861890969841933 0.2999944201556772 -0.7525860020305422 0.85 0.5
-0.0788 0.0579 -1.5707 -0.10349821311877562 0.07519870170562248 -0.9917828770164412 0.8 0.9
-0.1251 0.0919 -1.5588 -0.3362967547519749 0.24439764157413818 -0.9094912234520404 0.8 0.8
-0.1451 0.1066 -1.5406 -0.7243944620255067 0.5266959734246747 -0.4447965995429947 0.8 0.7
-0.1451 0.1066 -1.5174 -0.7785922880815797 0.566094392862808 0.27079731776585125 0.8 0.6
-0.1316 0.0967 -1.4906 -0.648099825013071 0.47129987274905155 0.5981998384860654 0.8 0.5
-0.1108 0.0814 -1.4616 -0.6020950206947682 0.43779637943891303 0.667694478189498 0.8 0.4
-0.089 0.0654 -1.4317 -0.632609106473632 0.4602066247220446 0.6229089668391169 0.8 0.3
-0.0725 0.0533 -1.4022 -0.7405810969087491 0.5389862425517361 0.40128975720966914 0.8 0.2
-0.0677 0.0497 -1.3745 -0.7936222018916512 0.5778161646333115 -0.19050532946113855 0.8 0.1
-0.0809 0.0594 -1.35 -0.5320808427741277 0.3875860452156585 -0.7527728968997619 0.8 0.5
-0.0692 0.0692 -1.5707 -0.09039947749253012 0.09039947749253012 -0.9917942674457012 0.75 0.9
-0.1098 0.1098 -1.5588 -0.2939081310809211 0.2939081310809211 -0.90952516236168 0.75 0.8
-0.1273 0.1273 -1.5406 -0.6333048068017255 0.6333048068017255 -0.44480337607043663 0.75 0.7
-0.1274 0.1274 -1.5174 -0.6806687614240252 0.6806687614240252 0.27088756790035023 0.75 0.6
-0.1155 0.1155 -1.4906 -0.566520661385288 0.566520661385288 0.5984218248419353 0.75 0.5
-0.0972 0.0972 -1.4616 -0.5263157318123393 0.5263157318123393 0.6678199614369754 0.75 0.4
-0.0781 0.0781 -1.4317 -0.5530743296507201 0.5530743296507201 0.6230710808269095 0.75 0.3
-0.0637 0.0637 -1.4022 -0.6476344939317445 0.6476344939317445 0.401421380272085 0.75 0.2
-0.0594 0.0594 -1.3745 -0.6941592089325955 0.6941592089325955 -0.19048880625419107 0.75 0.1
-0.071 0.071 -1.35 -0.46542276903880564 0.46542276903880564 -0.7528368296785839 0.75 0.5
-0.0579 0.0788 -1.5707 -0.07519870170562248 0.10349821311877562 -0.9917828770164412 0.7 0.9
-0.0919 0.1251 -1.5588 -0.24439764157413818 0.3362967547519749 -0.9094912234520404 0.7 0.8
-0.1066 0.1451 -1.5406 -0.5266959734246747 0.7243944620255067 -0.4447965995429947 0.7 0.7
-0.1066 0.1451 -1.5174 -0.566094392862808 0.7785922880815797 0.27079731776585125 0.7 0.6
-0.0967 0.1316 -1.4906 -0.47129987274905155 0.648099825013071 0.5981998384860654 0.7 0.5
-0.0814 0.1108 -1.4616 -0.43779637943891303 0.6020950206947682 0.667694478189498 0.7 0.4
-0.0654 0.089 -1.4317 -0.4602066247220446 0.632609106473632 0.6229089668391169 0.7 0.3
-0.0533 0.0725 -1.4022 -0.5389862425517361 0.7405810969087491 0.40128975720966914 0.7 0.2
-0.0497 0.0677 -1.3745 -0.5778161646333115 0.7936222018916512 -0.19050532946113855 0.7 0.1
-0.0594 0.0809 -1.35 -0.38750106562939574 0.532101463281036 -0.7528020702085396 0.7 0.5
-0.0452 0.0866 -1.5707 -0.05809820885983085 0.11409648245966782 -0.9917694242199697 0.65 0.9
-0.0717 0.1375 -1.5588 -0.18890678281980794 0.3707133107003853 -0.9093326501749673 0.65 0.8
-0.0831 0.1595 -1.5406 -0.4069932337937318 0.7979867335808305 -0.4444926103717784 0.65 0.7
-0.0832 0.1595 -1.5174 -0.4373954336155094 0.8575910467962069 0.2705971749802397 0.65 0.6
-0.0754 0.1447 -1.4906 -0.3641839544084453 0.7141685344275442 0.5977736626726211 0.65 0.5
-0.0635 0.1218 -1.4616 -0.33850502006667166 0.6635098399238896 0.6672098947961103 0.65 0.4
-0.051 0.0978 -1.4317 -0.35581355497557005 0.6971265575420739 0.6224237116829533 0.65 0.3
-0.0415 0.0797 -1.4022 -0.4167883946887226 0.8158772822133608 0.4007888401901152 0.65 0.2
-0.0388 0.0745 -1.3745 -0.4469169898723111 0.8740332270046988 -0.19060724607219173 0.65 0.1
-0.0463 0.089 -1.35 -0.2999944201556772 0.5861890969841933 -0.7525860020305422 0.65 0.5
-0.0311 0.0924 -1.5707 -0.039601563302567665 0.1220048162351832 -0.9917391496756653 0.6 0.9
-0.0494 0.1467 -1.5588 -0.12849815285232902 0.39629430331033455 -0.9090869319692787 0.6 0.8
-0.0573 0.1701 -1.5406 -0.27679912946810675 0.8520973201581422 -0.4441986029975904 0.6 0.7
-0.0573 0.1702 -1.5174 -0.29749690902317283 0.9156904860252751 0.27019719266575226 0.6 0.6
-0.052 0.1544 -1.4906 -0.24780623736149254 0.7629192029180092 0.5971150295744438 0.6 0.5
-0.0438 0.13 -1.4616 -0.2303077315603249 0.7089237989714039 0.6666223788888953 0.6 0.4
-0.0351 0.1044 -1.4317 -0.24219720021654814 0.7447913902612926 0.6217928121166376 0.6 0.3
-0.0286 0.0851 -1.4022 -0.2837136668165038 0.8714419783711715 0.40011927420966925 0.6 0.2
-0.0267 0.0795 -1.3745 -0.3042920854657842 0.9332757258140532 -0.19079503748561163 0.6 0.1
-0.0319 0.095 -1.35 -0.20439881857824296 0.6261963805953803 -0.7523956511657044 0.6 0.5
-0.016 0.0961 -1.5707 -0.020000275005672002 0.12690174491098888 -0.9917136361562463 0.55 0.9
-0.0254 0.1524 -1.5588 -0.06489820818520767 0.4119886251510872 -0.9088749063102504 0.55 0.8
-0.0295 0.1768 -1.5406 -0.1396043710812889 0.8851277137825845 -0.44391389916177754 0.55 0.7
-0.0295 0.1769 -1.5174 -0.15009223367829727 0.9511507839759918 0.269786040282509 0.55 0.6
-0.0268 0.1604 -1.4906 -0.12500193191978684 0.792812253008056 0.5965092191212228 0.55 0.5
-0.0225 0.135 -1.4616 -0.11630173814246489 0.7369110132173893 0.6659099520986017 0.55 0.4
-0.0181 0.1085 -1.4317 -0.12229338777527965 0.7741581424008299 0.6210664198464938 0.55 0.3
-0.0147 0.0884 -1.4022 -0.14330103893629845 0.9055065649463938 0.3994028956814905 0.55 0.2
-0.0137 0.0826 -1.3745 -0.15360554141986188 0.969534976605183 -0.1908068834824847 0.55 0.1
-0.0164 0.0987 -1.35 -0.10330020091908618 0.6509012660041936 -0.7521014628387678 0.55 0.5
0 0.0973 -1.5707 0 0.12850121177214055 -0.9917093518632824 0.5 0.9
0 0.1544 -1.5588 0 0.4172055739037013 -0.9088121418113225 0.5 0.8
0 0.1791 -1.5406 0 0.8960809943236635 -0.4438905851805315 0.5 0.7
0 0.1792 -1.5174 0 0.9629744044804889 0.26959283431769454 0.5 0.6
0 0.1625 -1.4906 0 0.8028231698110259 0.5962172070768978 0.5 0.5
0 0.1368 -1.4616 0 0.7463048323394341 0.665604309801859 0.5 0.4
0 0.1099 -1.4317 0 0.784029601596423 0.6207234358557394 0.5 0.3
0 0.0896 -1.4022 0 0.9169428176445781 0.3990186326100847 0.5 0.2
0 0.0837 -1.3745 0 0.9816278786276351 -0.19080541895084838 0.5 0.1
0 0.1 -1.35 0 0.659396175513273 -0.7517956395979355 0.5 0.5
0.016 0.0961 -1.5707 0.020000275005672002 0.12690174491098888 -0.9917136361562463 0.45 0.9
0.0254 0.1524 -1.5588 0.06489820818520767 0.4119886251510872 -0.9088749063102504 0.45 0.8
0.0295 0.1768 -1.5406 0.1396043710812889 0.8851277137825845 -0.44391389916177754 0.45 0.7
0.0295 0.1769 -1.5174 0.15009223367829727 0.9511507839759918 0.269786040282509 0.45 0.6
0.0268 0.1604 -1.4906 0.12500193191978684 0.792812253008056 0.5965092191212228 0.45 0.5
0.0225 0.135 -1.4616 0.11630173814246489 0.7369110132173893 0.6659099520986017 0.45 0.4
0.0181 0.1085 -1.4317 0.12229338777527965 0.7741581424008299 0.6210664198464938 0.45 0.3
0.0147 0.0884 -1.4022 0.14330103893629845 0.9055065649463938 0.3994028956814905 0.45 0.2
0.0137 0.0826 -1.3745 0.15360554141986188 0.969534976605183 -0.1908068834824847 0.45 0.1
0.0164 0.0987 -1.35 0.10330020091908618 0.6509012660041936 -0.7521014628387678 0.45 0.5
0.0311 0.0924 -1.5707 0.039601563302567665 0.1220048162351832 -0.9917391496756653 0.4 0.9
0.0494 0.1467 -1.5588 0.12849815285232902 0.39629430331033455 -0.9090869319692787 0.4 0.8
0.0573 0.1701 -1.5406 0.27679912946810675 0.8520973201581422 -0.4441986029975904 0.4 0.7
0.0573 0.1702 -1.5174 0.29749690902317283 0.9156904860252751 0.27019719266575226 0.4 0.6
0.052 0.1544 -1.4906 0.24780623736149254 0.7629192029180092 0.5971150295744438 0.4 0.5
0.0438 0.13 -1.4616 0.2303077315603249 0.7089237989714039 0.6666223788888953 0.4 0.4
0.0351 0.1044 -1.4317 0.24219720021654814 0.7447913902612926 0.6217928121166376 0.4 0.3
0.0286 0.0851 -1.4022 0.2837136668165038 0.8714419783711715 0.40011927420966925 0.4 0.2
0.0267 0.0795 -1.3745 0.3042920854657842 0.9332757258140532 -0.19079503748561163 0.4 0.1
0.0319 0.095 -1.35 0.20439881857824296 0.6261963805953803 -0.7523956511657044 0.4 0.5
0.0452 0.0866 -1.5707 0.05809820885983085 0.11409648245966782 -0.9917694242199697 0.35 0.9
0.0717 0.1375 -1.5588 0.18890678281980794 0.3707133107003853 -0.9093326501749673 0.35 0.8
0.0831 0.1595 -1.5406 0.4069932337937318 0.7979867335808305 -0.4444926103717784 0.35 0.7
0.0832 0.1595 -1.5174 0.4373954336155094 0.8575910467962069 0.2705971749802397 0.35 0.6
0.0754 0.1447 -1.4906 0.3641839544084453 0.7141685344275442 0.5977736626726211 0.35 0.5
0.0635 0.1218 -1.4616 0.33850502006667166 0.6635098399238896 0.6672098947961103 0.35 0.4
0.051 0.0978 -1.4317 0.35581355497557005 0.6971265575420739 0.6224237116829533 0.35 0.3
0.0415 0.0797 -1.4022 0.4167883946887226 0.8158772822133608 0.4007888401901152 0.35 0.2
0.0388 0.0745 -1.3745 0.4469169898723111 0.8740332270046988 -0.19060724607219173 0.35 0.1
0.0463 0.089 -1.35 0.2999944201556772 0.5861890969841933 -0.7525860020305422 0.35 0.5
0.0579 0.0788 -1.5707 0.07519870170562248 0.10349821311877562 -0.9917828770164412 0.3 0.9
0.0919 0.1251 -1.5588 0.24439764157413818 0.3362967547519749 -0.9094912234520404 0.3 0.8
0.1066 0.1451 -1.5406 0.5266959734246747 0.7243944620255067 -0.4447965995429947 0.3 0.7
0.1066 0.1451 -1.5174 0.566094392862808 0.7785922880815797 0.27079731776585125 0.3 0.6
0.0967 0.1316 -1.4906 0.47129987274905155 0.648099825013071 0.5981998384860654 0.3 0.5
0.0814 0.1108 -1.4616 0.43779637943891303 0.6020950206947682 0.667694478189498 0.3 0.4
0.0654 0.089 -1.4317 0.4602066247220446 0.632609106473632 0.6229089668391169 0.3 0.3
0.0533 0.0725 -1.4022 0.5389862425517361 0.7405810969087491 0.40128975720966914 0.3 0.2
0.0497 0.0677 -1.3745 0.5778161646333115 0.7936222018916512 -0.19050532946113855 0.3 0.1
0.0594 0.0809 -1.35 0.3875860452156585 0.5320808427741277 -0.7527728968997619 0.3 0.5
0.0692 0.0692 -1.5707 0.09039947749253012 0.09039947749253012 -0.9917942674457012 0.25 0.9
0.1098 0.1098 -1.5588 0.2939081310809211 0.2939081310809211 -0.90952516236168 0.25 0.8
0.1273 0.1273 -1.5406 0.6333048068017255 0.6333048068017255 -0.44480337607043663 0.25 0.7
0.1274 0.1274 -1.5174 0.6806687614240252 0.6806687614240252 0.27088756790035023 0.25 0.6
0.1155 0.1155 -1.4906 0.566520661385288 0.566520661385288 0.5984218248419353 0.25 0.5
0.0972 0.0972 -1.4616 0.5263157318123393 0.5263157318123393 0.6678199614369754 0.25 0.4
0.0781 0.0781 -1.4317 0.5530743296507201 0.5530743296507201 0.6230710808269095 0.25 0.3
0.0637 0.0637 -1.4022 0.6476344939317445 0.6476344939317445 0.401421380272085 0.25 0.2
0.0594 0.0594 -1.3745 0.6941592089325955 0.6941592089325955 -0.19048880625419107 0.25 0.1
0.071 0.071 -1.35 0.46542276903880564 0.46542276903880564 -0.7528368296785839 0.25 0.5
0.0788 0.0579 -1.5707 0.10349821311877562 0.07519870170562248 -0.9917828770164412 0.2 0.9
0.1251 0.0919 -1.5588 0.3362967547519749 0.24439764157413818 -0.9094912234520404 0.2 0.8
0.1451 0.1066 -1.5406 0.7243944620255067 0.5266959734246747 -0.4447965995429947 0.2 0.7
0.1451 0.1066 -1.5174 0.7785922880815797 0.566094392862808 0.27079731776585125 0.2 0.6
0.1316 0.0967 -1.4906 0.648099825013071 0.47129987274905155 0.5981998384860654 0.2 0.5
0.1108 0.0814 -1.4616 0.6020950206947682 0.43779637943891303 0.667694478189498 0.2 0.4
0.089 0.0654 -1.4317 0.632609106473632 0.4602066247220446 0.6229089668391169 0.2 0.3
0.0725 0.0533 -1.4022 0.7405810969087491 0.5389862425517361 0.40128975720966914 0.2 0.2
0.0677 0.0497 -1.3745 0.7936222018916512 0.5778161646333115 -0.19050532946113855 0.2 0.1
0.0809 0.0594 -1.35 0.532101463281036 0.38750106562939574 -0.7528020702085396 0.2 0.5
0.0866 0.0452 -1.5707 0.11409648245966782 0.05809820885983085 -0.9917694242199697 0.15 0.9
0.1375 0.0717 -1.5588 0.3707133107003853 0.18890678281980794 -0.9093326501749673 0.15 0.8
0.1595 0.0831 -1.5406 0.7979867335808305 0.4069932337937318 -0.4444926103717784 0.15 0.7
0.1595 0.0832 -1.5174 0.8575910467962069 0.4373954336155094 0.2705971749802397 0.15 0.6
0.1447 0.0754 -1.4906 0.7141685344275442 0.3641839544084453 0.5977736626726211 0.15 0.5
0.1218 0.0635 -1.4616 0.6635098399238896 0.33850502006667166 0.6672098947961103 0.15 0.4
0.0978 0.051 -1.4317 0.6971265575420739 0.35581355497557005 0.6224237116829533 0.15 0.3
0.0797 0.0415 -1.4022 0.8158772822133608 0.4167883946887226 0.4007888401901152 0.15 0.2
0.0745 0.0388 -1.3745 0.8740332270046988 0.4469169898723111 -0.19060724607219173 0.15 0.1
0.089 0.0463 -1.35 0.5861890969841933 0.2999944201556772 -0.7525860020305422 0.15 0.5
0.0924 0.0311 -1.5707 0.1220048162351832 0.039601563302567665 -0.9917391496756653 0.1 0.9
0.1467 0.0494 -1.5588 0.39629430331033455 0.12849815285232902 -0.9090869319692787 0.1 0.8
0.1701 0.0573 -1.5406 0.8520973201581422 0.27679912946810675 -0.4441986029975904 0.1 0.7
0.1702 0.0573 -1.5174 0.9156904860252751 0.29749690902317283 0.27019719266575226 0.1 0.6
0.1544 0.052 -1.4906 0.7629192029180092 0.24780623736149254 0.5971150295744438 0.1 0.5
0.13 0.0438 -1.4616 0.7089237989714039 0.2303077315603249 0.6666223788888953 0.1 0.4
0.1044 0.0351 -1.4317 0.7447913902612926 0.24219720021654814 0.6217928121166376 0.1 0.3
0.0851 0.0286 -1.4022 0.8714419783711715 0.2837136668165038 0.40011927420966925 0.1 0.2
0.0795 0.0267 -1.3745 0.9332757258140532 0.3042920854657842 -0.19079503748561163 0.1 0.1
0.095 0.0319 -1.35 0.6261963805953803 0.20439881857824296 -0.7523956511657044 0.1 0.5
0.0961 0.016 -1.5707 0.12690174491098888 0.020000275005672002 -0.9917136361562463 0.05 0.9
0.1524 0.0254 -1.5588 0.4119886251510872 0.06489820818520767 -0.9088749063102504 0.05 0.8
0.1768 0.0295 -1.5406 0.8851277137825845 0.1396043710812889 -0.44391389916177754 0.05 0.7
0.1769 0.0295 -1.5174 0.9511507839759918 0.15009223367829727 0.269786040282509 0.05 0.6
0.1604 0.0268 -1.4906 0.792812253008056 0.12500193191978684 0.5965092191212228 0.05 0.5
0.135 0.0225 -1.4616 0.7369110132173893 0.11630173814246489 0.6659099520986017 0.05 0.4
0.1085 0.0181 -1.4317 0.7741581424008299 0.12229338777527965 0.6210664198464938 0.05 0.3
0.0884 0.0147 -1.4022 0.9055065649463938 0.14330103893629845 0.3994028956814905 0.05 0.2
0.0826 0.0137 -1.3745 0.969534976605183 0.15360554141986188 -0.1908068834824847 0.05 0.1
0.0987 0.0164 -1.35 0.6509012660041936 0.10330020091908618 -0.7521014628387678 0.05 0.5
0.0973 0 -1.5707 0.12850121177214055 0 -0.9917093518632824 0.5 0.9
0.1544 0 -1.5588 0.4172055739037013 0 -0.9088121418113225 0.5 0.8
0.1791 0 -1.5406 0.8960809943236635 0 -0.4438905851805315 0.5 0.7
0.1792 0 -1.5174 0.9629744044804889 0 0.26959283431769454 0.5 0.6
0.1625 0 -1.4906 0.8028231698110259 0 0.5962172070768978 0.5 0.5
0.1368 0 -1.4616 0.7463048323394341 0 0.665604309801859 0.5 0.4
0.1099 0 -1.4317 0.784029601596423 0 0.6207234358557394 0.5 0.3
0.0896 0 -1.4022 0.9169428176445781 0 0.3990186326100847 0.5 0.2
0.0837 0 -1.3745 0.9816278786276351 0 -0.19080541895084838 0.5 0.1
0.1 0 -1.35 0.659396175513273 0 -0.7517956395979355 0.5 0.5
0.0961 -0.016 -1.5707 0.12690174491098888 -0.020000275005672002 -0.9917136361562463 0.95 0.9
0.1524 -0.0254 -1.5588 0.4119886251510872 -0.06489820818520767 -0.9088749063102504 0.95 0.8
0.1768 -0.0295 -1.5406 0.8851277137825845 -0.1396043710812889 -0.44391389916177754 0.95 0.7
0.1769 -0.0295 -1.5174 0.9511507839759918 -0.15009223367829727 0.269786040282509 0.95 0.6
0.1604 -0.0268 -1.4906 0.792812253008056 -0.12500193191978684 0.5965092191212228 0.95 0.5
0.135 -0.0225 -1.4616 0.7369110132173893 -0.11630173814246489 0.6659099520986017 0.95 0.4
0.1085 -0.0181 -1.4317 0.7741581424008299 -0.12229338777527965 0.6210664198464938 0.95 0.3
0.0884 -0.0147 -1.4022 0.9055065649463938 -0.14330103893629845 0.3994028956814905 0.95 0.2
0.0826 -0.0137 -1.3745 0.969534976605183 -0.15360554141986188 -0.1908068834824847 0.95 0.1
0.0987 -0.0164 -1.35 0.6509012660041936 -0.10330020091908618 -0.7521014628387678 0.95 0.5
0.0924 -0.0311 -1.5707 0.1220048162351832 -0.039601563302567665 -0.9917391496756653 0.9 0.9
0.1467 -0.0494 -1.5588 0.39629430331033455 -0.12849815285232902 -0.9090869319692787 0.9 0.8
0.1701 -0.0573 -1.5406 0.8520973201581422 -0.27679912946810675 -0.4441986029975904 0.9 0.7
0.1702 -0.0573 -1.5174 0.9156904860252751 -0.29749690902317283 0.27019719266575226 0.9 0.6
0.1544 -0.052 -1.4906 0.7629192029180092 -0.24780623736149254 0.5971150295744438 0.9 0.5
0.13 -0.0438 -1.4616 0.7089237989714039 -0.2303077315603249 0.6666223788888953 0.9 0.4
0.1044 -0.0351 -1.4317 0.7447913902612926 -0.24219720021654814 0.6217928121166376 0.9 0.3
0.0851 -0.0286 -1.4022 0.8714419783711715 -0.2837136668165038 0.40011927420966925 0.9 0.2
0.0795 -0.0267 -1.3745 0.9332757258140532 -0.3042920854657842 -0.19079503748561163 0.9 0.1
0.095 -0.0319 -1.35 0.6261963805953803 -0.20439881857824296 -0.7523956511657044 0.9 0.5
0.0866 -0.0452 -1.5707 0.11409648245966782 -0.05809820885983085 -0.9917694242199697 0.85 0.9
0.1375 -0.0717 -1.5588 0.3707133107003853 -0.18890678281980794 -0.9093326501749673 0.85 0.8
0.1595 -0.0831 -1.5406 0.7979867335808305 -0.4069932337937318 -0.4444926103717784 0.85 0.7
0.1595 -0.0832 -1.5174 0.8575910467962069 -0.4373954336155094 0.2705971749802397 0.85 0.6
0.1447 -0.0754 -1.4906 0.7141685344275442 -0.3641839544084453 0.5977736626726211 0.85 0.5
0.1218 -0.0635 -1.4616 0.6635098399238896 -0.33850502006667166 0.6672098947961103 0.85 0.4
0.0978 -0.051 -1.4317 0.6971265575420739 -0.35581355497557005 0.6224237116829533 0.85 0.3
0.0797 -0.0415 -1.4022 0.8158772822133608 -0.4167883946887226 0.4007888401901152 0.85 0.2
0.0745 -0.0388 -1.3745 0.8740332270046988 -0.4469169898723111 -0.19060724607219173 0.85 0.1
0.089 -0.0463 -1.35 0.5861890969841933 -0.2999944201556772 -0.7525860020305422 0.85 0.5
0.0788 -0.0579 -1.5707 0.10349821311877562 -0.07519870170562248 -0.9917828770164412 0.8 0.9
0.1251 -0.0919 -1.5588 0.3362967547519749 -0.24439764157413818 -0.9094912234520404 0.8 0.8
0.1451 -0.1066 -1.5406 0.7243944620255067 -0.5266959734246747 -0.4447965995429947 0.8 0.7
0.1451 -0.1066 -1.5174 0.7785922880815797 -0.566094392862808 0.27079731776585125 0.8 0.6
0.1316 -0.0967 -1.4906 0.648099825013071 -0.47129987274905155 0.5981998384860654 0.8 0.5
0.1108 -0.0814 -1.4616 0.6020950206947682 -0.43779637943891303 0.667694478189498 0.8 0.4
0.089 -0.0654 -1.4317 0.632609106473632 -0.4602066247220446 0.6229089668391169 0.8 0.3
0.0725 -0.0533 -1.4022 0.7405810969087491 -0.5389862425517361 0.40128975720966914 0.8 0.2
0.0677 -0.0497 -1.3745 0.7936222018916512 -0.5778161646333115 -0.19050532946113855 0.8 0.1
0.0809 -0.0594 -1.35 0.5320808427741277 -0.3875860452156585 -0.7527728968997619 0.8 0.5
0.0692 -0.0692 -1.5707 0.09039947749253012 -0.09039947749253012 -0.9917942674457012 0.75 0.9
0.1098 -0.1098 -1.5588 0.2939081310809211 -0.2939081310809211 -0.90952516236168 0.75 0.8
0.1273 -0.1273 -1.5406 0.6333048068017255 -0.6333048068017255 -0.44480337607043663 0.75 0.7
0.1274 -0.1274 -1.5174 0.6806687614240252 -0.6806687614240252 0.27088756790035023 0.75 0.6
0.1155 -0.1155 -1.4906 0.566520661385288 -0.566520661385288 0.5984218248419353 0.75 0.5
0.0972 -0.0972 -1.4616 0.5263157318123393 -0.5263157318123393 0.6678199614369754 0.75 0.4
0.0781 -0.0781 -1.4317 0.5530743296507201 -0.5530743296507201 0.6230710808269095 0.75 0.3
0.0637 -0.0637 -1.4022 0.6476344939317445 -0.6476344939317445 0.401421380272085 0.75 0.2
0.0594 -0.0594 -1.3745 0.6941592089325955 -0.6941592089325955 -0.19048880625419107 0.75 0.1
0.071 -0.071 -1.35 0.46542276903880564 -0.46542276903880564 -0.7528368296785839 0.75 0.5
0.0579 -0.0788 -1.5707 0.07519870170562248 -0.10349821311877562 -0.9917828770164412 0.7 0.9
0.0919 -0.1251 -1.5588 0.24439764157413818 -0.3362967547519749 -0.9094912234520404 0.7 0.8
0.1066 -0.1451 -1.5406 0.5266959734246747 -0.7243944620255067 -0.4447965995429947 0.7 0.7
0.1066 -0.1451 -1.5174 0.566094392862808 -0.7785922880815797 0.27079731776585125 0.7 0.6
0.0967 -0.1316 -1.4906 0.47129987274905155 -0.648099825013071 0.5981998384860654 0.7 0.5
0.0814 -0.1108 -1.4616 0.43779637943891303 -0.6020950206947682 0.667694478189498 0.7 0.4
0.0654 -0.089 -1.4317 0.4602066247220446 -0.632609106473632 0.6229089668391169 0.7 0.3
0.0533 -0.0725 -1.4022 0.5389862425517361 -0.7405810969087491 0.40128975720966914 0.7 0.2
0.0497 -0.0677 -1.3745 0.5778161646333115 -0.7936222018916512 -0.19050532946113855 0.7 0.1
0.0594 -0.0809 -1.35 0.38750106562939574 -0.532101463281036 -0.7528020702085396 0.7 0.5
0.0452 -0.0866 -1.5707 0.05809820885983085 -0.11409648245966782 -0.9917694242199697 0.65 0.9
0.0717 -0.1375 -1.5588 0.18890678281980794 -0.3707133107003853 -0.9093326501749673 0.65 0.8
0.0831 -0.1595 -1.5406 0.4069932337937318 -0.7979867335808305 -0.4444926103717784 0.65 0.7
0.0832 -0.1595 -1.5174 0.4373954336155094 -0.8575910467962069 0.2705971749802397 0.65 0.6
0.0754 -0.1447 -1.4906 0.3641839544084453 -0.7141685344275442 0.5977736626726211 0.65 0.5
0.0635 -0.1218 -1.4616 0.33850502006667166 -0.6635098399238896 0.6672098947961103 0.65 0.4
0.051 -0.0978 -1.4317 0.35581355497557005 -0.6971265575420739 0.6224237116829533 0.65 0.3
0.0415 -0.0797 -1.4022 0.4167883946887226 -0.8158772822133608 0.4007888401901152 0.65 0.2
0.0388 -0.0745 -1.3745 0.4469169898723111 -0.8740332270046988 -0.19060724607219173 0.65 0.1
0.0463 -0.089 -1.35 0.2999944201556772 -0.5861890969841933 -0.7525860020305422 0.65 0.5
0.0311 -0.0924 -1.5707 0.039601563302567665 -0.1220048162351832 -0.9917391496756653 0.6 0.9
0.0494 -0.1467 -1.5588 0.12849815285232902 -0.39629430331033455 -0.9090869319692787 0.6 0.8
0.0573 -0.1701 -1.5406 0.27679912946810675 -0.8520973201581422 -0.4441986029975904 0.6 0.7
0.0573 -0.1702 -1.5174 0.29749690902317283 -0.9156904860252751 0.27019719266575226 0.6 0.6
0.052 -0.1544 -1.4906 0.24780623736149254 -0.7629192029180092 0.5971150295744438 0.6 0.5
0.0438 -0.13 -1.4616 0.2303077315603249 -0.7089237989714039 0.6666223788888953 0.6 0.4
0.0351 -0.1044 -1.4317 0.24219720021654814 -0.7447913902612926 0.6217928121166376 0.6 0.3
0.0286 -0.0851 -1.4022 0.2837136668165038 -0.8714419783711715 0.40011927420966925 0.6 0.2
0.0267 -0.0795 -1.3745 0.3042920854657842 -0.9332757258140532 -0.19079503748561163 0.6 0.1
0.0319 -0.095 -1.35 0.20439881857824296 -0.6261963805953803 -0.7523956511657044 0.6 0.5
0.016 -0.0961 -1.5707 0.020000275005672002 -0.12690174491098888 -0.9917136361562463 0.55 0.9
0.0254 -0.1524 -1.5588 0.06489820818520767 -0.4119886251510872 -0.9088749063102504 0.55 0.8
0.0295 -0.1768 -1.5406 0.1396043710812889 -0.8851277137825845 -0.44391389916177754 0.55 0.7
0.0295 -0.1769 -1.5174 0.15009223367829727 -0.9511507839759918 0.269786040282509 0.55 0.6
0.0268 -0.1604 -1.4906 0.12500193191978684 -0.792812253008056 0.5965092191212228 0.55 0.5
0.0225 -0.135 -1.4616 0.11630173814246489 -0.7369110132173893 0.6659099520986017 0.55 0.4
0.0181 -0.1085 -1.4317 0.12229338777527965 -0.7741581424008299 0.6210664198464938 0.55 0.3
0.0147 -0.0884 -1.4022 0.14330103893629845 -0.9055065649463938 0.3994028956814905 0.55 0.2
0.0137 -0.0826 -1.3745 0.15360554141986188 -0.969534976605183 -0.1908068834824847 0.55 0.1
0.0164 -0.0987 -1.35 0.10330020091908618 -0.6509012660041936 -0.7521014628387678 0.55 0.5
0 -0.0973 -1.5707 0 -0.12850121177214055 -0.9917093518632824 0.5 0.9
0 -0.1544 -1.5588 0 -0.4172055739037013 -0.9088121418113225 0.5 0.8
0 -0.1791 -1.5406 0 -0.8960809943236635 -0.4438905851805315 0.5 0.7
0 -0.1792 -1.5174 0 -0.9629744044804889 0.26959283431769454 0.5 0.6
0 -0.1625 -1.4906 0 -0.8028231698110259 0.5962172070768978 0.5 0.5
0 -0.1368 -1.4616 0 -0.7463048323394341 0.665604309801859 0.5 0.4
0 -0.1099 -1.4317 0 -0.784029601596423 0.6207234358557394 0.5 0.3
0 -0.0896 -1.4022 0 -0.9169428176445781 0.3990186326100847 0.5 0.2
0 -0.0837 -1.3745 0 -0.9816278786276351 -0.19080541895084838 0.5 0.1
0 -0.1 -1.35 0 -0.659396175513273 -0.7517956395979355 0.5 0.5
-0.016 -0.0961 -1.5707 -0.020000275005672002 -0.12690174491098888 -0.9917136361562463 0.45 0.9
-0.0254 -0.1524 -1.5588 -0.06489820818520767 -0.4119886251510872 -0.9088749063102504 0.45 0.8
-0.0295 -0.1768 -1.5406 -0.1396043710812889 -0.8851277137825845 -0.44391389916177754 0.45 0.7
-0.0295 -0.1769 -1.5174 -0.15009223367829727 -0.9511507839759918 0.269786040282509 0.45 0.6
-0.0268 -0.1604 -1.4906 -0.12500193191978684 -0.792812253008056 0.5965092191212228 0.45 0.5
-0.0225 -0.135 -1.4616 -0.11630173814246489 -0.7369110132173893 0.6659099520986017 0.45 0.4
-0.0181 -0.1085 -1.4317 -0.12229338777527965 -0.7741581424008299 0.6210664198464938 0.45 0.3
-0.0147 -0.0884 -1.4022 -0.14330103893629845 -0.9055065649463938 0.3994028956814905 0.45 0.2
-0.0137 -0.0826 -1.3745 -0.15360554141986188 -0.969534976605183 -0.1908068834824847 0.45 0.1
-0.0164 -0.0987 -1.35 -0.10330020091908618 -0.6509012660041936 -0.7521014628387678 0.45 0.5
-0.0311 -0.0924 -1.5707 -0.039601563302567665 -0.1220048162351832 -0.9917391496756653 0.4 0.9
-0.0494 -0.1467 -1.5588 -0.12849815285232902 -0.39629430331033455 -0.9090869319692787 0.4 0.8
-0.0573 -0.1701 -1.5406 -0.27679912946810675 -0.8520973201581422 -0.4441986029975904 0.4 0.7
-0.0573 -0.1702 -1.5174 -0.29749690902317283 -0.9156904860252751 0.27019719266575226 0.4 0.6
-0.052 -0.1544 -1.4906 -0.24780623736149254 -0.7629192029180092 0.5971150295744438 0.4 0.5
-0.0438 -0.13 -1.4616 -0.2303077315603249 -0.7089237989714039 0.6666223788888953 0.4 0.4
-0.0351 -0.1044 -1.4317 -0.24219720021654814 -0.7447913902612926 0.6217928121166376 0.4 0.3
-0.0286 -0.0851 -1.4022 -0.2837136668165038 -0.8714419783711715 0.40011927420966925 0.4 0.2
-0.0267 -0.0795 -1.3745 -0.3042920854657842 -0.9332757258140532 -0.19079503748561163 0.4 0.1
-0.0319 -0.095 -1.35 -0.20439881857824296 -0.6261963805953803 -0.7523956511657044 0.4 0.5
-0.0452 -0.0866 -1.5707 -0.05809820885983085 -0.11409648245966782 -0.9917694242199697 0.35 0.9
-0.0717 -0.1375 -1.5588 -0.18890678281980794 -0.3707133107003853 -0.9093326501749673 0.35 0.8
-0.0831 -0.1595 -1.5406 -0.4069932337937318 -0.7979867335808305 -0.4444926103717784 0.35 0.7
-0.0832 -0.1595 -1.5174 -0.4373954336155094 -0.8575910467962069 0.2705971749802397 0.35 0.6
-0.0754 -0.1447 -1.4906 -0.3641839544084453 -0.7141685344275442 0.5977736626726211 0.35 0.5
-0.0635 -0.1218 -1.4616 -0.33850502006667166 -0.6635098399238896 0.6672098947961103 0.35 0.4
-0.051 -0.0978 -1.4317 -0.35581355497557005 -0.6971265575420739 0.6224237116829533 0.35 0.3
-0.0415 -0.0797 -1.4022 -0.4167883946887226 -0.8158772822133608 0.4007888401901152 0.35 0.2
-0.0388 -0.0745 -1.3745 -0.4469169898723111 -0.8740332270046988 -0.19060724607219173 0.35 0.1
-0.0463 -0.089 -1.35 -0.2999944201556772 -0.5861890969841933 -0.7525860020305422 0.35 0.5
-0.0579 -0.0788 -1.5707 -0.07519870170562248 -0.10349821311877562 -0.9917828770164412 0.3 0.9
-0.0919 -0.1251 -1.5588 -0.24439764157413818 -0.3362967547519749 -0.9094912234520404 0.3 0.8
-0.1066 -0.1451 -1.5406 -0.5266959734246747 -0.7243944620255067 -0.4447965995429947 0.3 0.7
-0.1066 -0.1451 -1.5174 -0.566094392862808 -0.7785922880815797 0.27079731776585125 0.3 0.6
-0.0967 -0.1316 -1.4906 -0.47129987274905155 -0.648099825013071 0.5981998384860654 0.3 0.5
-0.0814 -0.1108 -1.4616 -0.43779637943891303 -0.6020950206947682 0.667694478189498 0.3 0.4
-0.0654 -0.089 -1.4317 -0.4602066247220446 -0.632609106473632 0.6229089668391169 0.3 0.3
-0.0533 -0.0725 -1.4022 -0.5389862425517361 -0.7405810969087491 0.40128975720966914 0.3 0.2
-0.0497 -0.0677 -1.3745 -0.5778161646333115 -0.7936222018916512 -0.19050532946113855 0.3 0.1
-0.0594 -0.0809 -1.35 -0.3875860452156585 -0.5320808427741277 -0.7527728968997619 0.3 0.5
-0.0692 -0.0692 -1.5707 -0.09039947749253012 -0.09039947749253012 -0.9917942674457012 0.25 0.9
-0.1098 -0.1098 -1.5588 -0.2939081310809211 -0.2939081310809211 -0.90952516236168 0.25 0.8
-0.1273 -0.1273 -1.5406 -0.6333048068017255 -0.6333048068017255 -0.44480337607043663 0.25 0.7
-0.1274 -0.1274 -1.5174 -0.6806687614240252 -0.6806687614240252 0.27088756790035023 0.25 0.6
-0.1155 -0.1155 -1.4906 -0.566520661385288 -0.566520661385288 0.5984218248419353 0.25 0.5
-0.0972 -0.0972 -1.4616 -0.5263157318123393 -0.5263157318123393 0.6678199614369754 0.25 0.4
-0.0781 -0.0781 -1.4317 -0.5530743296507201 -0.5530743296507201 0.6230710808269095 0.25 0.3
-0.0637 -0.0637 -1.4022 -0.6476344939317445 -0.6476344939317445 0.401421380272085 0.25 0.2
-0.0594 -0.0594 -1.3745 -0.6941592089325955 -0.6941592089325955 -0.19048880625419107 0.25 0.1
-0.071 -0.071 -1.35 -0.46542276903880564 -0.46542276903880564 -0.7528368296785839 0.25 0.5
-0.0788 -0.0579 -1.5707 -0.10349821311877562 -0.07519870170562248 -0.9917828770164412 0.2 0.9
-0.1251 -0.0919 -1.5588 -0.3362967547519749 -0.24439764157413818 -0.9094912234520404 0.2 0.8
-0.1451 -0.1066 -1.5406 -0.7243944620255067 -0.5266959734246747 -0.4447965995429947 0.2 0.7
-0.1451 -0.1066 -1.5174 -0.7785922880815797 -0.566094392862808 0.27079731776585125 0.2 0.6
-0.1316 -0.0967 -1.4906 -0.648099825013071 -0.47129987274905155 0.5981998384860654 0.2 0.5
-0.1108 -0.0814 -1.4616 -0.6020950206947682 -0.43779637943891303 0.667694478189498 0.2 0.4
-0.089 -0.0654 -1.4317 -0.632609106473632 -0.4602066247220446 0.6229089668391169 0.2 0.3
-0.0725 -0.0533 -1.4022 -0.7405810969087491 -0.5389862425517361 0.40128975720966914 0.2 0.2
-0.0677 -0.0497 -1.3745 -0.7936222018916512 -0.5778161646333115 -0.19050532946113855 0.2 0.1
-0.0809 -0.0594 -1.35 -0.532101463281036 -0.38750106562939574 -0.7528020702085396 0.2 0.5
-0.0866 -0.0452 -1.5707 -0.11409648245966782 -0.05809820885983085 -0.9917694242199697 0.15 0.9
-0.1375 -0.0717 -1.5588 -0.3707133107003853 -0.18890678281980794 -0.9093326501749673 0.15 0.8
-0.1595 -0.0831 -1.5406 -0.7979867335808305 -0.4069932337937318 -0.4444926103717784 0.15 0.7
-0.1595 -0.0832 -1.5174 -0.8575910467962069 -0.4373954336155094 0.2705971749802397 0.15 0.6
-0.1447 -0.0754 -1.4906 -0.7141685344275442 -0.3641839544084453 0.5977736626726211 0.15 0.5
-0.1218 -0.0635 -1.4616 -0.6635098399238896 -0.33850502006667166 0.6672098947961103 0.15 0.4
-0.0978 -0.051 -1.4317 -0.6971265575420739 -0.35581355497557005 0.6224237116829533 0.15 0.3
-0.0797 -0.0415 -1.4022 -0.8158772822133608 -0.4167883946887226 0.4007888401901152 0.15 0.2
-0.0745 -0.0388 -1.3745 -0.8740332270046988 -0.4469169898723111 -0.19060724607219173 0.15 0.1
-0.089 -0.0463 -1.35 -0.5861890969841933 -0.2999944201556772 -0.7525860020305422 0.15 0.5
-0.0924 -0.0311 -1.5707 -0.1220048162351832 -0.039601563302567665 -0.9917391496756653 0.1 0.9
-0.1467 -0.0494 -1.5588 -0.39629430331033455 -0.12849815285232902 -0.9090869319692787 0.1 0.8
-0.1701 -0.0573 -1.5406 -0.8520973201581422 -0.27679912946810675 -0.4441986029975904 0.1 0.7
-0.1702 -0.0573 -1.5174 -0.9156904860252751 -0.29749690902317283 0.27019719266575226 0.1 0.6
-0.1544 -0.052 -1.4906 -0.7629192029180092 -0.24780623736149254 0.5971150295744438 0.1 0.5
-0.13 -0.0438 -1.4616 -0.7089237989714039 -0.2303077315603249 0.6666223788888953 0.1 0.4
-0.1044 -0.0351 -1.4317 -0.7447913902612926 -0.24219720021654814 0.6217928121166376 0.1 0.3
-0.0851 -0.0286 -1.4022 -0.8714419783711715 -0.2837136668165038 0.40011927420966925 0.1 0.2
-0.0795 -0.0267 -1.3745 -0.9332757258140532 -0.3042920854657842 -0.19079503748561163 0.1 0.1
-0.095 -0.0319 -1.35 -0.6261963805953803 -0.20439881857824296 -0.7523956511657044 0.1 0.5
-0.0961 -0.016 -1.5707 -0.12690174491098888 -0.020000275005672002 -0.9917136361562463 0.05 0.9
-0.1524 -0.0254 -1.5588 -0.4119886251510872 -0.06489820818520767 -0.9088749063102504 0.05 0.8
-0.1768 -0.0295 -1.5406 -0.8851277137825845 -0.1396043710812889 -0.44391389916177754 0.05 0.7
-0.1769 -0.0295 -1.5174 -0.9511507839759918 -0.15009223367829727 0.269786040282509 0.05 0.6
-0.1604 -0.0268 -1.4906 -0.792812253008056 -0.12500193191978684 0.5965092191212228 0.05 0.5
-0.135 -0.0225 -1.4616 -0.7369110132173893 -0.11630173814246489 0.6659099520986017 0.05 0.4
-0.1085 -0.0181 -1.4317 -0.7741581424008299 -0.12229338777527965 0.6210664198464938 0.05 0.3
-0.0884 -0.0147 -1.4022 -0.9055065649463938 -0.14330103893629845 0.3994028956814905 0.05 0.2
-0.0826 -0.0137 -1.3745 -0.969534976605183 -0.15360554141986188 -0.1908068834824847 0.05 0.1
-0.0987 -0.0164 -1.35 -0.6509012660041936 -0.10330020091908618 -0.7521014628387678 0.05 0.5
-0.1397 0 -1.3296 -0.3700972224307684 0 -0.9289930279334879 0.5 0.9
-0.1956 0 -1.3128 -0.24469972471296456 0 -0.9695989092018408 0.5 0.8
-0.2629 0 -1.2987 -0.18369681380639657 0 -0.9829829503085892 0.5 0.7
-0.3368 0 -1.2864 -0.1562039262350295 0 -0.9877248267755353 0.5 0.6
-0.4125 0 -1.275 -0.1520947551028039 0 -0.9883659167890293 0.5 0.5
-0.4852 0 -1.2636 -0.1714002571005785 0 -0.9852014778033251 0.5 0.4
-0.5501 0 -1.2513 -0.22520275537256806 0 -0.9743119207792765 0.5 0.3
-0.6024 0 -1.2372 -0.35259146738973257 0 -0.9357773544620297 0.5 0.2
-0.6373 0 -1.2204 -0.6753758861344705 0 -0.7374736689727155 0.5 0.1
-0.65 0 -1.2 -0.8489239994207003 0 -0.5285149413285901 0.5 0
-0.1379 0.0229 -1.3296 -0.3652069663893264 0.058001106381656446 -0.9291177230896035 0.95 0.9
-0.1931 0.0321 -1.3128 -0.2414870530187193 0.038297946710629194 -0.9696480137153297 0.95 0.8
-0.2595 0.0431 -1.2987 -0.18130107602507933 0.028800170929521703 -0.9830058341569388 0.95 0.7
-0.3325 0.0553 -1.2864 -0.15410783272965276 0.02450124530743993 -0.9877502036799354 0.95 0.6
-0.4072 0.0677 -1.275 -0.15009767275362584 0.023799630989582245 -0.9883846752144154 0.95 0.5
-0.479 0.0796 -1.2636 -0.16910574208296028 0.026800910040350893 -0.9852334541699141 0.95 0.4
-0.543 0.0903 -1.2513 -0.22230846233268106 0.03530134377122646 -0.9743370888471937 0.95 0.3
-0.5946 0.0988 -1.2372 -0.34811004486026875 0.055201592864943506 -0.9358270036777921 0.95 0.2
-0.6291 0.1046 -1.2204 -0.6668919373252162 0.10589871969221831 -0.7375910825777171 0.95 0.1
-0.6416 0.1067 -1.2 -0.8382834566392231 0.133297369402372 -0.528689566414359 0.95 0
-0.1327 0.0446 -1.3296 -0.3511831401021559 0.11469449364953667 -0.9292553875197422 0.9 0.9
-0.1858 0.0624 -1.3128 -0.2322022558558735 0.07580073640773133 -0.9697094207727844 0.9 0.8
-0.2497 0.0839 -1.2987 -0.17429096237646285 0.05689704967998128 -0.9830490253144041 0.9 0.7
-0.3199 0.1075 -1.2864 -0.14819595134191327 0.048398677766184894 -0.9877730144098644 0.9 0.6
-0.3918 0.1316 -1.275 -0.14430177059358787 0.047100577927636784 -0.9884121278912144 0.9 0.5
-0.4608 0.1548 -1.2636 -0.1625939467400422 0.05309802319739386 -0.9852633193294194 0.9 0.4
-0.5225 0.1755 -1.2513 -0.21370201521950533 0.06970065728029724 -0.9744091887219748 0.9 0.3
-0.5721 0.1922 -1.2372 -0.3346925146856126 0.10919755782392859 -0.9359790670622451 0.9 0.2
-0.6053 0.2033 -1.2204 -0.6416014981412472 0.20940048895071256 -0.7379017230025349 0.9 0.1
-0.6173 0.2074 -1.2 -0.806529382400611 0.2635095998295859 -0.5292192798095515 0.9 0
-0.1243 0.0647 -1.3296 -0.3285912004454765 0.16819549578493348 -0.9293751116677598 0.85 0.9
-0.1741 0.0906 -1.3128 -0.21719662370472656 0.11109827299076944 -0.9697849248105148 0.85 0.8
-0.2339 0.1217 -1.2987 -0.16299917115132206 0.08339957591423472 -0.9830950009746301 0.85 0.7
-0.2997 0.1559 -1.2864 -0.1386009972377627 0.07090051013100561 -0.9878071072977056 0.85 0.6
-0.3671 0.191 -1.275 -0.13500443024306885 0.06910226762811893 -0.9884324359425869 0.85 0.5
-0.4318 0.2246 -1.2636 -0.15209974599363632 0.07779987007432547 -0.985298354553122 0.85 0.4
-0.4895 0.2547 -1.2513 -0.1998924492053442 0.1022961358364518 -0.9744631903482138 0.85 0.3
-0.536 0.2789 -1.2372 -0.3131033095194725 0.16020169334084797 -0.9361098947338813 0.85 0.2
-0.5671 0.295 -1.2204 -0.6004183460628503 0.3072093869262285 -0.7383225597904769 0.85 0.1
-0.5784 0.3009 -1.2 -0.7550040241821734 0.3865020600614702 -0.5297028233235724 0.85 0
-0.1131 0.083 -1.3296 -0.29818966343447245 0.21719247115347895 -0.9294677805578208 0.8 0.9
-0.1583 0.1162 -1.3128 -0.1971046615803702 0.1435033938953989 -0.9698229365836785 0.8 0.8
-0.2128 0.1561 -1.2987 -0.14790300911733106 0.1077021912233709 -0.9831200017799063 0.8 0.7
-0.2726 0.2 -1.2864 -0.125802199041659 0.09160160120998384 -0.9878172671967471 0.8 0.6
-0.3338 0.245 -1.275 -0.12249417309077579 0.08919575705875266 -0.9884529804100561 0.8 0.5
-0.3927 0.2882 -1.2636 -0.13800273662140108 0.10050199297428122 -0.9853195390801919 0.8 0.4
-0.4452 0.3267 -1.2513 -0.18139939956898113 0.13209956275117093 -0.9744967744210149 0.8 0.3
-0.4875 0.3578 -1.2372 -0.2840093653632368 0.2069068228649778 -0.9362308727220504 0.8 0.2
-0.5158 0.3785 -1.2204 -0.5449769561366044 0.3968832181479234 -0.7385687702798092 0.8 0.1
-0.526 0.386 -1.2 -0.6854090303234622 0.4993065784075061 -0.5300069828879996 0.8 0
-0.0992 0.0992 -1.3296 -0.26079953968921865 0.26079953968921865 -0.9294983594368434 0.75 0.9
-0.1389 0.1389 -1.3128 -0.17230976851767374 0.17230976851767374 -0.9698549826374927 0.75 0.8
-0.1867 0.1867 -1.2987 -0.12940166088097618 0.12940166088097618 -0.9831126183314349 0.75 0.7
-0.2391 0.2391 -1.2864 -0.1100028139079701 0.1100028139079701 -0.9878252688935715 0.75 0.6
-0.2929 0.2929 -1.275 -0.10709608731592357 0.10709608731592357 -0.9884638871315635 0.75 0.5
-0.3445 0.3445 -1.2636 -0.12070283232519116 0.12070283232519116 -0.9853231208783003 0.75 0.4
-0.3906 0.3906 -1.2513 -0.15860331722306995 0.15860331722306995 -0.9745203823069463 0.75 0.3
-0.4277 0.4277 -1.2372 -0.24839219936546647 0.24839219936546647 -0.9362705968836 0.75 0.2
-0.4525 0.4525 -1.2204 -0.4766962484152874 0.4766962484152874 -0.738594187286619 0.75 0.1
-0.4615 0.4615 -1.2 -0.599586110748615 0.599586110748615 -0.5300877206601747 0.75 0
-0.083 0.1131 -1.3296 -0.21719247115347895 0.29818966343447245 -0.9294677805578208 0.7 0.9
-0.1162 0.1583 -1.3128 -0.1435033938953989 0.1971046615803702 -0.9698229365836785 0.7 0.8
-0.1561 0.2128 -1.2987 -0.1077021912233709 0.14790300911733106 -0.9831200017799063 0.7 0.7
-0.2 0.2726 -1.2864 -0.09160160120998384 0.125802199041659 -0.9878172671967471 0.7 0.6
-0.245 0.3338 -1.275 -0.08919575705875266 0.12249417309077579 -0.9884529804100561 0.7 0.5
-0.2882 0.3927 -1.2636 -0.10050199297428122 0.13800273662140108 -0.9853195390801919 0.7 0.4
-0.3267 0.4452 -1.2513 -0.13209956275117093 0.18139939956898113 -0.9744967744210149 0.7 0.3
-0.3578 0.4875 -1.2372 -0.2069068228649778 0.2840093653632368 -0.9362308727220504 0.7 0.2
-0.3785 0.5158 -1.2204 -0.3968832181479234 0.5449769561366044 -0.7385687702798092 0.7 0.1
-0.386 0.526 -1.2 -0.4993065784075061 0.6854090303234622 -0.5300069828879996 0.7 0
-0.0647 0.1243 -1.3296 -0.16819549578493348 0.3285912004454765 -0.9293751116677598 0.65 0.9
-0.0906 0.1741 -1.3128 -0.11109827299076944 0.21719662370472656 -0.9697849248105148 0.65 0.8
-0.1217 0.2339 -1.2987 -0.08339957591423472 0.16299917115132206 -0.9830950009746301 0.65 0.7
-0.1559 0.2997 -1.2864 -0.07090051013100561 0.1386009972377627 -0.9878071072977056 0.65 0.6
-0.191 0.3671 -1.275 -0.06910226762811893 0.13500443024306885 -0.9884324359425869 0.65 0.5
-0.2246 0.4318 -1.2636 -0.07779987007432547 0.15209974599363632 -0.985298354553122 0.65 0.4
-0.2547 0.4895 -1.2513 -0.1022961358364518 0.1998924492053442 -0.9744631903482138 0.65 0.3
-0.2789 0.536 -1.2372 -0.16020169334084797 0.3131033095194725 -0.9361098947338813 0.65 0.2
-0.295 0.5671 -1.2204 -0.3072093869262285 0.6004183460628503 -0.7383225597904769 0.65 0.1
-0.3009 0.5784 -1.2 -0.3865020600614702 0.7550040241821734 -0.5297028233235724 0.65 0
-0.0446 0.1327 -1.3296 -0.11469449364953667 0.3511831401021559 -0.9292553875197422 0.6 0.9
-0.0624 0.1858 -1.3128 -0.07580073640773133 0.2322022558558735 -0.9697094207727844 0.6 0.8
-0.0839 0.2497 -1.2987 -0.05689704967998128 0.17429096237646285 -0.9830490253144041 0.6 0.7
-0.1075 0.3199 -1.2864 -0.048398677766184894 0.14819595134191327 -0.9877730144098644 0.6 0.6
-0.1316 0.3918 -1.275 -0.047100577927636784 0.14430177059358787 -0.9884121278912144 0.6 0.5
-0.1548 0.4608 -1.2636 -0.05309802319739386 0.1625939467400422 -0.9852633193294194 0.6 0.4
-0.1755 0.5225 -1.2513 -0.06970065728029724 0.21370201521950533 -0.9744091887219748 0.6 0.3
-0.1922 0.5721 -1.2372 -0.10919755782392859 0.3346925146856126 -0.9359790670622451 0.6 0.2
-0.2033 0.6053 -1.2204 -0.20940048895071256 0.6416014981412472 -0.7379017230025349 0.6 0.1
-0.2074 0.6173 -1.2 -0.2635095998295859 0.806529382400611 -0.5292192798095515 0.6 0
-0.0229 0.1379 -1.3296 -0.058001106381656446 0.3652069663893264 -0.9291177230896035 0.55 0.9
-0.0321 0.1931 -1.3128 -0.038297946710629194 0.2414870530187193 -0.9696480137153297 0.55 0.8
-0.0431 0.2595 -1.2987 -0.028800170929521703 0.18130107602507933 -0.9830058341569388 0.55 0.7
-0.0553 0.3325 -1.2864 -0.02450124530743993 0.15410783272965276 -0.9877502036799354 0.55 0.6
-0.0677 0.4072 -1.275 -0.023799630989582245 0.15009767275362584 -0.9883846752144154 0.55 0.5
-0.0796 0.479 -1.2636 -0.026800910040350893 0.16910574208296028 -0.9852334541699141 0.55 0.4
-0.0903 0.543 -1.2513 -0.03530134377122646 0.22230846233268106 -0.9743370888471937 0.55 0.3
-0.0988 0.5946 -1.2372 -0.055201592864943506 0.34811004486026875 -0.9358270036777921 0.55 0.2
-0.1046 0.6291 -1.2204 -0.10589871969221831 0.6668919373252162 -0.7375910825777171 0.55 0.1
-0.1067 0.6416 -1.2 -0.133297369402372 0.8382834566392231 -0.528689566414359 0.55 0
0 0.1397 -1.3296 0 0.3700972224307684 -0.9289930279334879 0.5 0.9
0 0.1956 -1.3128 0 0.24469972471296456 -0.9695989092018408 0.5 0.8
0 0.2629 -1.2987 0 0.18369681380639657 -0.9829829503085892 0.5 0.7
0 0.3368 -1.2864 0 0.1562039262350295 -0.9877248267755353 0.5 0.6
0 0.4125 -1.275 0 0.1520947551028039 -0.9883659167890293 0.5 0.5
0 0.4852 -1.2636 0 0.1714002571005785 -0.9852014778033251 0.5 0.4
0 0.5501 -1.2513 0 0.22520275537256806 -0.9743119207792765 0.5 0.3
0 0.6024 -1.2372 0 0.35259146738973257 -0.9357773544620297 0.5 0.2
0 0.6373 -1.2204 0 0.6753758861344705 -0.7374736689727155 0.5 0.1
0 0.65 -1.2 0 0.8489239994207003 -0.5285149413285901 0.5 0
0.0229 0.1379 -1.3296 0.058001106381656446 0.3652069663893264 -0.9291177230896035 0.45 0.9
0.0321 0.1931 -1.3128 0.038297946710629194 0.2414870530187193 -0.9696480137153297 0.45 0.8
0.0431 0.2595 -1.2987 0.028800170929521703 0.18130107602507933 -0.9830058341569388 0.45 0.7
0.0553 0.3325 -1.2864 0.02450124530743993 0.15410783272965276 -0.9877502036799354 0.45 0.6
0.0677 0.4072 -1.275 0.023799630989582245 0.15009767275362584 -0.9883846752144154 0.45 0.5
0.0796 0.479 -1.2636 0.026800910040350893 0.16910574208296028 -0.9852334541699141 0.45 0.4
0.0903 0.543 -1.2513 0.03530134377122646 0.22230846233268106 -0.9743370888471937 0.45 0.3
0.0988 0.5946 -1.2372 0.055201592864943506 0.34811004486026875 -0.9358270036777921 0.45 0.2
0.1046 0.6291 -1.2204 0.10589871969221831 0.6668919373252162 -0.7375910825777171 0.45 0.1
0.1067 0.6416 -1.2 0.133297369402372 0.8382834566392231 -0.528689566414359 0.45 0
0.0446 0.1327 -1.3296 0.11469449364953667 0.3511831401021559 -0.9292553875197422 0.4 0.9
0.0624 0.1858 -1.3128 0.07580073640773133 0.2322022558558735 -0.9697094207727844 0.4 0.8
0.0839 0.2497 -1.2987 0.05689704967998128 0.17429096237646285 -0.9830490253144041 0.4 0.7
0.1075 0.3199 -1.2864 0.048398677766184894 0.14819595134191327 -0.9877730144098644 0.4 0.6
0.1316 0.3918 -1.275 0.047100577927636784 0.14430177059358787 -0.9884121278912144 0.4 0.5
0.1548 0.4608 -1.2636 0.05309802319739386 0.1625939467400422 -0.9852633193294194 0.4 0.4
0.1755 0.5225 -1.2513 0.06970065728029724 0.21370201521950533 -0.9744091887219748 0.4 0.3
0.1922 0.5721 -1.2372 0.10919755782392859 0.3346925146856126 -0.9359790670622451 0.4 0.2
0.2033 0.6053 -1.2204 0.20940048895071256 0.6416014981412472 -0.7379017230025349 0.4 0.1
0.2074 0.6173 -1.2 0.2635095998295859 0.806529382400611 -0.5292192798095515 0.4 0
0.0647 0.1243 -1.3296 0.16819549578493348 0.3285912004454765 -0.9293751116677598 0.35 0.9
0.0906 0.1741 -1.3128 0.11109827299076944 0.21719662370472656 -0.9697849248105148 0.35 0.8
0.1217 0.2339 -1.2987 0.08339957591423472 0.16299917115132206 -0.9830950009746301 0.35 0.7
0.1559 0.2997 -1.2864 0.07090051013100561 0.1386009972377627 -0.9878071072977056 0.35 0.6
0.191 0.3671 -1.275 0.06910226762811893 0.13500443024306885 -0.9884324359425869 0.35 0.5
0.2246 0.4318 -1.2636 0.07779987007432547 0.15209974599363632 -0.985298354553122 0.35 0.4
0.2547 0.4895 -1.2513 0.1022961358364518 0.1998924492053442 -0.9744631903482138 0.35 0.3
0.2789 0.536 -1.2372 0.16020169334084797 0.3131033095194725 -0.9361098947338813 0.35 0.2
0.295 0.5671 -1.2204 0.3072093869262285 0.6004183460628503 -0.7383225597904769 0.35 0.1
0.3009 0.5784 -1.2 0.3865020600614702 0.7550040241821734 -0.5297028233235724 0.35 0
0.083 0.1131 -1.3296 0.21719247115347895 0.29818966343447245 -0.9294677805578208 0.3 0.9
0.1162 0.1583 -1.3128 0.1435033938953989 0.1971046615803702 -0.9698229365836785 0.3 0.8
0.1561 0.2128 -1.2987 0.1077021912233709 0.14790300911733106 -0.9831200017799063 0.3 0.7
0.2 0.2726 -1.2864 0.09160160120998384 0.125802199041659 -0.9878172671967471 0.3 0.6
0.245 0.3338 -1.275 0.08919575705875266 0.12249417309077579 -0.9884529804100561 0.3 0.5
0.2882 0.3927 -1.2636 0.10050199297428122 0.13800273662140108 -0.9853195390801919 0.3 0.4
0.3267 0.4452 -1.2513 0.13209956275117093 0.18139939956898113 -0.9744967744210149 0.3 0.3
0.3578 0.4875 -1.2372 0.2069068228649778 0.2840093653632368 -0.9362308727220504 0.3 0.2
0.3785 0.5158 -1.2204 0.3968832181479234 0.5449769561366044 -0.7385687702798092 0.3 0.1
0.386 0.526 -1.2 0.4993065784075061 0.6854090303234622 -0.5300069828879996 0.3 0
0.0992 0.0992 -1.3296 0.26079953968921865 0.26079953968921865 -0.9294983594368434 0.25 0.9
0.1389 0.1389 -1.3128 0.17230976851767374 0.17230976851767374 -0.9698549826374927 0.25 0.8
0.1867 0.1867 -1.2987 0.12940166088097618 0.12940166088097618 -0.9831126183314349 0.25 0.7
0.2391 0.2391 -1.2864 0.1100028139079701 0.1100028139079701 -0.9878252688935715 0.25 0.6
0.2929 0.2929 -1.275 0.10709608731592357 0.10709608731592357 -0.9884638871315635 0.25 0.5
0.3445 0.3445 -1.2636 0.12070283232519116 0.12070283232519116 -0.9853231208783003 0.25 0.4
0.3906 0.3906 -1.2513 0.15860331722306995 0.15860331722306995 -0.9745203823069463 0.25 0.3
0.4277 0.4277 -1.2372 0.24839219936546647 0.24839219936546647 -0.9362705968836 0.25 0.2
0.4525 0.4525 -1.2204 0.4766962484152874 0.4766962484152874 -0.738594187286619 0.25 0.1
0.4615 0.4615 -1.2 0.599586110748615 0.599586110748615 -0.5300877206601747 0.25 0
0.1131 0.083 -1.3296 0.29818966343447245 0.21719247115347895 -0.9294677805578208 0.2 0.9
0.1583 0.1162 -1.3128 0.1971046615803702 0.1435033938953989 -0.9698229365836785 0.2 0.8
0.2128 0.1561 -1.2987 0.14790300911733106 0.1077021912233709 -0.9831200017799063 0.2 0.7
0.2726 0.2 -1.2864 0.125802199041659 0.09160160120998384 -0.9878172671967471 0.2 0.6
0.3338 0.245 -1.275 0.12249417309077579 0.08919575705875266 -0.9884529804100561 0.2 0.5
0.3927 0.2882 -1.2636 0.13800273662140108 0.10050199297428122 -0.9853195390801919 0.2 0.4
0.4452 0.3267 -1.2513 0.18139939956898113 0.13209956275117093 -0.9744967744210149 0.2 0.3
0.4875 0.3578 -1.2372 0.2840093653632368 0.2069068228649778 -0.9362308727220504 0.2 0.2
0.5158 0.3785 -1.2204 0.5449769561366044 0.3968832181479234 -0.7385687702798092 0.2 0.1
0.526 0.386 -1.2 0.6854090303234622 0.4993065784075061 -0.5300069828879996 0.2 0
0.1243 0.0647 -1.3296 0.3285912004454765 0.16819549578493348 -0.9293751116677598 0.15 0.9
0.1741 0.0906 -1.3128 0.21719662370472656 0.11109827299076944 -0.9697849248105148 0.15 0.8
0.2339 0.1217 -1.2987 0.16299917115132206 0.08339957591423472 -0.9830950009746301 0.15 0.7
0.2997 0.1559 -1.2864 0.1386009972377627 0.07090051013100561 -0.9878071072977056 0.15 0.6
0.3671 0.191 -1.275 0.13500443024306885 0.06910226762811893 -0.9884324359425869 0.15 0.5
0.4318 0.2246 -1.2636 0.15209974599363632 0.07779987007432547 -0.985298354553122 0.15 0.4
0.4895 0.2547 -1.2513 0.1998924492053442 0.1022961358364518 -0.9744631903482138 0.15 0.3
0.536 0.2789 -1.2372 0.3131033095194725 0.16020169334084797 -0.9361098947338813 0.15 0.2
0.5671 0.295 -1.2204 0.6004183460628503 0.3072093869262285 -0.7383225597904769 0.15 0.1
0.5784 0.3009 -1.2 0.7550040241821734 0.3865020600614702 -0.5297028233235724 0.15 0
0.1327 0.0446 -1.3296 0.3511831401021559 0.11469449364953667 -0.9292553875197422 0.1 0.9
0.1858 0.0624 -1.3128 0.2322022558558735 0.07580073640773133 -0.9697094207727844 0.1 0.8
0.2497 0.0839 -1.2987 0.17429096237646285 0.05689704967998128 -0.9830490253144041 0.1 0.7
0.3199 0.1075 -1.2864 0.14819595134191327 0.048398677766184894 -0.9877730144098644 0.1 0.6
0.3918 0.1316 -1.275 0.14430177059358787 0.047100577927636784 -0.9884121278912144 0.1 0.5
0.4608 0.1548 -1.2636 0.1625939467400422 0.05309802319739386 -0.9852633193294194 0.1 0.4
0.5225 0.1755 -1.2513 0.21370201521950533 0.06970065728029724 -0.9744091887219748 0.1 0.3
0.5721 0.1922 -1.2372 0.3346925146856126 0.10919755782392859 -0.9359790670622451 0.1 0.2
0.6053 0.2033 -1.2204 0.6416014981412472 0.20940048895071256 -0.7379017230025349 0.1 0.1
0.6173 0.2074 -1.2 0.806529382400611 0.2635095998295859 -0.5292192798095515 0.1 0
0.1379 0.0229 -1.3296 0.3652069663893264 0.058001106381656446 -0.9291177230896035 0.05 0.9
0.1931 0.0321 -1.3128 0.2414870530187193 0.038297946710629194 -0.9696480137153297 0.05 0.8
0.2595 0.0431 -1.2987 0.18130107602507933 0.028800170929521703 -0.9830058341569388 0.05 0.7
0.3325 0.0553 -1.2864 0.15410783272965276 0.02450124530743993 -0.9877502036799354 0.05 0.6
0.4072 0.0677 -1.275 0.15009767275362584 0.023799630989582245 -0.9883846752144154 0.05 0.5
0.479 0.0796 -1.2636 0.16910574208296028 0.026800910040350893 -0.9852334541699141 0.05 0.4
0.543 0.0903 -1.2513 0.22230846233268106 0.03530134377122646 -0.9743370888471937 0.05 0.3
0.5946 0.0988 -1.2372 0.34811004486026875 0.055201592864943506 -0.9358270036777921 0.05 0.2
0.6291 0.1046 -1.2204 0.6668919373252162 0.10589871969221831 -0.7375910825777171 0.05 0.1
0.6416 0.1067 -1.2 0.8382834566392231 0.133297369402372 -0.528689566414359 0.05 0
0.1397 0 -1.3296 0.3700972224307684 0 -0.9289930279334879 0.5 0.9
0.1956 0 -1.3128 0.24469972471296456 0 -0.9695989092018408 0.5 0.8
0.2629 0 -1.2987 0.18369681380639657 0 -0.9829829503085892 0.5 0.7
0.3368 0 -1.2864 0.1562039262350295 0 -0.9877248267755353 0.5 0.6
0.4125 0 -1.275 0.1520947551028039 0 -0.9883659167890293 0.5 0.5
0.4852 0 -1.2636 0.1714002571005785 0 -0.9852014778033251 0.5 0.4
0.5501 0 -1.2513 0.22520275537256806 0 -0.9743119207792765 0.5 0.3
0.6024 0 -1.2372 0.35259146738973257 0 -0.9357773544620297 0.5 0.2
0.6373 0 -1.2204 0.6753758861344705 0 -0.7374736689727155 0.5 0.1
0.65 0 -1.2 0.8489239994207003 0 -0.5285149413285901 0.5 0
0.1379 -0.0229 -1.3296 0.3652069663893264 -0.058001106381656446 -0.9291177230896035 0.95 0.9
0.1931 -0.0321 -1.3128 0.2414870530187193 -0.038297946710629194 -0.9696480137153297 0.95 0.8
0.2595 -0.0431 -1.2987 0.18130107602507933 -0.028800170929521703 -0.9830058341569388 0.95 0.7
0.3325 -0.0553 -1.2864 0.15410783272965276 -0.02450124530743993 -0.9877502036799354 0.95 0.6
0.4072 -0.0677 -1.275 0.15009767275362584 -0.023799630989582245 -0.9883846752144154 0.95 0.5
0.479 -0.0796 -1.2636 0.16910574208296028 -0.026800910040350893 -0.9852334541699141 0.95 0.4
0.543 -0.0903 -1.2513 0.22230846233268106 -0.03530134377122646 -0.9743370888471937 0.95 0.3
0.5946 -0.0988 -1.2372 0.34811004486026875 -0.055201592864943506 -0.9358270036777921 0.95 0.2
0.6291 -0.1046 -1.2204 0.6668919373252162 -0.10589871969221831 -0.7375910825777171 0.95 0.1
0.6416 -0.1067 -1.2 0.8382834566392231 -0.133297369402372 -0.528689566414359 0.95 0
0.1327 -0.0446 -1.3296 0.3511831401021559 -0.11469449364953667 -0.9292553875197422 0.9 0.9
0.1858 -0.0624 -1.3128 0.2322022558558735 -0.07580073640773133 -0.9697094207727844 0.9 0.8
0.2497 -0.0839 -1.2987 0.17429096237646285 -0.05689704967998128 -0.9830490253144041 0.9 0.7
0.3199 -0.1075 -1.2864 0.14819595134191327 -0.048398677766184894 -0.9877730144098644 0.9 0.6
0.3918 -0.1316 -1.275 0.14430177059358787 -0.047100577927636784 -0.9884121278912144 0.9 0.5
0.4608 -0.1548 -1.2636 0.1625939467400422 -0.05309802319739386 -0.9852633193294194 0.9 0.4
0.5225 -0.1755 -1.2513 0.21370201521950533 -0.06970065728029724 -0.9744091887219748 0.9 0.3
0.5721 -0.1922 -1.2372 0.3346925146856126 -0.10919755782392859 -0.9359790670622451 0.9 0.2
0.6053 -0.2033 -1.2204 0.6416014981412472 -0.20940048895071256 -0.7379017230025349 0.9 0.1
0.6173 -0.2074 -1.2 0.806529382400611 -0.2635095998295859 -0.5292192798095515 0.9 0
0.1243 -0.0647 -1.3296 0.3285912004454765 -0.16819549578493348 -0.9293751116677598 0.85 0.9
0.1741 -0.0906 -1.3128 0.21719662370472656 -0.11109827299076944 -0.9697849248105148 0.85 0.8
0.2339 -0.1217 -1.2987 0.16299917115132206 -0.08339957591423472 -0.9830950009746301 0.85 0.7
0.2997 -0.1559 -1.2864 0.1386009972377627 -0.07090051013100561 -0.9878071072977056 0.85 0.6
0.3671 -0.191 -1.275 0.13500443024306885 -0.06910226762811893 -0.9884324359425869 0.85 0.5
0.4318 -0.2246 -1.2636 0.15209974599363632 -0.07779987007432547 -0.985298354553122 0.85 0.4
0.4895 -0.2547 -1.2513 0.1998924492053442 -0.1022961358364518 -0.9744631903482138 0.85 0.3
0.536 -0.2789 -1.2372 0.3131033095194725 -0.16020169334084797 -0.9361098947338813 0.85 0.2
0.5671 -0.295 -1.2204 0.6004183460628503 -0.3072093869262285 -0.7383225597904769 0.85 0.1
0.5784 -0.3009 -1.2 0.7550040241821734 -0.3865020600614702 -0.5297028233235724 0.85 0
0.1131 -0.083 -1.3296 0.29818966343447245 -0.21719247115347895 -0.9294677805578208 0.8 0.9
0.1583 -0.1162 -1.3128 0.1971046615803702 -0.1435033938953989 -0.9698229365836785 0.8 0.8
0.2128 -0.1561 -1.2987 0.14790300911733106 -0.1077021912233709 -0.9831200017799063 0.8 0.7
0.2726 -0.2 -1.2864 0.125802199041659 -0.09160160120998384 -0.9878172671967471 0.8 0.6
0.3338 -0.245 -1.275 0.12249417309077579 -0.08919575705875266 -0.9884529804100561 0.8 0.5
0.3927 -0.2882 -1.2636 0.13800273662140108 -0.10050199297428122 -0.9853195390801919 0.8 0.4
0.4452 -0.3267 -1.2513 0.18139939956898113 -0.13209956275117093 -0.9744967744210149 0.8 0.3
0.4875 -0.3578 -1.2372 0.2840093653632368 -0.2069068228649778 -0.9362308727220504 0.8 0.2
0.5158 -0.3785 -1.2204 0.5449769561366044 -0.3968832181479234 -0.7385687702798092 0.8 0.1
0.526 -0.386 -1.2 0.6854090303234622 -0.4993065784075061 -0.5300069828879996 0.8 0
0.0992 -0.0992 -1.3296 0.26079953968921865 -0.26079953968921865 -0.9294983594368434 0.75 0.9
0.1389 -0.1389 -1.3128 0.17230976851767374 -0.17230976851767374 -0.9698549826374927 0.75 0.8
0.1867 -0.1867 -1.2987 0.12940166088097618 -0.12940166088097618 -0.9831126183314349 0.75 0.7
0.2391 -0.2391 -1.2864 0.1100028139079701 -0.1100028139079701 -0.9878252688935715 0.75 0.6
0.2929 -0.2929 -1.275 0.10709608731592357 -0.10709608731592357 -0.9884638871315635 0.75 0.5
0.3445 -0.3445 -1.2636 0.12070283232519116 -0.12070283232519116 -0.9853231208783003 0.75 0.4
0.3906 -0.3906 -1.2513 0.15860331722306995 -0.15860331722306995 -0.9745203823069463 0.75 0.3
0.4277 -0.4277 -1.2372 0.24839219936546647 -0.24839219936546647 -0.9362705968836 0.75 0.2
0.4525 -0.4525 -1.2204 0.4766962484152874 -0.4766962484152874 -0.738594187286619 0.75 0.1
0.4615 -0.4615 -1.2 0.599586110748615 -0.599586110748615 -0.5300877206601747 0.75 0
0.083 -0.1131 -1.3296 0.21719247115347895 -0.29818966343447245 -0.9294677805578208 0.7 0.9
0.1162 -0.1583 -1.3128 0.1435033938953989 -0.1971046615803702 -0.9698229365836785 0.7 0.8
0.1561 -0.2128 -1.2987 0.1077021912233709 -0.14790300911733106 -0.9831200017799063 0.7 0.7
0.2 -0.2726 -1.2864 0.09160160120998384 -0.125802199041659 -0.9878172671967471 0.7 0.6
0.245 -0.3338 -1.275 0.08919575705875266 -0.12249417309077579 -0.9884529804100561 0.7 0.5
0.2882 -0.3927 -1.2636 0.10050199297428122 -0.13800273662140108 -0.9853195390801919 0.7 0.4
0.3267 -0.4452 -1.2513 0.13209956275117093 -0.18139939956898113 -0.9744967744210149 0.7 0.3
0.3578 -0.4875 -1.2372 0.2069068228649778 -0.2840093653632368 -0.9362308727220504 0.7 0.2
0.3785 -0.5158 -1.2204 0.3968832181479234 -0.5449769561366044 -0.7385687702798092 0.7 0.1
0.386 -0.526 -1.2 0.4993065784075061 -0.6854090303234622 -0.5300069828879996 0.7 0
0.0647 -0.1243 -1.3296 0.16819549578493348 -0.3285912004454765 -0.9293751116677598 0.65 0.9
0.0906 -0.1741 -1.3128 0.11109827299076944 -0.21719662370472656 -0.9697849248105148 0.65 0.8
0.1217 -0.2339 -1.2987 0.08339957591423472 -0.16299917115132206 -0.9830950009746301 0.65 0.7
0.1559 -0.2997 -1.2864 0.07090051013100561 -0.1386009972377627 -0.9878071072977056 0.65 0.6
0.191 -0.3671 -1.275 0.06910226762811893 -0.13500443024306885 -0.9884324359425869 0.65 0.5
0.2246 -0.4318 -1.2636 0.07779987007432547 -0.15209974599363632 -0.985298354553122 0.65 0.4
0.2547 -0.4895 -1.2513 0.1022961358364518 -0.1998924492053442 -0.9744631903482138 0.65 0.3
0.2789 -0.536 -1.2372 0.16020169334084797 -0.3131033095194725 -0.9361098947338813 0.65 0.2
0.295 -0.5671 -1.2204 0.3072093869262285 -0.6004183460628503 -0.7383225597904769 0.65 0.1
0.3009 -0.5784 -1.2 0.3865020600614702 -0.7550040241821734 -0.5297028233235724 0.65 0
0.0446 -0.1327 -1.3296 0.11469449364953667 -0.3511831401021559 -0.9292553875197422 0.6 0.9
0.0624 -0.1858 -1.3128 0.07580073640773133 -0.2322022558558735 -0.9697094207727844 0.6 0.8
0.0839 -0.2497 -1.2987 0.05689704967998128 -0.17429096237646285 -0.9830490253144041 0.6 0.7
0.1075 -0.3199 -1.2864 0.048398677766184894 -0.14819595134191327 -0.9877730144098644 0.6 0.6
0.1316 -0.3918 -1.275 0.047100577927636784 -0.14430177059358787 -0.9884121278912144 0.6 0.5
0.1548 -0.4608 -1.2636 0.05309802319739386 -0.1625939467400422 -0.9852633193294194 0.6 0.4
0.1755 -0.5225 -1.2513 0.06970065728029724 -0.21370201521950533 -0.9744091887219748 0.6 0.3
0.1922 -0.5721 -1.2372 0.10919755782392859 -0.3346925146856126 -0.9359790670622451 0.6 0.2
0.2033 -0.6053 -1.2204 0.20940048895071256 -0.6416014981412472 -0.7379017230025349 0.6 0.1
0.2074 -0.6173 -1.2 0.2635095998295859 -0.806529382400611 -0.5292192798095515 0.6 0
0.0229 -0.1379 -1.3296 0.058001106381656446 -0.3652069663893264 -0.9291177230896035 0.55 0.9
0.0321 -0.1931 -1.3128 0.038297946710629194 -0.2414870530187193 -0.9696480137153297 0.55 0.8
0.0431 -0.2595 -1.2987 0.028800170929521703 -0.18130107602507933 -0.9830058341569388 0.55 0.7
0.0553 -0.3325 -1.2864 0.02450124530743993 -0.15410783272965276 -0.9877502036799354 0.55 0.6
0.0677 -0.4072 -1.275 0.023799630989582245 -0.15009767275362584 -0.9883846752144154 0.55 0.5
0.0796 -0.479 -1.2636 0.026800910040350893 -0.16910574208296028 -0.9852334541699141 0.55 0.4
0.0903 -0.543 -1.2513 0.03530134377122646 -0.22230846233268106 -0.9743370888471937 0.55 0.3
0.0988 -0.5946 -1.2372 0.055201592864943506 -0.34811004486026875 -0.9358270036777921 0.55 0.2
0.1046 -0.6291 -1.2204 0.10589871969221831 -0.6668919373252162 -0.7375910825777171 0.55 0.1
0.1067 -0.6416 -1.2 0.133297369402372 -0.8382834566392231 -0.528689566414359 0.55 0
0 -0.1397 -1.3296 0 -0.3700972224307684 -0.9289930279334879 0.5 0.9
0 -0.1956 -1.3128 0 -0.24469972471296456 -0.9695989092018408 0.5 0.8
0 -0.2629 -1.2987 0 -0.18369681380639657 -0.9829829503085892 0.5 0.7
0 -0.3368 -1.2864 0 -0.1562039262350295 -0.9877248267755353 0.5 0.6
0 -0.4125 -1.275 0 -0.1520947551028039 -0.9883659167890293 0.5 0.5
0 -0.4852 -1.2636 0 -0.1714002571005785 -0.9852014778033251 0.5 0.4
0 -0.5501 -1.2513 0 -0.22520275537256806 -0.9743119207792765 0.5 0.3
0 -0.6024 -1.2372 0 -0.35259146738973257 -0.9357773544620297 0.5 0.2
0 -0.6373 -1.2204 0 -0.6753758861344705 -0.7374736689727155 0.5 0.1
0 -0.65 -1.2 0 -0.8489239994207003 -0.5285149413285901 0.5 0
-0.0229 -0.1379 -1.3296 -0.058001106381656446 -0.3652069663893264 -0.9291177230896035 0.45 0.9
-0.0321 -0.1931 -1.3128 -0.038297946710629194 -0.2414870530187193 -0.9696480137153297 0.45 0.8
-0.0431 -0.2595 -1.2987 -0.028800170929521703 -0.18130107602507933 -0.9830058341569388 0.45 0.7
-0.0553 -0.3325 -1.2864 -0.02450124530743993 -0.15410783272965276 -0.9877502036799354 0.45 0.6
-0.0677 -0.4072 -1.275 -0.023799630989582245 -0.15009767275362584 -0.9883846752144154 0.45 0.5
-0.0796 -0.479 -1.2636 -0.026800910040350893 -0.16910574208296028 -0.9852334541699141 0.45 0.4
-0.0903 -0.543 -1.2513 -0.03530134377122646 -0.22230846233268106 -0.9743370888471937 0.45 0.3
-0.0988 -0.5946 -1.2372 -0.055201592864943506 -0.34811004486026875 -0.9358270036777921 0.45 0.2
-0.1046 -0.6291 -1.2204 -0.10589871969221831 -0.6668919373252162 -0.7375910825777171 0.45 0.1
-0.1067 -0.6416 -1.2 -0.133297369402372 -0.8382834566392231 -0.528689566414359 0.45 0
-0.0446 -0.1327 -1.3296 -0.11469449364953667 -0.3511831401021559 -0.9292553875197422 0.4 0.9
-0.0624 -0.1858 -1.3128 -0.07580073640773133 -0.2322022558558735 -0.9697094207727844 0.4 0.8
-0.0839 -0.2497 -1.2987 -0.05689704967998128 -0.17429096237646285 -0.9830490253144041 0.4 0.7
-0.1075 -0.3199 -1.2864 -0.048398677766184894 -0.14819595134191327 -0.9877730144098644 0.4 0.6
-0.1316 -0.3918 -1.275 -0.047100577927636784 -0.14430177059358787 -0.9884121278912144 0.4 0.5
-0.1548 -0.4608 -1.2636 -0.05309802319739386 -0.1625939467400422 -0.9852633193294194 0.4 0.4
-0.1755 -0.5225 -1.2513 -0.06970065728029724 -0.21370201521950533 -0.9744091887219748 0.4 0.3
-0.1922 -0.5721 -1.2372 -0.10919755782392859 -0.3346925146856126 -0.9359790670622451 0.4 0.2
-0.2033 -0.6053 -1.2204 -0.20940048895071256 -0.6416014981412472 -0.7379017230025349 0.4 0.1
-0.2074 -0.6173 -1.2 -0.2635095998295859 -0.806529382400611 -0.5292192798095515 0.4 0
-0.0647 -0.1243 -1.3296 -0.16819549578493348 -0.3285912004454765 -0.9293751116677598 0.35 0.9
-0.0906 -0.1741 -1.3128 -0.11109827299076944 -0.21719662370472656 -0.9697849248105148 0.35 0.8
-0.1217 -0.2339 -1.2987 -0.08339957591423472 -0.16299917115132206 -0.9830950009746301 0.35 0.7
-0.1559 -0.2997 -1.2864 -0.07090051013100561 -0.1386009972377627 -0.9878071072977056 0.35 0.6
-0.191 -0.3671 -1.275 -0.06910226762811893 -0.13500443024306885 -0.9884324359425869 0.35 0.5
-0.2246 -0.4318 -1.2636 -0.07779987007432547 -0.15209974599363632 -0.985298354553122 0.35 0.4
-0.2547 -0.4895 -1.2513 -0.1022961358364518 -0.1998924492053442 -0.9744631903482138 0.35 0.3
-0.2789 -0.536 -1.2372 -0.16020169334084797 -0.3131033095194725 -0.9361098947338813 0.35 0.2
-0.295 -0.5671 -1.2204 -0.3072093869262285 -0.6004183460628503 -0.7383225597904769 0.35 0.1
-0.3009 -0.5784 -1.2 -0.3865020600614702 -0.7550040241821734 -0.5297028233235724 0.35 0
-0.083 -0.1131 -1.3296 -0.21719247115347895 -0.29818966343447245 -0.9294677805578208 0.3 0.9
-0.1162 -0.1583 -1.3128 -0.1435033938953989 -0.1971046615803702 -0.9698229365836785 0.3 0.8
-0.1561 -0.2128 -1.2987 -0.1077021912233709 -0.14790300911733106 -0.9831200017799063 0.3 0.7
-0.2 -0.2726 -1.2864 -0.09160160120998384 -0.125802199041659 -0.9878172671967471 0.3 0.6
-0.245 -0.3338 -1.275 -0.08919575705875266 -0.12249417309077579 -0.9884529804100561 0.3 0.5
-0.2882 -0.3927 -1.2636 -0.10050199297428122 -0.13800273662140108 -0.9853195390801919 0.3 0.4
-0.3267 -0.4452 -1.2513 -0.13209956275117093 -0.18139939956898113 -0.9744967744210149 0.3 0.3
-0.3578 -0.4875 -1.2372 -0.2069068228649778 -0.2840093653632368 -0.9362308727220504 0.3 0.2
-0.3785 -0.5158 -1.2204 -0.3968832181479234 -0.5449769561366044 -0.7385687702798092 0.3 0.1
-0.386 -0.526 -1.2 -0.4993065784075061 -0.6854090303234622 -0.5300069828879996 0.3 0
-0.0992 -0.0992 -1.3296 -0.26079953968921865 -0.26079953968921865 -0.9294983594368434 0.25 0.9
-0.1389 -0.1389 -1.3128 -0.17230976851767374 -0.17230976851767374 -0.9698549826374927 0.25 0.8
-0.1867 -0.1867 -1.2987 -0.12940166088097618 -0.12940166088097618 -0.9831126183314349 0.25 0.7
-0.2391 -0.2391 -1.2864 -0.1100028139079701 -0.1100028139079701 -0.9878252688935715 0.25 0.6
-0.2929 -0.2929 -1.275 -0.10709608731592357 -0.10709608731592357 -0.9884638871315635 0.25 0.5
-0.3445 -0.3445 -1.2636 -0.12070283232519116 -0.12070283232519116 -0.9853231208783003 0.25 0.4
-0.3906 -0.3906 -1.2513 -0.15860331722306995 -0.15860331722306995 -0.9745203823069463 0.25 0.3
-0.4277 -0.4277 -1.2372 -0.24839219936546647 -0.24839219936546647 -0.9362705968836 0.25 0.2
-0.4525 -0.4525 -1.2204 -0.4766962484152874 -0.4766962484152874 -0.738594187286619 0.25 0.1
-0.4615 -0.4615 -1.2 -0.599586110748615 -0.599586110748615 -0.5300877206601747 0.25 0
-0.1131 -0.083 -1.3296 -0.29818966343447245 -0.21719247115347895 -0.9294677805578208 0.2 0.9
-0.1583 -0.1162 -1.3128 -0.1971046615803702 -0.1435033938953989 -0.9698229365836785 0.2 0.8
-0.2128 -0.1561 -1.2987 -0.14790300911733106 -0.1077021912233709 -0.9831200017799063 0.2 0.7
-0.2726 -0.2 -1.2864 -0.125802199041659 -0.09160160120998384 -0.9878172671967471 0.2 0.6
-0.3338 -0.245 -1.275 -0.12249417309077579 -0.08919575705875266 -0.9884529804100561 0.2 0.5
-0.3927 -0.2882 -1.2636 -0.13800273662140108 -0.10050199297428122 -0.9853195390801919 0.2 0.4
-0.4452 -0.3267 -1.2513 -0.18139939956898113 -0.13209956275117093 -0.9744967744210149 0.2 0.3
-0.4875 -0.3578 -1.2372 -0.2840093653632368 -0.2069068228649778 -0.9362308727220504 0.2 0.2
-0.5158 -0.3785 -1.2204 -0.5449769561366044 -0.3968832181479234 -0.7385687702798092 0.2 0.1
-0.526 -0.386 -1.2 -0.6854090303234622 -0.4993065784075061 -0.5300069828879996 0.2 0
-0.1243 -0.0647 -1.3296 -0.3285912004454765 -0.16819549578493348 -0.9293751116677598 0.15 0.9
-0.1741 -0.0906 -1.3128 -0.21719662370472656 -0.11109827299076944 -0.9697849248105148 0.15 0.8
-0.2339 -0.1217 -1.2987 -0.16299917115132206 -0.08339957591423472 -0.9830950009746301 0.15 0.7
-0.2997 -0.1559 -1.2864 -0.1386009972377627 -0.07090051013100561 -0.9878071072977056 0.15 0.6
-0.3671 -0.191 -1.275 -0.13500443024306885 -0.06910226762811893 -0.9884324359425869 0.15 0.5
-0.4318 -0.2246 -1.2636 -0.15209974599363632 -0.07779987007432547 -0.985298354553122 0.15 0.4
-0.4895 -0.2547 -1.2513 -0.1998924492053442 -0.1022961358364518 -0.9744631903482138 0.15 0.3
-0.536 -0.2789 -1.2372 -0.3131033095194725 -0.16020169334084797 -0.9361098947338813 0.15 0.2
-0.5671 -0.295 -1.2204 -0.6004183460628503 -0.3072093869262285 -0.7383225597904769 0.15 0.1
-0.5784 -0.3009 -1.2 -0.7550040241821734 -0.3865020600614702 -0.5297028233235724 0.15 0
-0.1327 -0.0446 -1.3296 -0.3511831401021559 -0.11469449364953667 -0.9292553875197422 0.1 0.9
-0.1858 -0.0624 -1.3128 -0.2322022558558735 -0.07580073640773133 -0.9697094207727844 0.1 0.8
-0.2497 -0.0839 -1.2987 -0.17429096237646285 -0.05689704967998128 -0.9830490253144041 0.1 0.7
-0.3199 -0.1075 -1.2864 -0.14819595134191327 -0.048398677766184894 -0.9877730144098644 0.1 0.6
-0.3918 -0.1316 -1.275 -0.14430177059358787 -0.047100577927636784 -0.9884121278912144 0.1 0.5
-0.4608 -0.1548 -1.2636 -0.1625939467400422 -0.05309802319739386 -0.9852633193294194 0.1 0.4
-0.5225 -0.1755 -1.2513 -0.21370201521950533 -0.06970065728029724 -0.9744091887219748 0.1 0.3
-0.5721 -0.1922 -1.2372 -0.3346925146856126 -0.10919755782392859 -0.9359790670622451 0.1 0.2
-0.6053 -0.2033 -1.2204 -0.6416014981412472 -0.20940048895071256 -0.7379017230025349 0.1 0.1
-0.6173 -0.2074 -1.2 -0.806529382400611 -0.2635095998295859 -0.5292192798095515 0.1 0
-0.1379 -0.0229 -1.3296 -0.3652069663893264 -0.058001106381656446 -0.9291177230896035 0.05 0.9
-0.1931 -0.0321 -1.3128 -0.2414870530187193 -0.038297946710629194 -0.9696480137153297 0.05 0.8
-0.2595 -0.0431 -1.2987 -0.18130107602507933 -0.028800170929521703 -0.9830058341569388 0.05 0.7
-0.3325 -0.0553 -1.2864 -0.15410783272965276 -0.02450124530743993 -0.9877502036799354 0.05 0.6
-0.4072 -0.0677 -1.275 -0.15009767275362584 -0.023799630989582245 -0.9883846752144154 0.05 0.5
-0.479 -0.0796 -1.2636 -0.16910574208296028 -0.026800910040350893 -0.9852334541699141 0.05 0.4
-0.543 -0.0903 -1.2513 -0.22230846233268106 -0.03530134377122646 -0.9743370888471937 0.05 0.3
-0.5946 -0.0988 -1.2372 -0.34811004486026875 -0.055201592864943506 -0.9358270036777921 0.05 0.2
-0.6291 -0.1046 -1.2204 -0.6668919373252162 -0.10589871969221831 -0.7375910825777171 0.05 0.1
-0.6416 -0.1067 -1.2 -0.8382834566392231 -0.133297369402372 -0.528689566414359 0.05 0
4 0 11 12 1
4 1 12 13 2
4 2 13 14 3
4 3 14 15 4
4 4 15 16 5
4 5 16 17 6
4 6 17 18 7
4 7 18 19 8
4 8 19 20 9
4 9 20 21 10
4 11 22 23 12
4 12 23 24 13
4 13 24 25 14
4 14 25 26 15
4 15 26 27 16
4 16 27 28 17
4 17 28 29 18
4 18 29 30 19
4 19 30 31 20
4 20 31 32 21
4 22 33 34 23
4 23 34 35 24
4 24 35 36 25
4 25 36 37 26
4 26 37 38 27
4 27 38 39 28
4 28 39 40 29
4 29 40 41 30
4 30 41 42 31
4 31 42 43 32
4 33 44 45 34
4 34 45 46 35
4 35 46 47 36
4 36 47 48 37
4 37 48 49 38
4 38 49 50 39
4 39 50 51 40
4 40 51 52 41
4 41 52 53 42
4 42 53 54 43
4 44 55 56 45
4 45 56 57 46
4 46 57 58 47
4 47 58 59 48
4 48 59 60 49
4 49 60 61 50
4 50 61 62 51
4 51 62 63 52
4 52 63 64 53
4 53 64 65 54
4 55 66 67 56
4 56 67 68 57
4 57 68 69 58
4 58 69 70 59
4 59 70 71 60
4 60 71 72 61
4 61 72 73 62
4 62 73 74 63
4 63 74 75 64
4 64 75 76 65
4 66 77 78 67
4 67 78 79 68
4 68 79 80 69
4 69 80 81 70
4 70 81 82 71
4 71 82 83 72
4 72 83 84 73
4 73 84 85 74
4 74 85 86 75
4 75 86 87 76
4 77 88 89 78
4 78 89 90 79
4 79 90 91 80
4 80 91 92 81
4 81 92 93 82
4 82 93 94 83
4 83 94 95 84
4 84 95 96 85
4 85 96 97 86
4 86 97 98 87
4 88 99 100 89
4 89 100 101 90
4 90 101 102 91
4 91 102 103 92
4 92 103 104 93
4 93 104 105 94
4 94 105 106 95
4 95 106 107 96
4 96 107 108 97
4 97 108 109 98
4 99 110 111 100
4 100 111 112 101
4 101 112 113 102
4 102 113 114 103
4 103 114 115 104
4 104 115 116 105
4 105 116 117 106
4 106 117 118 107
4 107 118 119 108
4 108 119 120 109
4 110 121 122 111
4 111 122 123 112
4 112 123 124 113
4 113 124 125 114
4 114 125 126 115
4 115 126 127 116
4 116 127 128 117
4 117 128 129 118
4 118 129 130 119
4 119 130 131 120
4 121 132 133 122
4 122 133 134 123
4 123 134 135 124
4 124 135 136 125
4 125 136 137 126
4 126 137 138 127
4 127 138 139 128
4 128 139 140 129
4 129 140 141 130
4 130 141 142 131
4 132 143 144 133
4 133 144 145 134
4 134 145 146 135
4 135 146 147 136
4 136 147 148 137
4 137 148 149 138
4 138 149 150 139
4 139 150 151 140
4 140 151 152 141
4 141 152 153 142
4 143 154 155 144
4 144 155 156 145
4 145 156 157 146
4 146 157 158 147
4 147 158 159 148
4 148 159 160 149
4 149 160 161 150
4 150 161 162 151
4 151 162 163 152
4 152 163 164 153
4 154 165 166 155
4 155 166 167 156
4 156 167 168 157
4 157 168 169 158
4 158 169 170 159
4 159 170 171 160
4 160 171 172 161
4 161 172 173 162
4 162 173 174 163
4 163 174 175 164
4 165 176 177 166
4 166 177 178 167
4 167 178 179 168
4 168 179 180 169
4 169 180 181 170
4 170 181 182 171
4 171 182 183 172
4 172 183 184 173
4 173 184 185 174
4 174 185 186 175
4 176 187 188 177
4 177 188 189 178
4 178 189 190 179
4 179 190 191 180
4 180 191 192 181
4 181 192 193 182
4 182 193 194 183
4 183 194 195 184
4 184 195 196 185
4 185 196 197 186
4 187 198 199 188
4 188 199 200 189
4 189 200 201 190
4 190 201 202 191
4 191 202 203 192
4 192 203 204 193
4 193 204 205 194
4 194 205 206 195
4 195 206 207 196
4 196 207 208 197
4 198 209 210 199
4 199 210 211 200
4 200 211 212 201
4 201 212 213 202
4 202 213 214 203
4 203 214 215 204
4 204 215 216 205
4 205 216 217 206
4 206 217 218 207
4 207 218 219 208
4 209 220 221 210
4 210 221 222 211
4 211 222 223 212
4 212 223 224 213
4 213 224 225 214
4 214 225 226 215
4 215 226 227 216
4 216 227 228 217
4 217 228 229 218
4 218 229 230 219
4 220 231 232 221
4 221 232 233 222
4 222 233 234 223
4 223 234 235 224
4 224 235 236 225
4 225 236 237 226
4 226 237 238 227
4 227 238 239 228
4 228 239 240 229
4 229 240 241 230
4 231 242 243 232
4 232 243 244 233
4 233 244 245 234
4 234 245 246 235
4 235 246 247 236
4 236 247 248 237
4 237 248 249 238
4 238 249 250 239
4 239 250 251 240
4 240 251 252 241
4 242 253 254 243
4 243 254 255 244
4 244 255 256 245
4 245 256 257 246
4 246 257 258 247
4 247 258 259 248
4 248 259 260 249
4 249 260 261 250
4 250 261 262 251
4 251 262 263 252
4 253 264 265 254
4 254 265 266 255
4 255 266 267 256
4 256 267 268 257
4 257 268 269 258
4 258 269 270 259
4 259 270 271 260
4 260 271 272 261
4 261 272 273 262
4 262 273 274 263
4 264 275 276 265
4 265 276 277 266
4 266 277 278 267
4 267 278 279 268
4 268 279 280 269
4 269 280 281 270
4 270 281 282 271
4 271 282 283 272
4 272 283 284 273
4 273 284 285 274
4 275 286 287 276
4 276 287 288 277
4 277 288 289 278
4 278 289 290 279
4 279 290 291 280
4 280 291 292 281
4 281 292 293 282
4 282 293 294 283
4 283 294 295 284
4 284 295 296 285
4 286 297 298 287
4 287 298 299 288
4 288 299 300 289
4 289 300 301 290
4 290 301 302 291
4 291 302 303 292
4 292 303 304 293
4 293 304 305 294
4 294 305 306 295
4 295 306 307 296
4 297 308 309 298
4 298 309 310 299
4 299 310 311 300
4 300 311 312 301
4 301 312 313 302
4 302 313 314 303
4 303 314 315 304
4 304 315 316 305
4 305 316 317 306
4 306 317 318 307
4 308 319 320 309
4 309 320 321 310
4 310 321 322 311
4 311 322 323 312
4 312 323 324 313
4 313 324 325 314
4 314 325 326 315
4 315 326 327 316
4 316 327 328 317
4 317 328 329 318
4 319 330 331 320
4 320 331 332 321
4 321 332 333 322
4 322 333 334 323
4 323 334 335 324
4 324 335 336 325
4 325 336 337 326
4 326 337 338 327
4 327 338 339 328
4 328 339 340 329
4 330 341 342 331
4 331 342 343 332
4 332 343 344 333
4 333 344 345 334
4 334 345 346 335
4 335 346 347 336
4 336 347 348 337
4 337 348 349 338
4 338 349 350 339
4 339 350 351 340
4 341 352 353 342
4 342 353 354 343
4 343 354 355 344
4 344 355 356 345
4 345 356 357 346
4 346 357 358 347
4 347 358 359 348
4 348 359 360 349
4 349 360 361 350
4 350 361 362 351
4 352 363 364 353
4 353 364 365 354
4 354 365 366 355
4 355 366 367 356
4 356 367 368 357
4 357 368 369 358
4 358 369 370 359
4 359 370 371 360
4 360 371 372 361
4 361 372 373 362
4 363 374 375 364
4 364 375 376 365
4 365 376 377 366
4 366 377 378 367
4 367 378 379 368
4 368 379 380 369
4 369 380 381 370
4 370 381 382 371
4 371 382 383 372
4 372 383 384 373
4 374 385 386 375
4 375 386 387 376
4 376 387 388 377
4 377 388 389 378
4 378 389 390 379
4 379 390 391 380
4 380 391 392 381
4 381 392 393 382
4 382 393 394 383
4 383 394 395 384
4 385 396 397 386
4 386 397 398 387
4 387 398 399 388
4 388 399 400 389
4 389 400 401 390
4 390 401 402 391
4 391 402 403 392
4 392 403 404 393
4 393 404 405 394
4 394 405 406 395
4 396 407 408 397
4 397 408 409 398
4 398 409 410 399
4 399 410 411 400
4 400 411 412 401
4 401 412 413 402
4 402 413 414 403
4 403 414 415 404
4 404 415 416 405
4 405 416 417 406
4 407 418 419 408
4 408 419 420 409
4 409 420 421 410
4 410 421 422 411
4 411 422 423 412
4 412 423 424 413
4 413 424 425 414
4 414 425 426 415
4 415 426 427 416
4 416 427 428 417
4 418 429 430 419
4 419 430 431 420
4 420 431 432 421
4 421 432 433 422
4 422 433 434 423
4 423 434 435 424
4 424 435 436 425
4 425 436 437 426
4 426 437 438 427
4 427 438 439 428
4 429 0 1 430
4 430 1 2 431
4 431 2 3 432
4 432 3 4 433
4 433 4 5 434
4 434 5 6 435
4 435 6 7 436
4 436 7 8 437
4 437 8 9 438
4 438 9 10 439
4 10 21 450 440
4 440 450 451 441
4 441 451 452 442
4 442 452 453 443
4 443 453 454 444
4 444 454 455 445
4 445 455 456 446
4 446 456 457 447
4 447 457 458 448
4 448 458 459 449
4 21 32 460 450
4 450 460 461 451
4 451 461 462 452
4 452 462 463 453
4 453 463 464 454
4 454 464 465 455
4 455 465 466 456
4 456 466 467 457
4 457 467 468 458
4 458 468 469 459
4 32 43 470 460
4 460 470 471 461
4 461 471 472 462
4 462 472 473 463
4 463 473 474 464
4 464 474 475 465
4 465 475 476 466
4 466 476 477 467
4 467 477 478 468
4 468 478 479 469
4 43 54 480 470
4 470 480 481 471
4 471 481 482 472
4 472 482 483 473
4 473 483 484 474
4 474 484 485 475
4 475 485 486 476
4 476 486 487 477
4 477 487 488 478
4 478 488 489 479
4 54 65 490 480
4 480 490 491 481
4 481 491 492 482
4 482 492 493 483
4 483 493 494 484
4 484 494 495 485
4 485 495 496 486
4 486 496 497 487
4 487 497 498 488
4 488 498 499 489
4 65 76 500 490
4 490 500 501 491
4 491 501 502 492
4 492 502 503 493
4 493 503 504 494
4 494 504 505 495
4 495 505 506 496
4 496 506 507 497
4 497 507 508 498
4 498 508 509 499
4 76 87 510 500
4 500 510 511 501
4 501 511 512 502
4 502 512 513 503
4 503 513 514 504
4 504 514 515 505
4 505 515 516 506
4 506 516 517 507
4 507 517 518 508
4 508 518 519 509
4 87 98 520 510
4 510 520 521 511
4 511 521 522 512
4 512 522 523 513
4 513 523 524 514
4 514 524 525 515
4 515 525 526 516
4 516 526 527 517
4 517 527 528 518
4 518 528 529 519
4 98 109 530 520
4 520 530 531 521
4 521 531 532 522
4 522 532 533 523
4 523 533 534 524
4 524 534 535 525
4 525 535 536 526
4 526 536 537 527
4 527 537 538 528
4 528 538 539 529
4 109 120 540 530
4 530 540 541 531
4 531 541 542 532
4 532 542 543 533
4 533 543 544 534
4 534 544 545 535
4 535 545 546 536
4 536 546 547 537
4 537 547 548 538
4 538 548 549 539
4 120 131 550 540
4 540 550 551 541
4 541 551 552 542
4 542 552 553 543
4 543 553 554 544
4 544 554 555 545
4 545 555 556 546
4 546 556 557 547
4 547 557 558 548
4 548 558 559 549
4 131 142 560 550
4 550 560 561 551
4 551 561 562 552
4 552 562 563 553
4 553 563 564 554
4 554 564 565 555
4 555 565 566 556
4 556 566 567 557
4 557 567 568 558
4 558 568 569 559
4 142 153 570 560
4 560 570 571 561
4 561 571 572 562
4 562 572 573 563
4 563 573 574 564
4 564 574 575 565
4 565 575 576 566
4 566 576 577 567
4 567 577 578 568
4 568 578 579 569
4 153 164 580 570
4 570 580 581 571
4 571 581 582 572
4 572 582 583 573
4 573 583 584 574
4 574 584 585 575
4 575 585 586 576
4 576 586 587 577
4 577 587 588 578
4 578 588 589 579
4 164 175 590 580
4 580 590 591 581
4 581 591 592 582
4 582 592 593 583
4 583 593 594 584
4 584 594 595 585
4 585 595 596 586
4 586 596 597 587
4 587 597 598 588
4 588 598 599 589
4 175 186 600 590
4 590 600 601 591
4 591 601 602 592
4 592 602 603 593
4 593 603 604 594
4 594 604 605 595
4 595 605 606 596
4 596 606 607 597
4 597 607 608 598
4 598 608 609 599
4 186 197 610 600
4 600 610 611 601
4 601 611 612 602
4 602 612 613 603
4 603 613 614 604
4 604 614 615 605
4 605 615 616 606
4 606 616 617 607
4 607 617 618 608
4 608 618 619 609
4 197 208 620 610
4 610 620 621 611
4 611 621 622 612
4 612 622 623 613
4 613 623 624 614
4 614 624 625 615
4 615 625 626 616
4 616 626 627 617
4 617 627 628 618
4 618 628 629 619
4 208 219 630 620
4 620 630 631 621
4 621 631 632 622
4 622 632 633 623
4 623 633 634 624
4 624 634 635 625
4 625 635 636 626
4 626 636 637 627
4 627 637 638 628
4 628 638 639 629
4 219 230 640 630
4 630 640 641 631
4 631 641 642 632
4 632 642 643 633
4 633 643 644 634
4 634 644 645 635
4 635 645 646 636
4 636 646 647 637
4 637 647 648 638
4 638 648 649 639
4 230 241 650 640
4 640 650 651 641
4 641 651 652 642
4 642 652 653 643
4 643 653 654 644
4 644 654 655 645
4 645 655 656 646
4 646 656 657 647
4 647 657 658 648
4 648 658 659 649
4 241 252 660 650
4 650 660 661 651
4 651 661 662 652
4 652 662 663 653
4 653 663 664 654
4 654 664 665 655
4 655 665 666 656
4 656 666 667 657
4 657 667 668 658
4 658 668 669 659
4 252 263 670 660
4 660 670 671 661
4 661 671 672 662
4 662 672 673 663
4 663 673 674 664
4 664 674 675 665
4 665 675 676 666
4 666 676 677 667
4 667 677 678 668
4 668 678 679 669
4 263 274 680 670
4 670 680 681 671
4 671 681 682 672
4 672 682 683 673
4 673 683 684 674
4 674 684 685 675
4 675 685 686 676
4 676 686 687 677
4 677 687 688 678
4 678 688 689 679
4 274 285 690 680
4 680 690 691 681
4 681 691 692 682
4 682 692 693 683
4 683 693 694 684
4 684 694 695 685
4 685 695 696 686
4 686 696 697 687
4 687 697 698 688
4 688 698 699 689
4 285 296 700 690
4 690 700 701 691
4 691 701 702 692
4 692 702 703 693
4 693 703 704 694
4 694 704 705 695
4 695 705 706 696
4 696 706 707 697
4 697 707 708 698
4 698 708 709 699
4 296 307 710 700
4 700 710 711 701
4 701 711 712 702
4 702 712 713 703
4 703 713 714 704
4 704 714 715 705
4 705 715 716 706
4 706 716 717 707
4 707 717 718 708
4 708 718 719 709
4 307 318 720 710
4 710 720 721 711
4 711 721 722 712
4 712 722 723 713
4 713 723 724 714
4 714 724 725 715
4 715 725 726 716
4 716 726 727 717
4 717 727 728 718
4 718 728 729 719
4 318 329 730 720
4 720 730 731 721
4 721 731 732 722
4 722 732 733 723
4 723 733 734 724
4 724 734 735 725
4 725 735 736 726
4 726 736 737 727
4 727 737 738 728
4 728 738 739 729
4 329 340 740 730
4 730 740 741 731
4 731 741 742 732
4 732 742 743 733
4 733 743 744 734
4 734 744 745 735
4 735 745 746 736
4 736 746 747 737
4 737 747 748 738
4 738 748 749 739
4 340 351 750 740
4 740 750 751 741
4 741 751 752 742
4 742 752 753 743
4 743 753 754 744
4 744 754 755 745
4 745 755 756 746
4 746 756 757 747
4 747 757 758 748
4 748 758 759 749
4 351 362 760 750
4 750 760 761 751
4 751 761 762 752
4 752 762 763 753
4 753 763 764 754
4 754 764 765 755
4 755 765 766 756
4 756 766 767 757
4 757 767 768 758
4 758 768 769 759
4 362 373 770 760
4 760 770 771 761
4 761 771 772 762
4 762 772 773 763
4 763 773 774 764
4 764 774 775 765
4 765 775 776 766
4 766 776 777 767
4 767 777 778 768
4 768 778 779 769
4 373 384 780 770
4 770 780 781 771
4 771 781 782 772
4 772 782 783 773
4 773 783 784 774
4 774 784 785 775
4 775 785 786 776
4 776 786 787 777
4 777 787 788 778
4 778 788 789 779
4 384 395 790 780
4 780 790 791 781
4 781 791 792 782
4 782 792 793 783
4 783 793 794 784
4 784 794 795 785
4 785 795 796 786
4 786 796 797 787
4 787 797 798 788
4 788 798 799 789
4 395 406 800 790
4 790 800 801 791
4 791 801 802 792
4 792 802 803 793
4 793 803 804 794
4 794 804 805 795
4 795 805 806 796
4 796 806 807 797
4 797 807 808 798
4 798 808 809 799
4 406 417 810 800
4 800 810 811 801
4 801 811 812 802
4 802 812 813 803
4 803 813 814 804
4 804 814 815 805
4 805 815 816 806
4 806 816 817 807
4 807 817 818 808
4 808 818 819 809
4 417 428 820 810
4 810 820 821 811
4 811 821 822 812
4 812 822 823 813
4 813 823 824 814
4 814 824 825 815
4 815 825 826 816
4 816 826 827 817
4 817 827 828 818
4 818 828 829 819
4 428 439 830 820
4 820 830 831 821
4 821 831 832 822
4 822 832 833 823
4 823 833 834 824
4 824 834 835 825
4 825 835 836 826
4 826 836 837 827
4 827 837 838 828
4 828 838 839 829
4 439 10 440 830
4 830 440 441 831
4 831 441 442 832
4 832 442 443 833
4 833 443 444 834
4 834 444 445 835
4 835 445 446 836
4 836 446 447 837
4 837 447 448 838
4 838 448 449 839
4 449 459 850 840
4 840 850 851 841
4 841 851 852 842
4 842 852 853 843
4 843 853 854 844
4 844 854 855 845
4 845 855 856 846
4 846 856 857 847
4 847 857 858 848
4 848 858 859 849
4 459 469 860 850
4 850 860 861 851
4 851 861 862 852
4 852 862 863 853
4 853 863 864 854
4 854 864 865 855
4 855 865 866 856
4 856 866 867 857
4 857 867 868 858
4 858 868 869 859
4 469 479 870 860
4 860 870 871 861
4 861 871 872 862
4 862 872 873 863
4 863 873 874 864
4 864 874 875 865
4 865 875 876 866
4 866 876 877 867
4 867 877 878 868
4 868 878 879 869
4 479 489 880 870
4 870 880 881 871
4 871 881 882 872
4 872 882 883 873
4 873 883 884 874
4 874 884 885 875
4 875 885 886 876
4 876 886 887 877
4 877 887 888 878
4 878 888 889 879
4 489 499 890 880
4 880 890 891 881
4 881 891 892 882
4 882 892 893 883
4 883 893 894 884
4 884 894 895 885
4 885 895 896 886
4 886 896 897 887
4 887 897 898 888
4 888 898 899 889
4 499 509 900 890
4 890 900 901 891
4 891 901 902 892
4 892 902 903 893
4 893 903 904 894
4 894 904 905 895
4 895 905 906 896
4 896 906 907 897
4 897 907 908 898
4 898 908 909 899
4 509 519 910 900
4 900 910 911 901
4 901 911 912 902
4 902 912 913 903
4 903 913 914 904
4 904 914 915 905
4 905 915 916 906
4 906 916 917 907
4 907 917 918 908
4 908 918 919 909
4 519 529 920 910
4 910 920 921 911
4 911 921 922 912
4 912 922 923 913
4 913 923 924 914
4 914 924 925 915
4 915 925 926 916
4 916 926 927 917
4 917 927 928 918
4 918 928 929 919
4 529 539 930 920
4 920 930 931 921
4 921 931 932 922
4 922 932 933 923
4 923 933 934 924
4 924 934 935 925
4 925 935 936 926
4 926 936 937 927
4 927 937 938 928
4 928 938 939 929
4 539 549 940 930
4 930 940 941 931
4 931 941 942 932
4 932 942 943 933
4 933 943 944 934
4 934 944 945 935
4 935 945 946 936
4 936 946 947 937
4 937 947 948 938
4 938 948 949 939
4 549 559 950 940
4 940 950 951 941
4 941 951 952 942
4 942 952 953 943
4 943 953 954 944
4 944 954 955 945
4 945 955 956 946
4 946 956 957 947
4 947 957 958 948
4 948 958 959 949
4 559 569 960 950
4 950 960 961 951
4 951 961 962 952
4 952 962 963 953
4 953 963 964 954
4 954 964 965 955
4 955 965 966 956
4 956 966 967 957
4 957 967 968 958
4 958 968 969 959
4 569 579 970 960
4 960 970 971 961
4 961 971 972 962
4 962 972 973 963
4 963 973 974 964
4 964 974 975 965
4 965 975 976 966
4 966 976 977 967
4 967 977 978 968
4 968 978 979 969
4 579 589 980 970
4 970 980 981 971
4 971 981 982 972
4 972 982 983 973
4 973 983 984 974
4 974 984 985 975
4 975 985 986 976
4 976 986 987 977
4 977 987 988 978
4 978 988 989 979
4 589 599 990 980
4 980 990 991 981
4 981 991 992 982
4 982 992 993 983
4 983 993 994 984
4 984 994 995 985
4 985 995 996 986
4 986 996 997 987
4 987 997 998 988
4 988 998 999 989
4 599 609 1000 990
4 990 1000 1001 991
4 991 1001 1002 992
4 992 1002 1003 993
4 993 1003 1004 994
4 994 1004 1005 995
4 995 1005 1006 996
4 996 1006 1007 997
4 997 1007 1008 998
4 998 1008 1009 999
4 609 619 1010 1000
4 1000 1010 1011 1001
4 1001 1011 1012 1002
4 1002 1012 1013 1003
4 1003 1013 1014 1004
4 1004 1014 1015 1005
4 1005 1015 1016 1006
4 1006 1016 1017 1007
4 1007 1017 1018 1008
4 1008 1018 1019 1009
4 619 629 1020 1010
4 1010 1020 1021 1011
4 1011 1021 1022 1012
4 1012 1022 1023 1013
4 1013 1023 1024 1014
4 1014 1024 1025 1015
4 1015 1025 1026 1016
4 1016 1026 1027 1017
4 1017 1027 1028 1018
4 1018 1028 1029 1019
4 629 639 1030 1020
4 1020 1030 1031 1021
4 1021 1031 1032 1022
4 1022 1032 1033 1023
4 1023 1033 1034 1024
4 1024 1034 1035 1025
4 1025 1035 1036 1026
4 1026 1036 1037 1027
4 1027 1037 1038 1028
4 1028 1038 1039 1029
4 639 649 1040 1030
4 1030 1040 1041 1031
4 1031 1041 1042 1032
4 1032 1042 1043 1033
4 1033 1043 1044 1034
4 1034 1044 1045 1035
4 1035 1045 1046 1036
4 1036 1046 1047 1037
4 1037 1047 1048 1038
4 1038 1048 1049 1039
4 649 659 1050 1040
4 1040 1050 1051 1041
4 1041 1051 1052 1042
4 1042 1052 1053 1043
4 1043 1053 1054 1044
4 1044 1054 1055 1045
4 1045 1055 1056 1046
4 1046 1056 1057 1047
4 1047 1057 1058 1048
4 1048 1058 1059 1049
4 659 669 1060 1050
4 1050 1060 1061 1051
4 1051 1061 1062 1052
4 1052 1062 1063 1053
4 1053 1063 1064 1054
4 1054 1064 1065 1055
4 1055 1065 1066 1056
4 1056 1066 1067 1057
4 1057 1067 1068 1058
4 1058 1068 1069 1059
4 669 679 1070 1060
4 1060 1070 1071 1061
4 1061 1071 1072 1062
4 1062 1072 1073 1063
4 1063 1073 1074 1064
4 1064 1074 1075 1065
4 1065 1075 1076 1066
4 1066 1076 1077 1067
4 1067 1077 1078 1068
4 1068 1078 1079 1069
4 679 689 1080 1070
4 1070 1080 1081 1071
4 1071 1081 1082 1072
4 1072 1082 1083 1073
4 1073 1083 1084 1074
4 1074 1084 1085 1075
4 1075 1085 1086 1076
4 1076 1086 1087 1077
4 1077 1087 1088 1078
4 1078 1088 1089 1079
4 689 699 1090 1080
4 1080 1090 1091 1081
4 1081 1091 1092 1082
4 1082 1092 1093 1083
4 1083 1093 1094 1084
4 1084 1094 1095 1085
4 1085 1095 1096 1086
4 1086 1096 1097 1087
4 1087 1097 1098 1088
4 1088 1098 1099 1089
4 699 709 1100 1090
4 1090 1100 1101 1091
4 1091 1101 1102 1092
4 1092 1102 1103 1093
4 1093 1103 1104 1094
4 1094 1104 1105 1095
4 1095 1105 1106 1096
4 1096 1106 1107 1097
4 1097 1107 1108 1098
4 1098 1108 1109 1099
4 709 719 1110 1100
4 1100 1110 1111 1101
4 1101 1111 1112 1102
4 1102 1112 1113 1103
4 1103 1113 1114 1104
4 1104 1114 1115 1105
4 1105 1115 1116 1106
4 1106 1116 1117 1107
4 1107 1117 1118 1108
4 1108 1118 1119 1109
4 719 729 1120 1110
4 1110 1120 1121 1111
4 1111 1121 1122 1112
4 1112 1122 1123 1113
4 1113 1123 1124 1114
4 1114 1124 1125 1115
4 1115 1125 1126 1116
4 1116 1126 1127 1117
4 1117 1127 1128 1118
4 1118 1128 1129 1119
4 729 739 1130 1120
4 1120 1130 1131 1121
4 1121 1131 1132 1122
4 1122 1132 1133 1123
4 1123 1133 1134 1124
4 1124 1134 1135 1125
4 1125 1135 1136 1126
4 1126 1136 1137 1127
4 1127 1137 1138 1128
4 1128 1138 1139 1129
4 739 749 1140 1130
4 1130 1140 1141 1131
4 1131 1141 1142 1132
4 1132 1142 1143 1133
4 1133 1143 1144 1134
4 1134 1144 1145 1135
4 1135 1145 1146 1136
4 1136 1146 1147 1137
4 1137 1147 1148 1138
4 1138 1148 1149 1139
4 749 759 1150 1140
4 1140 1150 1151 1141
4 1141 1151 1152 1142
4 1142 1152 1153 1143
4 1143 1153 1154 1144
4 1144 1154 1155 1145
4 1145 1155 1156 1146
4 1146 1156 1157 1147
4 1147 1157 1158 1148
4 1148 1158 1159 1149
4 759 769 1160 1150
4 1150 1160 1161 1151
4 1151 1161 1162 1152
4 1152 1162 1163 1153
4 1153 1163 1164 1154
4 1154 1164 1165 1155
4 1155 1165 1166 1156
4 1156 1166 1167 1157
4 1157 1167 1168 1158
4 1158 1168 1169 1159
4 769 779 1170 1160
4 1160 1170 1171 1161
4 1161 1171 1172 1162
4 1162 1172 1173 1163
4 1163 1173 1174 1164
4 1164 1174 1175 1165
4 1165 1175 1176 1166
4 1166 1176 1177 1167
4 1167 1177 1178 1168
4 1168 1178 1179 1169
4 779 789 1180 1170
4 1170 1180 1181 1171
4 1171 1181 1182 1172
4 1172 1182 1183 1173
4 1173 1183 1184 1174
4 1174 1184 1185 1175
4 1175 1185 1186 1176
4 1176 1186 1187 1177
4 1177 1187 1188 1178
4 1178 1188 1189 1179
4 789 799 1190 1180
4 1180 1190 1191 1181
4 1181 1191 1192 1182
4 1182 1192 1193 1183
4 1183 1193 1194 1184
4 1184 1194 1195 1185
4 1185 1195 1196 1186
4 1186 1196 1197 1187
4 1187 1197 1198 1188
4 1188 1198 1199 1189
4 799 809 1200 1190
4 1190 1200 1201 1191
4 1191 1201 1202 1192
4 1192 1202 1203 1193
4 1193 1203 1204 1194
4 1194 1204 1205 1195
4 1195 1205 1206 1196
4 1196 1206 1207 1197
4 1197 1207 1208 1198
4 1198 1208 1209 1199
4 809 819 1210 1200
4 1200 1210 1211 1201
4 1201 1211 1212 1202
4 1202 1212 1213 1203
4 1203 1213 1214 1204
4 1204 1214 1215 1205
4 1205 1215 1216 1206
4 1206 1216 1217 1207
4 1207 1217 1218 1208
4 1208 1218 1219 1209
4 819 829 1220 1210
4 1210 1220 1221 1211
4 1211 1221 1222 1212
4 1212 1222 1223 1213
4 1213 1223 1224 1214
4 1214 1224 1225 1215
4 1215 1225 1226 1216
4 1216 1226 1227 1217
4 1217 1227 1228 1218
4 1218 1228 1229 1219
4 829 839 1230 1220
4 1220 1230 1231 1221
4 1221 1231 1232 1222
4 1222 1232 1233 1223
4 1223 1233 1234 1224
4 1224 1234 1235 1225
4 1225 1235 1236 1226
4 1226 1236 1237 1227
4 1227 1237 1238 1228
4 1228 1238 1239 1229
4 839 449 840 1230
4 1230 840 841 1231
4 1231 841 842 1232
4 1232 842 843 1233
4 1233 843 844 1234
4 1234 844 845 1235
4 1235 845 846 1236
4 1236 846 847 1237
4 1237 847 848 1238
4 1238 848 849 1239
4 849 859 1250 1240
4 1240 1250 1251 1241
4 1241 1251 1252 1242
4 1242 1252 1253 1243
4 1243 1253 1254 1244
4 1244 1254 1255 1245
4 1245 1255 1256 1246
4 1246 1256 1257 1247
4 1247 1257 1258 1248
3 1248 1258 1249
4 859 869 1259 1250
4 1250 1259 1260 1251
4 1251 1260 1261 1252
4 1252 1261 1262 1253
4 1253 1262 1263 1254
4 1254 1263 1264 1255
4 1255 1264 1265 1256
4 1256 1265 1266 1257
4 1257 1266 1267 1258
3 1258 1267 1249
4 869 879 1268 1259
4 1259 1268 1269 1260
4 1260 1269 1270 1261
4 1261 1270 1271 1262
4 1262 1271 1272 1263
4 1263 1272 1273 1264
4 1264 1273 1274 1265
4 1265 1274 1275 1266
4 1266 1275 1276 1267
3 1267 1276 1249
4 879 889 1277 1268
4 1268 1277 1278 1269
4 1269 1278 1279 1270
4 1270 1279 1280 1271
4 1271 1280 1281 1272
4 1272 1281 1282 1273
4 1273 1282 1283 1274
4 1274 1283 1284 1275
4 1275 1284 1285 1276
3 1276 1285 1249
4 889 899 1286 1277
4 1277 1286 1287 1278
4 1278 1287 1288 1279
4 1279 1288 1289 1280
4 1280 1289 1290 1281
4 1281 1290 1291 1282
4 1282 1291 1292 1283
4 1283 1292 1293 1284
4 1284 1293 1294 1285
3 1285 1294 1249
4 899 909 1295 1286
4 1286 1295 1296 1287
4 1287 1296 1297 1288
4 1288 1297 1298 1289
4 1289 1298 1299 1290
4 1290 1299 1300 1291
4 1291 1300 1301 1292
4 1292 1301 1302 1293
4 1293 1302 1303 1294
3 1294 1303 1249
4 909 919 1304 1295
4 1295 1304 1305 1296
4 1296 1305 1306 1297
4 1297 1306 1307 1298
4 1298 1307 1308 1299
4 1299 1308 1309 1300
4 1300 1309 1310 1301
4 1301 1310 1311 1302
4 1302 1311 1312 1303
3 1303 1312 1249
4 919 929 1313 1304
4 1304 1313 1314 1305
4 1305 1314 1315 1306
4 1306 1315 1316 1307
4 1307 1316 1317 1308
4 1308 1317 1318 1309
4 1309 1318 1319 1310
4 1310 1319 1320 1311
4 1311 1320 1321 1312
3 1312 1321 1249
4 929 939 1322 1313
4 1313 1322 1323 1314
4 1314 1323 1324 1315
4 1315 1324 1325 1316
4 1316 1325 1326 1317
4 1317 1326 1327 1318
4 1318 1327 1328 1319
4 1319 1328 1329 1320
4 1320 1329 1330 1321
3 1321 1330 1249
4 939 949 1331 1322
4 1322 1331 1332 1323
4 1323 1332 1333 1324
4 1324 1333 1334 1325
4 1325 1334 1335 1326
4 1326 1335 1336 1327
4 1327 1336 1337 1328
4 1328 1337 1338 1329
4 1329 1338 1339 1330
3 1330 1339 1249
4 949 959 1340 1331
4 1331 1340 1341 1332
4 1332 1341 1342 1333
4 1333 1342 1343 1334
4 1334 1343 1344 1335
4 1335 1344 1345 1336
4 1336 1345 1346 1337
4 1337 1346 1347 1338
4 1338 1347 1348 1339
3 1339 1348 1249
4 959 969 1349 1340
4 1340 1349 1350 1341
4 1341 1350 1351 1342
4 1342 1351 1352 1343
4 1343 1352 1353 1344
4 1344 1353 1354 1345
4 1345 1354 1355 1346
4 1346 1355 1356 1347
4 1347 1356 1357 1348
3 1348 1357 1249
4 969 979 1358 1349
4 1349 1358 1359 1350
4 1350 1359 1360 1351
4 1351 1360 1361 1352
4 1352 1361 1362 1353
4 1353 1362 1363 1354
4 1354 1363 1364 1355
4 1355 1364 1365 1356
4 1356 1365 1366 1357
3 1357 1366 1249
4 979 989 1367 1358
4 1358 1367 1368 1359
4 1359 1368 1369 1360
4 1360 1369 1370 1361
4 1361 1370 1371 1362
4 1362 1371 1372 1363
4 1363 1372 1373 1364
4 1364 1373 1374 1365
4 1365 1374 1375 1366
3 1366 1375 1249
4 989 999 1376 1367
4 1367 1376 1377 1368
4 1368 1377 1378 1369
4 1369 1378 1379 1370
4 1370 1379 1380 1371
4 1371 1380 1381 1372
4 1372 1381 1382 1373
4 1373 1382 1383 1374
4 1374 1383 1384 1375
3 1375 1384 1249
4 999 1009 1385 1376
4 1376 1385 1386 1377
4 1377 1386 1387 1378
4 1378 1387 1388 1379
4 1379 1388 1389 1380
4 1380 1389 1390 1381
4 1381 1390 1391 1382
4 1382 1391 1392 1383
4 1383 1392 1393 1384
3 1384 1393 1249
4 1009 1019 1394 1385
4 1385 1394 1395 1386
4 1386 1395 1396 1387
4 1387 1396 1397 1388
4 1388 1397 1398 1389
4 1389 1398 1399 1390
4 1390 1399 1400 1391
4 1391 1400 1401 1392
4 1392 1401 1402 1393
3 1393 1402 1249
4 1019 1029 1403 1394
4 1394 1403 1404 1395
4 1395 1404 1405 1396
4 1396 1405 1406 1397
4 1397 1406 1407 1398
4 1398 1407 1408 1399
4 1399 1408 1409 1400
4 1400 1409 1410 1401
4 1401 1410 1411 1402
3 1402 1411 1249
4 1029 1039 1412 1403
4 1403 1412 1413 1404
4 1404 1413 1414 1405
4 1405 1414 1415 1406
4 1406 1415 1416 1407
4 1407 1416 1417 1408
4 1408 1417 1418 1409
4 1409 1418 1419 1410
4 1410 1419 1420 1411
3 1411 1420 1249
4 1039 1049 1421 1412
4 1412 1421 1422 1413
4 1413 1422 1423 1414
4 1414 1423 1424 1415
4 1415 1424 1425 1416
4 1416 1425 1426 1417
4 1417 1426 1427 1418
4 1418 1427 1428 1419
4 1419 1428 1429 1420
3 1420 1429 1249
4 1049 1059 1430 1421
4 1421 1430 1431 1422
4 1422 1431 1432 1423
4 1423 1432 1433 1424
4 1424 1433 1434 1425
4 1425 1434 1435 1426
4 1426 1435 1436 1427
4 1427 1436 1437 1428
4 1428 1437 1438 1429
3 1429 1438 1249
4 1059 1069 1439 1430
4 1430 1439 1440 1431
4 1431 1440 1441 1432
4 1432 1441 1442 1433
4 1433 1442 1443 1434
4 1434 1443 1444 1435
4 1435 1444 1445 1436
4 1436 1445 1446 1437
4 1437 1446 1447 1438
3 1438 1447 1249
4 1069 1079 1448 1439
4 1439 1448 1449 1440
4 1440 1449 1450 1441
4 1441 1450 1451 1442
4 1442 1451 1452 1443
4 1443 1452 1453 1444
4 1444 1453 1454 1445
4 1445 1454 1455 1446
4 1446 1455 1456 1447
3 1447 1456 1249
4 1079 1089 1457 1448
4 1448 1457 1458 1449
4 1449 1458 1459 1450
4 1450 1459 1460 1451
4 1451 1460 1461 1452
4 1452 1461 1462 1453
4 1453 1462 1463 1454
4 1454 1463 1464 1455
4 1455 1464 1465 1456
3 1456 1465 1249
4 1089 1099 1466 1457
4 1457 1466 1467 1458
4 1458 1467 1468 1459
4 1459 1468 1469 1460
4 1460 1469 1470 1461
4 1461 1470 1471 1462
4 1462 1471 1472 1463
4 1463 1472 1473 1464
4 1464 1473 1474 1465
3 1465 1474 1249
4 1099 1109 1475 1466
4 1466 1475 1476 1467
4 1467 1476 1477 1468
4 1468 1477 1478 1469
4 1469 1478 1479 1470
4 1470 1479 1480 1471
4 1471 1480 1481 1472
4 1472 1481 1482 1473
4 1473 1482 1483 1474
3 1474 1483 1249
4 1109 1119 1484 1475
4 1475 1484 1485 1476
4 1476 1485 1486 1477
4 1477 1486 1487 1478
4 1478 1487 1488 1479
4 1479 1488 1489 1480
4 1480 1489 1490 1481
4 1481 1490 1491 1482
4 1482 1491 1492 1483
3 1483 1492 1249
4 1119 1129 1493 1484
4 1484 1493 1494 1485
4 1485 1494 1495 1486
4 1486 1495 1496 1487
4 1487 1496 1497 1488
4 1488 1497 1498 1489
4 1489 1498 1499 1490
4 1490 1499 1500 1491
4 1491 1500 1501 1492
3 1492 1501 1249
4 1129 1139 1502 1493
4 1493 1502 1503 1494
4 1494 1503 1504 1495
4 1495 1504 1505 1496
4 1496 1505 1506 1497
4 1497 1506 1507 1498
4 1498 1507 1508 1499
4 1499 1508 1509 1500
4 1500 1509 1510 1501
3 1501 1510 1249
4 1139 1149 1511 1502
4 1502 1511 1512 1503
4 1503 1512 1513 1504
4 1504 1513 1514 1505
4 1505 1514 1515 1506
4 1506 1515 1516 1507
4 1507 1516 1517 1508
4 1508 1517 1518 1509
4 1509 1518 1519 1510
3 1510 1519 1249
4 1149 1159 1520 1511
4 1511 1520 1521 1512
4 1512 1521 1522 1513
4 1513 1522 1523 1514
4 1514 1523 1524 1515
4 1515 1524 1525 1516
4 1516 1525 1526 1517
4 1517 1526 1527 1518
4 1518 1527 1528 1519
3 1519 1528 1249
4 1159 1169 1529 1520
4 1520 1529 1530 1521
4 1521 1530 1531 1522
4 1522 1531 1532 1523
4 1523 1532 1533 1524
4 1524 1533 1534 1525
4 1525 1534 1535 1526
4 1526 1535 1536 1527
4 1527 1536 1537 1528
3 1528 1537 1249
4 1169 1179 1538 1529
4 1529 1538 1539 1530
4 1530 1539 1540 1531
4 1531 1540 1541 1532
4 1532 1541 1542 1533
4 1533 1542 1543 1534
4 1534 1543 1544 1535
4 1535 1544 1545 1536
4 1536 1545 1546 1537
3 1537 1546 1249
4 1179 1189 1547 1538
4 1538 1547 1548 1539
4 1539 1548 1549 1540
4 1540 1549 1550 1541
4 1541 1550 1551 1542
4 1542 1551 1552 1543
4 1543 1552 1553 1544
4 1544 1553 1554 1545
4 1545 1554 1555 1546
3 1546 1555 1249
4 1189 1199 1556 1547
4 1547 1556 1557 1548
4 1548 1557 1558 1549
4 1549 1558 1559 1550
4 1550 1559 1560 1551
4 1551 1560 1561 1552
4 1552 1561 1562 1553
4 1553 1562 1563 1554
4 1554 1563 1564 1555
3 1555 1564 1249
4 1199 1209 1565 1556
4 1556 1565 1566 1557
4 1557 1566 1567 1558
4 1558 1567 1568 1559
4 1559 1568 1569 1560
4 1560 1569 1570 1561
4 1561 1570 1571 1562
4 1562 1571 1572 1563
4 1563 1572 1573 1564
3 1564 1573 1249
4 1209 1219 1574 1565
4 1565 1574 1575 1566
4 1566 1575 1576 1567
4 1567 1576 1577 1568
4 1568 1577 1578 1569
4 1569 1578 1579 1570
4 1570 1579 1580 1571
4 1571 1580 1581 1572
4 1572 1581 1582 1573
3 1573 1582 1249
4 1219 1229 1583 1574
4 1574 1583 1584 1575
4 1575 1584 1585 1576
4 1576 1585 1586 1577
4 1577 1586 1587 1578
4 1578 1587 1588 1579
4 1579 1588 1589 1580
4 1580 1589 1590 1581
4 1581 1590 1591 1582
3 1582 1591 1249
4 1229 1239 1592 1583
4 1583 1592 1593 1584
4 1584 1593 1594 1585
4 1585 1594 1595 1586
4 1586 1595 1596 1587
4 1587 1596 1597 1588
4 1588 1597 1598 1589
4 1589 1598 1599 1590
4 1590 1599 1600 1591
3 1591 1600 1249
4 1239 849 1240 1592
4 1592 1240 1241 1593
4 1593 1241 1242 1594
4 1594 1242 1243 1595
4 1595 1243 1244 1596
4 1596 1244 1245 1597
4 1597 1245 1246 1598
4 1598 1246 1247 1599
4 1599 1247 1248 1600
3 1600 1248 1249
4 1601 1612 1613 1602
4 1602 1613 1614 1603
4 1603 1614 1615 1604
4 1604 1615 1616 1605
4 1605 1616 1617 1606
4 1606 1617 1618 1607
4 1607 1618 1619 1608
4 1608 1619 1620 1609
4 1609 1620 1621 1610
4 1610 1621 1622 1611
4 1612 1623 1624 1613
4 1613 1624 1625 1614
4 1614 1625 1626 1615
4 1615 1626 1627 1616
4 1616 1627 1628 1617
4 1617 1628 1629 1618
4 1618 1629 1630 1619
4 1619 1630 1631 1620
4 1620 1631 1632 1621
4 1621 1632 1633 1622
4 1623 1634 1635 1624
4 1624 1635 1636 1625
4 1625 1636 1637 1626
4 1626 1637 1638 1627
4 1627 1638 1639 1628
4 1628 1639 1640 1629
4 1629 1640 1641 1630
4 1630 1641 1642 1631
4 1631 1642 1643 1632
4 1632 1643 1644 1633
4 1634 1645 1646 1635
4 1635 1646 1647 1636
4 1636 1647 1648 1637
4 1637 1648 1649 1638
4 1638 1649 1650 1639
4 1639 1650 1651 1640
4 1640 1651 1652 1641
4 1641 1652 1653 1642
4 1642 1653 1654 1643
4 1643 1654 1655 1644
4 1645 1656 1657 1646
4 1646 1657 1658 1647
4 1647 1658 1659 1648
4 1648 1659 1660 1649
4 1649 1660 1661 1650
4 1650 1661 1662 1651
4 1651 1662 1663 1652
4 1652 1663 1664 1653
4 1653 1664 1665 1654
4 1654 1665 1666 1655
4 1656 1667 1668 1657
4 1657 1668 1669 1658
4 1658 1669 1670 1659
4 1659 1670 1671 1660
4 1660 1671 1672 1661
4 1661 1672 1673 1662
4 1662 1673 1674 1663
4 1663 1674 1675 1664
4 1664 1675 1676 1665
4 1665 1676 1677 1666
4 1667 1678 1679 1668
4 1668 1679 1680 1669
4 1669 1680 1681 1670
4 1670 1681 1682 1671
4 1671 1682 1683 1672
4 1672 1683 1684 1673
4 1673 1684 1685 1674
4 1674 1685 1686 1675
4 1675 1686 1687 1676
4 1676 1687 1688 1677
4 1678 1689 1690 1679
4 1679 1690 1691 1680
4 1680 1691 1692 1681
4 1681 1692 1693 1682
4 1682 1693 1694 1683
4 1683 1694 1695 1684
4 1684 1695 1696 1685
4 1685 1696 1697 1686
4 1686 1697 1698 1687
4 1687 1698 1699 1688
4 1689 1700 1701 1690
4 1690 1701 1702 1691
4 1691 1702 1703 1692
4 1692 1703 1704 1693
4 1693 1704 1705 1694
4 1694 1705 1706 1695
4 1695 1706 1707 1696
4 1696 1707 1708 1697
4 1697 1708 1709 1698
4 1698 1709 1710 1699
4 1700 1711 1712 1701
4 1701 1712 1713 1702
4 1702 1713 1714 1703
4 1703 1714 1715 1704
4 1704 1715 1716 1705
4 1705 1716 1717 1706
4 1706 1717 1718 1707
4 1707 1718 1719 1708
4 1708 1719 1720 1709
4 1709 1720 1721 1710
4 1711 1722 1723 1712
4 1712 1723 1724 1713
4 1713 1724 1725 1714
4 1714 1725 1726 1715
4 1715 1726 1727 1716
4 1716 1727 1728 1717
4 1717 1728 1729 1718
4 1718 1729 1730 1719
4 1719 1730 1731 1720
4 1720 1731 1732 1721
4 1722 1733 1734 1723
4 1723 1734 1735 1724
4 1724 1735 1736 1725
4 1725 1736 1737 1726
4 1726 1737 1738 1727
4 1727 1738 1739 1728
4 1728 1739 1740 1729
4 1729 1740 1741 1730
4 1730 1741 1742 1731
4 1731 1742 1743 1732
4 1733 1744 1745 1734
4 1734 1745 1746 1735
4 1735 1746 1747 1736
4 1736 1747 1748 1737
4 1737 1748 1749 1738
4 1738 1749 1750 1739
4 1739 1750 1751 1740
4 1740 1751 1752 1741
4 1741 1752 1753 1742
4 1742 1753 1754 1743
4 1744 1755 1756 1745
4 1745 1756 1757 1746
4 1746 1757 1758 1747
4 1747 1758 1759 1748
4 1748 1759 1760 1749
4 1749 1760 1761 1750
4 1750 1761 1762 1751
4 1751 1762 1763 1752
4 1752 1763 1764 1753
4 1753 1764 1765 1754
4 1755 1766 1767 1756
4 1756 1767 1768 1757
4 1757 1768 1769 1758
4 1758 1769 1770 1759
4 1759 1770 1771 1760
4 1760 1771 1772 1761
4 1761 1772 1773 1762
4 1762 1773 1774 1763
4 1763 1774 1775 1764
4 1764 1775 1776 1765
4 1766 1777 1778 1767
4 1767 1778 1779 1768
4 1768 1779 1780 1769
4 1769 1780 1781 1770
4 1770 1781 1782 1771
4 1771 1782 1783 1772
4 1772 1783 1784 1773
4 1773 1784 1785 1774
4 1774 1785 1786 1775
4 1775 1786 1787 1776
4 1777 1788 1789 1778
4 1778 1789 1790 1779
4 1779 1790 1791 1780
4 1780 1791 1792 1781
4 1781 1792 1793 1782
4 1782 1793 1794 1783
4 1783 1794 1795 1784
4 1784 1795 1796 1785
4 1785 1796 1797 1786
4 1786 1797 1798 1787
4 1788 1799 1800 1789
4 1789 1800 1801 1790
4 1790 1801 1802 1791
4 1791 1802 1803 1792
4 1792 1803 1804 1793
4 1793 1804 1805 1794
4 1794 1805 1806 1795
4 1795 1806 1807 1796
4 1796 1807 1808 1797
4 1797 1808 1809 1798
4 1799 1810 1811 1800
4 1800 1811 1812 1801
4 1801 1812 1813 1802
4 1802 1813 1814 1803
4 1803 1814 1815 1804
4 1804 1815 1816 1805
4 1805 1816 1817 1806
4 1806 1817 1818 1807
4 1807 1818 1819 1808
4 1808 1819 1820 1809
4 1810 1601 1602 1811
4 1811 1602 1603 1812
4 1812 1603 1604 1813
4 1813 1604 1605 1814
4 1814 1605 1606 1815
4 1815 1606 1607 1816
4 1816 1607 1608 1817
4 1817 1608 1609 1818
4 1818 1609 1610 1819
4 1819 1610 1611 1820
4 1611 1622 1831 1821
4 1821 1831 1832 1822
4 1822 1832 1833 1823
4 1823 1833 1834 1824
4 1824 1834 1835 1825
4 1825 1835 1836 1826
4 1826 1836 1837 1827
4 1827 1837 1838 1828
4 1828 1838 1839 1829
4 1829 1839 1840 1830
4 1622 1633 1841 1831
4 1831 1841 1842 1832
4 1832 1842 1843 1833
4 1833 1843 1844 1834
4 1834 1844 1845 1835
4 1835 1845 1846 1836
4 1836 1846 1847 1837
4 1837 1847 1848 1838
4 1838 1848 1849 1839
4 1839 1849 1850 1840
4 1633 1644 1851 1841
4 1841 1851 1852 1842
4 1842 1852 1853 1843
4 1843 1853 1854 1844
4 1844 1854 1855 1845
4 1845 1855 1856 1846
4 1846 1856 1857 1847
4 1847 1857 1858 1848
4 1848 1858 1859 1849
4 1849 1859 1860 1850
4 1644 1655 1861 1851
4 1851 1861 1862 1852
4 1852 1862 1863 1853
4 1853 1863 1864 1854
4 1854 1864 1865 1855
4 1855 1865 1866 1856
4 1856 1866 1867 1857
4 1857 1867 1868 1858
4 1858 1868 1869 1859
4 1859 1869 1870 1860
4 1655 1666 1871 1861
4 1861 1871 1872 1862
4 1862 1872 1873 1863
4 1863 1873 1874 1864
4 1864 1874 1875 1865
4 1865 1875 1876 1866
4 1866 1876 1877 1867
4 1867 1877 1878 1868
4 1868 1878 1879 1869
4 1869 1879 1880 1870
4 1666 1677 1881 1871
4 1871 1881 1882 1872
4 1872 1882 1883 1873
4 1873 1883 1884 1874
4 1874 1884 1885 1875
4 1875 1885 1886 1876
4 1876 1886 1887 1877
4 1877 1887 1888 1878
4 1878 1888 1889 1879
4 1879 1889 1890 1880
4 1677 1688 1891 1881
4 1881 1891 1892 1882
4 1882 1892 1893 1883
4 1883 1893 1894 1884
4 1884 1894 1895 1885
4 1885 1895 1896 1886
4 1886 1896 1897 1887
4 1887 1897 1898 1888
4 1888 1898 1899 1889
4 1889 1899 1900 1890
4 1688 1699 1901 1891
4 1891 1901 1902 1892
4 1892 1902 1903 1893
4 1893 1903 1904 1894
4 1894 1904 1905 1895
4 1895 1905 1906 1896
4 1896 1906 1907 1897
4 1897 1907 1908 1898
4 1898 1908 1909 1899
4 1899 1909 1910 1900
4 1699 1710 1911 1901
4 1901 1911 1912 1902
4 1902 1912 1913 1903
4 1903 1913 1914 1904
4 1904 1914 1915 1905
4 1905 1915 1916 1906
4 1906 1916 1917 1907
4 1907 1917 1918 1908
4 1908 1918 1919 1909
4 1909 1919 1920 1910
4 1710 1721 1921 1911
4 1911 1921 1922 1912
4 1912 1922 1923 1913
4 1913 1923 1924 1914
4 1914 1924 1925 1915
4 1915 1925 1926 1916
4 1916 1926 1927 1917
4 1917 1927 1928 1918
4 1918 1928 1929 1919
4 1919 1929 1930 1920
4 1721 1732 1931 1921
4 1921 1931 1932 1922
4 1922 1932 1933 1923
4 1923 1933 1934 1924
4 1924 1934 1935 1925
4 1925 1935 1936 1926
4 1926 1936 1937 1927
4 1927 1937 1938 1928
4 1928 1938 1939 1929
4 1929 1939 1940 1930
4 1732 1743 1941 1931
4 1931 1941 1942 1932
4 1932 1942 1943 1933
4 1933 1943 1944 1934
4 1934 1944 1945 1935
4 1935 1945 1946 1936
4 1936 1946 1947 1937
4 1937 1947 1948 1938
4 1938 1948 1949 1939
4 1939 1949 1950 1940
4 1743 1754 1951 1941
4 1941 1951 1952 1942
4 1942 1952 1953 1943
4 1943 1953 1954 1944
4 1944 1954 1955 1945
4 1945 1955 1956 1946
4 1946 1956 1957 1947
4 1947 1957 1958 1948
4 1948 1958 1959 1949
4 1949 1959 1960 1950
4 1754 1765 1961 1951
4 1951 1961 1962 1952
4 1952 1962 1963 1953
4 1953 1963 1964 1954
4 1954 1964 1965 1955
4 1955 1965 1966 1956
4 1956 1966 1967 1957
4 1957 1967 1968 1958
4 1958 1968 1969 1959
4 1959 1969 1970 1960
4 1765 1776 1971 1961
4 1961 1971 1972 1962
4 1962 1972 1973 1963
4 1963 1973 1974 1964
4 1964 1974 1975 1965
4 1965 1975 1976 1966
4 1966 1976 1977 1967
4 1967 1977 1978 1968
4 1968 1978 1979 1969
4 1969 1979 1980 1970
4 1776 1787 1981 1971
4 1971 1981 1982 1972
4 1972 1982 1983 1973
4 1973 1983 1984 1974
4 1974 1984 1985 1975
4 1975 1985 1986 1976
4 1976 1986 1987 1977
4 1977 1987 1988 1978
4 1978 1988 1989 1979
4 1979 1989 1990 1980
4 1787 1798 1991 1981
4 1981 1991 1992 1982
4 1982 1992 1993 1983
4 1983 1993 1994 1984
4 1984 1994 1995 1985
4 1985 1995 1996 1986
4 1986 1996 1997 1987
4 1987 1997 1998 1988
4 1988 1998 1999 1989
4 1989 1999 2000 1990
4 1798 1809 2001 1991
4 1991 2001 2002 1992
4 1992 2002 2003 1993
4 1993 2003 2004 1994
4 1994 2004 2005 1995
4 1995 2005 2006 1996
4 1996 2006 2007 1997
4 1997 2007 2008 1998
4 1998 2008 2009 1999
4 1999 2009 2010 2000
4 1809 1820 2011 2001
4 2001 2011 2012 2002
4 2002 2012 2013 2003
4 2003 2013 2014 2004
4 2004 2014 2015 2005
4 2005 2015 2016 2006
4 2006 2016 2017 2007
4 2007 2017 2018 2008
4 2008 2018 2019 2009
4 2009 2019 2020 2010
4 1820 1611 1821 2011
4 2011 1821 1822 2012
4 2012 1822 1823 2013
4 2013 1823 1824 2014
4 2014 1824 1825 2015
4 2015 1825 1826 2016
4 2016 1826 1827 2017
4 2017 1827 1828 2018
4 2018 1828 1829 2019
4 2019 1829 1830 2020
4 2021 2032 2033 2022
4 2022 2033 2034 2023
4 2023 2034 2035 2024
4 2024 2035 2036 2025
4 2025 2036 2037 2026
4 2026 2037 2038 2027
4 2027 2038 2039 2028
4 2028 2039 2040 2029
4 2029 2040 2041 2030
4 2030 2041 2042 2031
4 2032 2043 2044 2033
4 2033 2044 2045 2034
4 2034 2045 2046 2035
4 2035 2046 2047 2036
4 2036 2047 2048 2037
4 2037 2048 2049 2038
4 2038 2049 2050 2039
4 2039 2050 2051 2040
4 2040 2051 2052 2041
4 2041 2052 2053 2042
4 2043 2054 2055 2044
4 2044 2055 2056 2045
4 2045 2056 2057 2046
4 2046 2057 2058 2047
4 2047 2058 2059 2048
4 2048 2059 2060 2049
4 2049 2060 2061 2050
4 2050 2061 2062 2051
4 2051 2062 2063 2052
4 2052 2063 2064 2053
4 2054 2065 2066 2055
4 2055 2066 2067 2056
4 2056 2067 2068 2057
4 2057 2068 2069 2058
4 2058 2069 2070 2059
4 2059 2070 2071 2060
4 2060 2071 2072 2061
4 2061 2072 2073 2062
4 2062 2073 2074 2063
4 2063 2074 2075 2064
4 2065 2076 2077 2066
4 2066 2077 2078 2067
4 2067 2078 2079 2068
4 2068 2079 2080 2069
4 2069 2080 2081 2070
4 2070 2081 2082 2071
4 2071 2082 2083 2072
4 2072 2083 2084 2073
4 2073 2084 2085 2074
4 2074 2085 2086 2075
4 2076 2087 2088 2077
4 2077 2088 2089 2078
4 2078 2089 2090 2079
4 2079 2090 2091 2080
4 2080 2091 2092 2081
4 2081 2092 2093 2082
4 2082 2093 2094 2083
4 2083 2094 2095 2084
4 2084 2095 2096 2085
4 2085 2096 2097 2086
4 2087 2098 2099 2088
4 2088 2099 2100 2089
4 2089 2100 2101 2090
4 2090 2101 2102 2091
4 2091 2102 2103 2092
4 2092 2103 2104 2093
4 2093 2104 2105 2094
4 2094 2105 2106 2095
4 2095 2106 2107 2096
4 2096 2107 2108 2097
4 2098 2109 2110 2099
4 2099 2110 2111 2100
4 2100 2111 2112 2101
4 2101 2112 2113 2102
4 2102 2113 2114 2103
4 2103 2114 2115 2104
4 2104 2115 2116 2105
4 2105 2116 2117 2106
4 2106 2117 2118 2107
4 2107 2118 2119 2108
4 2109 2120 2121 2110
4 2110 2121 2122 2111
4 2111 2122 2123 2112
4 2112 2123 2124 2113
4 2113 2124 2125 2114
4 2114 2125 2126 2115
4 2115 2126 2127 2116
4 2116 2127 2128 2117
4 2117 2128 2129 2118
4 2118 2129 2130 2119
4 2120 2131 2132 2121
4 2121 2132 2133 2122
4 2122 2133 2134 2123
4 2123 2134 2135 2124
4 2124 2135 2136 2125
4 2125 2136 2137 2126
4 2126 2137 2138 2127
4 2127 2138 2139 2128
4 2128 2139 2140 2129
4 2129 2140 2141 2130
4 2131 2142 2143 2132
4 2132 2143 2144 2133
4 2133 2144 2145 2134
4 2134 2145 2146 2135
4 2135 2146 2147 2136
4 2136 2147 2148 2137
4 2137 2148 2149 2138
4 2138 2149 2150 2139
4 2139 2150 2151 2140
4 2140 2151 2152 2141
4 2142 2153 2154 2143
4 2143 2154 2155 2144
4 2144 2155 2156 2145
4 2145 2156 2157 2146
4 2146 2157 2158 2147
4 2147 2158 2159 2148
4 2148 2159 2160 2149
4 2149 2160 2161 2150
4 2150 2161 2162 2151
4 2151 2162 2163 2152
4 2153 2164 2165 2154
4 2154 2165 2166 2155
4 2155 2166 2167 2156
4 2156 2167 2168 2157
4 2157 2168 2169 2158
4 2158 2169 2170 2159
4 2159 2170 2171 2160
4 2160 2171 2172 2161
4 2161 2172 2173 2162
4 2162 2173 2174 2163
4 2164 2175 2176 2165
4 2165 2176 2177 2166
4 2166 2177 2178 2167
4 2167 2178 2179 2168
4 2168 2179 2180 2169
4 2169 2180 2181 2170
4 2170 2181 2182 2171
4 2171 2182 2183 2172
4 2172 2183 2184 2173
4 2173 2184 2185 2174
4 2175 2186 2187 2176
4 2176 2187 2188 2177
4 2177 2188 2189 2178
4 2178 2189 2190 2179
4 2179 2190 2191 2180
4 2180 2191 2192 2181
4 2181 2192 2193 2182
4 2182 2193 2194 2183
4 2183 2194 2195 2184
4 2184 2195 2196 2185
4 2186 2197 2198 2187
4 2187 2198 2199 2188
4 2188 2199 2200 2189
4 2189 2200 2201 2190
4 2190 2201 2202 2191
4 2191 2202 2203 2192
4 2192 2203 2204 2193
4 2193 2204 2205 2194
4 2194 2205 2206 2195
4 2195 2206 2207 2196
4 2197 2208 2209 2198
4 2198 2209 2210 2199
4 2199 2210 2211 2200
4 2200 2211 2212 2201
4 2201 2212 2213 2202
4 2202 2213 2214 2203
4 2203 2214 2215 2204
4 2204 2215 2216 2205
4 2205 2216 2217 2206
4 2206 2217 2218 2207
4 2208 2219 2220 2209
4 2209 2220 2221 2210
4 2210 2221 2222 2211
4 2211 2222 2223 2212
4 2212 2223 2224 2213
4 2213 2224 2225 2214
4 2214 2225 2226 2215
4 2215 2226 2227 2216
4 2216 2227 2228 2217
4 2217 2228 2229 2218
4 2219 2230 2231 2220
4 2220 2231 2232 2221
4 2221 2232 2233 2222
4 2222 2233 2234 2223
4 2223 2234 2235 2224
4 2224 2235 2236 2225
4 2225 2236 2237 2226
4 2226 2237 2238 2227
4 2227 2238 2239 2228
4 2228 2239 2240 2229
4 2230 2021 2022 2231
4 2231 2022 2023 2232
4 2232 2023 2024 2233
4 2233 2024 2025 2234
4 2234 2025 2026 2235
4 2235 2026 2027 2236
4 2236 2027 2028 2237
4 2237 2028 2029 2238
4 2238 2029 2030 2239
4 2239 2030 2031 2240
4 2031 2042 2251 2241
4 2241 2251 2252 2242
4 2242 2252 2253 2243
4 2243 2253 2254 2244
4 2244 2254 2255 2245
4 2245 2255 2256 2246
4 2246 2256 2257 2247
4 2247 2257 2258 2248
4 2248 2258 2259 2249
4 2249 2259 2260 2250
4 2042 2053 2261 2251
4 2251 2261 2262 2252
4 2252 2262 2263 2253
4 2253 2263 2264 2254
4 2254 2264 2265 2255
4 2255 2265 2266 2256
4 2256 2266 2267 2257
4 2257 2267 2268 2258
4 2258 2268 2269 2259
4 2259 2269 2270 2260
4 2053 2064 2271 2261
4 2261 2271 2272 2262
4 2262 2272 2273 2263
4 2263 2273 2274 2264
4 2264 2274 2275 2265
4 2265 2275 2276 2266
4 2266 2276 2277 2267
4 2267 2277 2278 2268
4 2268 2278 2279 2269
4 2269 2279 2280 2270
4 2064 2075 2281 2271
4 2271 2281 2282 2272
4 2272 2282 2283 2273
4 2273 2283 2284 2274
4 2274 2284 2285 2275
4 2275 2285 2286 2276
4 2276 2286 2287 2277
4 2277 2287 2288 2278
4 2278 2288 2289 2279
4 2279 2289 2290 2280
4 2075 2086 2291 2281
4 2281 2291 2292 2282
4 2282 2292 2293 2283
4 2283 2293 2294 2284
4 2284 2294 2295 2285
4 2285 2295 2296 2286
4 2286 2296 2297 2287
4 2287 2297 2298 2288
4 2288 2298 2299 2289
4 2289 2299 2300 2290
4 2086 2097 2301 2291
4 2291 2301 2302 2292
4 2292 2302 2303 2293
4 2293 2303 2304 2294
4 2294 2304 2305 2295
4 2295 2305 2306 2296
4 2296 2306 2307 2297
4 2297 2307 2308 2298
4 2298 2308 2309 2299
4 2299 2309 2310 2300
4 2097 2108 2311 2301
4 2301 2311 2312 2302
4 2302 2312 2313 2303
4 2303 2313 2314 2304
4 2304 2314 2315 2305
4 2305 2315 2316 2306
4 2306 2316 2317 2307
4 2307 2317 2318 2308
4 2308 2318 2319 2309
4 2309 2319 2320 2310
4 2108 2119 2321 2311
4 2311 2321 2322 2312
4 2312 2322 2323 2313
4 2313 2323 2324 2314
4 2314 2324 2325 2315
4 2315 2325 2326 2316
4 2316 2326 2327 2317
4 2317 2327 2328 2318
4 2318 2328 2329 2319
4 2319 2329 2330 2320
4 2119 2130 2331 2321
4 2321 2331 2332 2322
4 2322 2332 2333 2323
4 2323 2333 2334 2324
4 2324 2334 2335 2325
4 2325 2335 2336 2326
4 2326 2336 2337 2327
4 2327 2337 2338 2328
4 2328 2338 2339 2329
4 2329 2339 2340 2330
4 2130 2141 2341 2331
4 2331 2341 2342 2332
4 2332 2342 2343 2333
4 2333 2343 2344 2334
4 2334 2344 2345 2335
4 2335 2345 2346 2336
4 2336 2346 2347 2337
4 2337 2347 2348 2338
4 2338 2348 2349 2339
4 2339 2349 2350 2340
4 2141 2152 2351 2341
4 2341 2351 2352 2342
4 2342 2352 2353 2343
4 2343 2353 2354 2344
4 2344 2354 2355 2345
4 2345 2355 2356 2346
4 2346 2356 2357 2347
4 2347 2357 2358 2348
4 2348 2358 2359 2349
4 2349 2359 2360 2350
4 2152 2163 2361 2351
4 2351 2361 2362 2352
4 2352 2362 2363 2353
4 2353 2363 2364 2354
4 2354 2364 2365 2355
4 2355 2365 2366 2356
4 2356 2366 2367 2357
4 2357 2367 2368 2358
4 2358 2368 2369 2359
4 2359 2369 2370 2360
4 2163 2174 2371 2361
4 2361 2371 2372 2362
4 2362 2372 2373 2363
4 2363 2373 2374 2364
4 2364 2374 2375 2365
4 2365 2375 2376 2366
4 2366 2376 2377 2367
4 2367 2377 2378 2368
4 2368 2378 2379 2369
4 2369 2379 2380 2370
4 2174 2185 2381 2371
4 2371 2381 2382 2372
4 2372 2382 2383 2373
4 2373 2383 2384 2374
4 2374 2384 2385 2375
4 2375 2385 2386 2376
4 2376 2386 2387 2377
4 2377 2387 2388 2378
4 2378 2388 2389 2379
4 2379 2389 2390 2380
4 2185 2196 2391 2381
4 2381 2391 2392 2382
4 2382 2392 2393 2383
4 2383 2393 2394 2384
4 2384 2394 2395 2385
4 2385 2395 2396 2386
4 2386 2396 2397 2387
4 2387 2397 2398 2388
4 2388 2398 2399 2389
4 2389 2399 2400 2390
4 2196 2207 2401 2391
4 2391 2401 2402 2392
4 2392 2402 2403 2393
4 2393 2403 2404 2394
4 2394 2404 2405 2395
4 2395 2405 2406 2396
4 2396 2406 2407 2397
4 2397 2407 2408 2398
4 2398 2408 2409 2399
4 2399 2409 2410 2400
4 2207 2218 2411 2401
4 2401 2411 2412 2402
4 2402 2412 2413 2403
4 2403 2413 2414 2404
4 2404 2414 2415 2405
4 2405 2415 2416 2406
4 2406 2416 2417 2407
4 2407 2417 2418 2408
4 2408 2418 2419 2409
4 2409 2419 2420 2410
4 2218 2229 2421 2411
4 2411 2421 2422 2412
4 2412 2422 2423 2413
4 2413 2423 2424 2414
4 2414 2424 2425 2415
4 2415 2425 2426 2416
4 2416 2426 2427 2417
4 2417 2427 2428 2418
4 2418 2428 2429 2419
4 2419 2429 2430 2420
4 2229 2240 2431 2421
4 2421 2431 2432 2422
4 2422 2432 2433 2423
4 2423 2433 2434 2424
4 2424 2434 2435 2425
4 2425 2435 2436 2426
4 2426 2436 2437 2427
4 2427 2437 2438 2428
4 2428 2438 2439 2429
4 2429 2439 2440 2430
4 2240 2031 2241 2431
4 2431 2241 2242 2432
4 2432 2242 2243 2433
4 2433 2243 2244 2434
4 2434 2244 2245 2435
4 2435 2245 2246 2436
4 2436 2246 2247 2437
4 2437 2247 2248 2438
4 2438 2248 2249 2439
4 2439 2249 2250 2440
3 2452 2442 2441
4 2442 2452 2453 2443
4 2443 2453 2454 2444
4 2444 2454 2455 2445
4 2445 2455 2456 2446
4 2446 2456 2457 2447
4 2447 2457 2458 2448
4 2448 2458 2459 2449
4 2449 2459 2460 2450
4 2450 2460 2461 2451
3 2462 2452 2441
4 2452 2462 2463 2453
4 2453 2463 2464 2454
4 2454 2464 2465 2455
4 2455 2465 2466 2456
4 2456 2466 2467 2457
4 2457 2467 2468 2458
4 2458 2468 2469 2459
4 2459 2469 2470 2460
4 2460 2470 2471 2461
3 2472 2462 2441
4 2462 2472 2473 2463
4 2463 2473 2474 2464
4 2464 2474 2475 2465
4 2465 2475 2476 2466
4 2466 2476 2477 2467
4 2467 2477 2478 2468
4 2468 2478 2479 2469
4 2469 2479 2480 2470
4 2470 2480 2481 2471
3 2482 2472 2441
4 2472 2482 2483 2473
4 2473 2483 2484 2474
4 2474 2484 2485 2475
4 2475 2485 2486 2476
4 2476 2486 2487 2477
4 2477 2487 2488 2478
4 2478 2488 2489 2479
4 2479 2489 2490 2480
4 2480 2490 2491 2481
3 2492 2482 2441
4 2482 2492 2493 2483
4 2483 2493 2494 2484
4 2484 2494 2495 2485
4 2485 2495 2496 2486
4 2486 2496 2497 2487
4 2487 2497 2498 2488
4 2488 2498 2499 2489
4 2489 2499 2500 2490
4 2490 2500 2501 2491
3 2502 2492 2441
4 2492 2502 2503 2493
4 2493 2503 2504 2494
4 2494 2504 2505 2495
4 2495 2505 2506 2496
4 2496 2506 2507 2497
4 2497 2507 2508 2498
4 2498 2508 2509 2499
4 2499 2509 2510 2500
4 2500 2510 2511 2501
3 2512 2502 2441
4 2502 2512 2513 2503
4 2503 2513 2514 2504
4 2504 2514 2515 2505
4 2505 2515 2516 2506
4 2506 2516 2517 2507
4 2507 2517 2518 2508
4 2508 2518 2519 2509
4 2509 2519 2520 2510
4 2510 2520 2521 2511
3 2522 2512 2441
4 2512 2522 2523 2513
4 2513 2523 2524 2514
4 2514 2524 2525 2515
4 2515 2525 2526 2516
4 2516 2526 2527 2517
4 2517 2527 2528 2518
4 2518 2528 2529 2519
4 2519 2529 2530 2520
4 2520 2530 2531 2521
3 2532 2522 2441
4 2522 2532 2533 2523
4 2523 2533 2534 2524
4 2524 2534 2535 2525
4 2525 2535 2536 2526
4 2526 2536 2537 2527
4 2527 2537 2538 2528
4 2528 2538 2539 2529
4 2529 2539 2540 2530
4 2530 2540 2541 2531
3 2542 2532 2441
4 2532 2542 2543 2533
4 2533 2543 2544 2534
4 2534 2544 2545 2535
4 2535 2545 2546 2536
4 2536 2546 2547 2537
4 2537 2547 2548 2538
4 2538 2548 2549 2539
4 2539 2549 2550 2540
4 2540 2550 2551 2541
3 2552 2542 2441
4 2542 2552 2553 2543
4 2543 2553 2554 2544
4 2544 2554 2555 2545
4 2545 2555 2556 2546
4 2546 2556 2557 2547
4 2547 2557 2558 2548
4 2548 2558 2559 2549
4 2549 2559 2560 2550
4 2550 2560 2561 2551
3 2562 2552 2441
4 2552 2562 2563 2553
4 2553 2563 2564 2554
4 2554 2564 2565 2555
4 2555 2565 2566 2556
4 2556 2566 2567 2557
4 2557 2567 2568 2558
4 2558 2568 2569 2559
4 2559 2569 2570 2560
4 2560 2570 2571 2561
3 2572 2562 2441
4 2562 2572 2573 2563
4 2563 2573 2574 2564
4 2564 2574 2575 2565
4 2565 2575 2576 2566
4 2566 2576 2577 2567
4 2567 2577 2578 2568
4 2568 2578 2579 2569
4 2569 2579 2580 2570
4 2570 2580 2581 2571
3 2582 2572 2441
4 2572 2582 2583 2573
4 2573 2583 2584 2574
4 2574 2584 2585 2575
4 2575 2585 2586 2576
4 2576 2586 2587 2577
4 2577 2587 2588 2578
4 2578 2588 2589 2579
4 2579 2589 2590 2580
4 2580 2590 2591 2581
3 2592 2582 2441
4 2582 2592 2593 2583
4 2583 2593 2594 2584
4 2584 2594 2595 2585
4 2585 2595 2596 2586
4 2586 2596 2597 2587
4 2587 2597 2598 2588
4 2588 2598 2599 2589
4 2589 2599 2600 2590
4 2590 2600 2601 2591
3 2602 2592 2441
4 2592 2602 2603 2593
4 2593 2603 2604 2594
4 2594 2604 2605 2595
4 2595 2605 2606 2596
4 2596 2606 2607 2597
4 2597 2607 2608 2598
4 2598 2608 2609 2599
4 2599 2609 2610 2600
4 2600 2610 2611 2601
3 2612 2602 2441
4 2602 2612 2613 2603
4 2603 2613 2614 2604
4 2604 2614 2615 2605
4 2605 2615 2616 2606
4 2606 2616 2617 2607
4 2607 2617 2618 2608
4 2608 2618 2619 2609
4 2609 2619 2620 2610
4 2610 2620 2621 2611
3 2622 2612 2441
4 2612 2622 2623 2613
4 2613 2623 2624 2614
4 2614 2624 2625 2615
4 2615 2625 2626 2616
4 2616 2626 2627 2617
4 2617 2627 2628 2618
4 2618 2628 2629 2619
4 2619 2629 2630 2620
4 2620 2630 2631 2621
3 2632 2622 2441
4 2622 2632 2633 2623
4 2623 2633 2634 2624
4 2624 2634 2635 2625
4 2625 2635 2636 2626
4 2626 2636 2637 2627
4 2627 2637 2638 2628
4 2628 2638 2639 2629
4 2629 2639 2640 2630
4 2630 2640 2641 2631
3 2642 2632 2441
4 2632 2642 2643 2633
4 2633 2643 2644 2634
4 2634 2644 2645 2635
4 2635 2645 2646 2636
4 2636 2646 2647 2637
4 2637 2647 2648 2638
4 2638 2648 2649 2639
4 2639 2649 2650 2640
4 2640 2650 2651 2641
3 2652 2642 2441
4 2642 2652 2653 2643
4 2643 2653 2654 2644
4 2644 2654 2655 2645
4 2645 2655 2656 2646
4 2646 2656 2657 2647
4 2647 2657 2658 2648
4 2648 2658 2659 2649
4 2649 2659 2660 2650
4 2650 2660 2661 2651
3 2662 2652 2441
4 2652 2662 2663 2653
4 2653 2663 2664 2654
4 2654 2664 2665 2655
4 2655 2665 2666 2656
4 2656 2666 2667 2657
4 2657 2667 2668 2658
4 2658 2668 2669 2659
4 2659 2669 2670 2660
4 2660 2670 2671 2661
3 2672 2662 2441
4 2662 2672 2673 2663
4 2663 2673 2674 2664
4 2664 2674 2675 2665
4 2665 2675 2676 2666
4 2666 2676 2677 2667
4 2667 2677 2678 2668
4 2668 2678 2679 2669
4 2669 2679 2680 2670
4 2670 2680 2681 2671
3 2682 2672 2441
4 2672 2682 2683 2673
4 2673 2683 2684 2674
4 2674 2684 2685 2675
4 2675 2685 2686 2676
4 2676 2686 2687 2677
4 2677 2687 2688 2678
4 2678 2688 2689 2679
4 2679 2689 2690 2680
4 2680 2690 2691 2681
3 2692 2682 2441
4 2682 2692 2693 2683
4 2683 2693 2694 2684
4 2684 2694 2695 2685
4 2685 2695 2696 2686
4 2686 2696 2697 2687
4 2687 2697 2698 2688
4 2688 2698 2699 2689
4 2689 2699 2700 2690
4 2690 2700 2701 2691
3 2702 2692 2441
4 2692 2702 2703 2693
4 2693 2703 2704 2694
4 2694 2704 2705 2695
4 2695 2705 2706 2696
4 2696 2706 2707 2697
4 2697 2707 2708 2698
4 2698 2708 2709 2699
4 2699 2709 2710 2700
4 2700 2710 2711 2701
3 2712 2702 2441
4 2702 2712 2713 2703
4 2703 2713 2714 2704
4 2704 2714 2715 2705
4 2705 2715 2716 2706
4 2706 2716 2717 2707
4 2707 2717 2718 2708
4 2708 2718 2719 2709
4 2709 2719 2720 2710
4 2710 2720 2721 2711
3 2722 2712 2441
4 2712 2722 2723 2713
4 2713 2723 2724 2714
4 2714 2724 2725 2715
4 2715 2725 2726 2716
4 2716 2726 2727 2717
4 2717 2727 2728 2718
4 2718 2728 2729 2719
4 2719 2729 2730 2720
4 2720 2730 2731 2721
3 2732 2722 2441
4 2722 2732 2733 2723
4 2723 2733 2734 2724
4 2724 2734 2735 2725
4 2725 2735 2736 2726
4 2726 2736 2737 2727
4 2727 2737 2738 2728
4 2728 2738 2739 2729
4 2729 2739 2740 2730
4 2730 2740 2741 2731
3 2742 2732 2441
4 2732 2742 2743 2733
4 2733 2743 2744 2734
4 2734 2744 2745 2735
4 2735 2745 2746 2736
4 2736 2746 2747 2737
4 2737 2747 2748 2738
4 2738 2748 2749 2739
4 2739 2749 2750 2740
4 2740 2750 2751 2741
3 2752 2742 2441
4 2742 2752 2753 2743
4 2743 2753 2754 2744
4 2744 2754 2755 2745
4 2745 2755 2756 2746
4 2746 2756 2757 2747
4 2747 2757 2758 2748
4 2748 2758 2759 2749
4 2749 2759 2760 2750
4 2750 2760 2761 2751
3 2762 2752 2441
4 2752 2762 2763 2753
4 2753 2763 2764 2754
4 2754 2764 2765 2755
4 2755 2765 2766 2756
4 2756 2766 2767 2757
4 2757 2767 2768 2758
4 2758 2768 2769 2759
4 2759 2769 2770 2760
4 2760 2770 2771 2761
3 2772 2762 2441
4 2762 2772 2773 2763
4 2763 2773 2774 2764
4 2764 2774 2775 2765
4 2765 2775 2776 2766
4 2766 2776 2777 2767
4 2767 2777 2778 2768
4 2768 2778 2779 2769
4 2769 2779 2780 2770
4 2770 2780 2781 2771
3 2782 2772 2441
4 2772 2782 2783 2773
4 2773 2783 2784 2774
4 2774 2784 2785 2775
4 2775 2785 2786 2776
4 2776 2786 2787 2777
4 2777 2787 2788 2778
4 2778 2788 2789 2779
4 2779 2789 2790 2780
4 2780 2790 2791 2781
3 2792 2782 2441
4 2782 2792 2793 2783
4 2783 2793 2794 2784
4 2784 2794 2795 2785
4 2785 2795 2796 2786
4 2786 2796 2797 2787
4 2787 2797 2798 2788
4 2788 2798 2799 2789
4 2789 2799 2800 2790
4 2790 2800 2801 2791
3 2802 2792 2441
4 2792 2802 2803 2793
4 2793 2803 2804 2794
4 2794 2804 2805 2795
4 2795 2805 2806 2796
4 2796 2806 2807 2797
4 2797 2807 2808 2798
4 2798 2808 2809 2799
4 2799 2809 2810 2800
4 2800 2810 2811 2801
3 2812 2802 2441
4 2802 2812 2813 2803
4 2803 2813 2814 2804
4 2804 2814 2815 2805
4 2805 2815 2816 2806
4 2806 2816 2817 2807
4 2807 2817 2818 2808
4 2808 2818 2819 2809
4 2809 2819 2820 2810
4 2810 2820 2821 2811
3 2822 2812 2441
4 2812 2822 2823 2813
4 2813 2823 2824 2814
4 2814 2824 2825 2815
4 2815 2825 2826 2816
4 2816 2826 2827 2817
4 2817 2827 2828 2818
4 2818 2828 2829 2819
4 2819 2829 2830 2820
4 2820 2830 2831 2821
3 2832 2822 2441
4 2822 2832 2833 2823
4 2823 2833 2834 2824
4 2824 2834 2835 2825
4 2825 2835 2836 2826
4 2826 2836 2837 2827
4 2827 2837 2838 2828
4 2828 2838 2839 2829
4 2829 2839 2840 2830
4 2830 2840 2841 2831
3 2442 2832 2441
4 2832 2442 2443 2833
4 2833 2443 2444 2834
4 2834 2444 2445 2835
4 2835 2445 2446 2836
4 2836 2446 2447 2837
4 2837 2447 2448 2838
4 2838 2448 2449 2839
4 2839 2449 2450 2840
4 2840 2450 2451 2841
4 2451 2461 2852 2842
4 2842 2852 2853 2843
4 2843 2853 2854 2844
4 2844 2854 2855 2845
4 2845 2855 2856 2846
4 2846 2856 2857 2847
4 2847 2857 2858 2848
4 2848 2858 2859 2849
4 2849 2859 2860 2850
4 2850 2860 2861 2851
4 2461 2471 2862 2852
4 2852 2862 2863 2853
4 2853 2863 2864 2854
4 2854 2864 2865 2855
4 2855 2865 2866 2856
4 2856 2866 2867 2857
4 2857 2867 2868 2858
4 2858 2868 2869 2859
4 2859 2869 2870 2860
4 2860 2870 2871 2861
4 2471 2481 2872 2862
4 2862 2872 2873 2863
4 2863 2873 2874 2864
4 2864 2874 2875 2865
4 2865 2875 2876 2866
4 2866 2876 2877 2867
4 2867 2877 2878 2868
4 2868 2878 2879 2869
4 2869 2879 2880 2870
4 2870 2880 2881 2871
4 2481 2491 2882 2872
4 2872 2882 2883 2873
4 2873 2883 2884 2874
4 2874 2884 2885 2875
4 2875 2885 2886 2876
4 2876 2886 2887 2877
4 2877 2887 2888 2878
4 2878 2888 2889 2879
4 2879 2889 2890 2880
4 2880 2890 2891 2881
4 2491 2501 2892 2882
4 2882 2892 2893 2883
4 2883 2893 2894 2884
4 2884 2894 2895 2885
4 2885 2895 2896 2886
4 2886 2896 2897 2887
4 2887 2897 2898 2888
4 2888 2898 2899 2889
4 2889 2899 2900 2890
4 2890 2900 2901 2891
4 2501 2511 2902 2892
4 2892 2902 2903 2893
4 2893 2903 2904 2894
4 2894 2904 2905 2895
4 2895 2905 2906 2896
4 2896 2906 2907 2897
4 2897 2907 2908 2898
4 2898 2908 2909 2899
4 2899 2909 2910 2900
4 2900 2910 2911 2901
4 2511 2521 2912 2902
4 2902 2912 2913 2903
4 2903 2913 2914 2904
4 2904 2914 2915 2905
4 2905 2915 2916 2906
4 2906 2916 2917 2907
4 2907 2917 2918 2908
4 2908 2918 2919 2909
4 2909 2919 2920 2910
4 2910 2920 2921 2911
4 2521 2531 2922 2912
4 2912 2922 2923 2913
4 2913 2923 2924 2914
4 2914 2924 2925 2915
4 2915 2925 2926 2916
4 2916 2926 2927 2917
4 2917 2927 2928 2918
4 2918 2928 2929 2919
4 2919 2929 2930 2920
4 2920 2930 2931 2921
4 2531 2541 2932 2922
4 2922 2932 2933 2923
4 2923 2933 2934 2924
4 2924 2934 2935 2925
4 2925 2935 2936 2926
4 2926 2936 2937 2927
4 2927 2937 2938 2928
4 2928 2938 2939 2929
4 2929 2939 2940 2930
4 2930 2940 2941 2931
4 2541 2551 2942 2932
4 2932 2942 2943 2933
4 2933 2943 2944 2934
4 2934 2944 2945 2935
4 2935 2945 2946 2936
4 2936 2946 2947 2937
4 2937 2947 2948 2938
4 2938 2948 2949 2939
4 2939 2949 2950 2940
4 2940 2950 2951 2941
4 2551 2561 2952 2942
4 2942 2952 2953 2943
4 2943 2953 2954 2944
4 2944 2954 2955 2945
4 2945 2955 2956 2946
4 2946 2956 2957 2947
4 2947 2957 2958 2948
4 2948 2958 2959 2949
4 2949 2959 2960 2950
4 2950 2960 2961 2951
4 2561 2571 2962 2952
4 2952 2962 2963 2953
4 2953 2963 2964 2954
4 2954 2964 2965 2955
4 2955 2965 2966 2956
4 2956 2966 2967 2957
4 2957 2967 2968 2958
4 2958 2968 2969 2959
4 2959 2969 2970 2960
4 2960 2970 2971 2961
4 2571 2581 2972 2962
4 2962 2972 2973 2963
4 2963 2973 2974 2964
4 2964 2974 2975 2965
4 2965 2975 2976 2966
4 2966 2976 2977 2967
4 2967 2977 2978 2968
4 2968 2978 2979 2969
4 2969 2979 2980 2970
4 2970 2980 2981 2971
4 2581 2591 2982 2972
4 2972 2982 2983 2973
4 2973 2983 2984 2974
4 2974 2984 2985 2975
4 2975 2985 2986 2976
4 2976 2986 2987 2977
4 2977 2987 2988 2978
4 2978 2988 2989 2979
4 2979 2989 2990 2980
4 2980 2990 2991 2981
4 2591 2601 2992 2982
4 2982 2992 2993 2983
4 2983 2993 2994 2984
4 2984 2994 2995 2985
4 2985 2995 2996 2986
4 2986 2996 2997 2987
4 2987 2997 2998 2988
4 2988 2998 2999 2989
4 2989 2999 3000 2990
4 2990 3000 3001 2991
4 2601 2611 3002 2992
4 2992 3002 3003 2993
4 2993 3003 3004 2994
4 2994 3004 3005 2995
4 2995 3005 3006 2996
4 2996 3006 3007 2997
4 2997 3007 3008 2998
4 2998 3008 3009 2999
4 2999 3009 3010 3000
4 3000 3010 3011 3001
4 2611 2621 3012 3002
4 3002 3012 3013 3003
4 3003 3013 3014 3004
4 3004 3014 3015 3005
4 3005 3015 3016 3006
4 3006 3016 3017 3007
4 3007 3017 3018 3008
4 3008 3018 3019 3009
4 3009 3019 3020 3010
4 3010 3020 3021 3011
4 2621 2631 3022 3012
4 3012 3022 3023 3013
4 3013 3023 3024 3014
4 3014 3024 3025 3015
4 3015 3025 3026 3016
4 3016 3026 3027 3017
4 3017 3027 3028 3018
4 3018 3028 3029 3019
4 3019 3029 3030 3020
4 3020 3030 3031 3021
4 2631 2641 3032 3022
4 3022 3032 3033 3023
4 3023 3033 3034 3024
4 3024 3034 3035 3025
4 3025 3035 3036 3026
4 3026 3036 3037 3027
4 3027 3037 3038 3028
4 3028 3038 3039 3029
4 3029 3039 3040 3030
4 3030 3040 3041 3031
4 2641 2651 3042 3032
4 3032 3042 3043 3033
4 3033 3043 3044 3034
4 3034 3044 3045 3035
4 3035 3045 3046 3036
4 3036 3046 3047 3037
4 3037 3047 3048 3038
4 3038 3048 3049 3039
4 3039 3049 3050 3040
4 3040 3050 3051 3041
4 2651 2661 3052 3042
4 3042 3052 3053 3043
4 3043 3053 3054 3044
4 3044 3054 3055 3045
4 3045 3055 3056 3046
4 3046 3056 3057 3047
4 3047 3057 3058 3048
4 3048 3058 3059 3049
4 3049 3059 3060 3050
4 3050 3060 3061 3051
4 2661 2671 3062 3052
4 3052 3062 3063 3053
4 3053 3063 3064 3054
4 3054 3064 3065 3055
4 3055 3065 3066 3056
4 3056 3066 3067 3057
4 3057 3067 3068 3058
4 3058 3068 3069 3059
4 3059 3069 3070 3060
4 3060 3070 3071 3061
4 2671 2681 3072 3062
4 3062 3072 3073 3063
4 3063 3073 3074 3064
4 3064 3074 3075 3065
4 3065 3075 3076 3066
4 3066 3076 3077 3067
4 3067 3077 3078 3068
4 3068 3078 3079 3069
4 3069 3079 3080 3070
4 3070 3080 3081 3071
4 2681 2691 3082 3072
4 3072 3082 3083 3073
4 3073 3083 3084 3074
4 3074 3084 3085 3075
4 3075 3085 3086 3076
4 3076 3086 3087 3077
4 3077 3087 3088 3078
4 3078 3088 3089 3079
4 3079 3089 3090 3080
4 3080 3090 3091 3081
4 2691 2701 3092 3082
4 3082 3092 3093 3083
4 3083 3093 3094 3084
4 3084 3094 3095 3085
4 3085 3095 3096 3086
4 3086 3096 3097 3087
4 3087 3097 3098 3088
4 3088 3098 3099 3089
4 3089 3099 3100 3090
4 3090 3100 3101 3091
4 2701 2711 3102 3092
4 3092 3102 3103 3093
4 3093 3103 3104 3094
4 3094 3104 3105 3095
4 3095 3105 3106 3096
4 3096 3106 3107 3097
4 3097 3107 3108 3098
4 3098 3108 3109 3099
4 3099 3109 3110 3100
4 3100 3110 3111 3101
4 2711 2721 3112 3102
4 3102 3112 3113 3103
4 3103 3113 3114 3104
4 3104 3114 3115 3105
4 3105 3115 3116 3106
4 3106 3116 3117 3107
4 3107 3117 3118 3108
4 3108 3118 3119 3109
4 3109 3119 3120 3110
4 3110 3120 3121 3111
4 2721 2731 3122 3112
4 3112 3122 3123 3113
4 3113 3123 3124 3114
4 3114 3124 3125 3115
4 3115 3125 3126 3116
4 3116 3126 3127 3117
4 3117 3127 3128 3118
4 3118 3128 3129 3119
4 3119 3129 3130 3120
4 3120 3130 3131 3121
4 2731 2741 3132 3122
4 3122 3132 3133 3123
4 3123 3133 3134 3124
4 3124 3134 3135 3125
4 3125 3135 3136 3126
4 3126 3136 3137 3127
4 3127 3137 3138 3128
4 3128 3138 3139 3129
4 3129 3139 3140 3130
4 3130 3140 3141 3131
4 2741 2751 3142 3132
4 3132 3142 3143 3133
4 3133 3143 3144 3134
4 3134 3144 3145 3135
4 3135 3145 3146 3136
4 3136 3146 3147 3137
4 3137 3147 3148 3138
4 3138 3148 3149 3139
4 3139 3149 3150 3140
4 3140 3150 3151 3141
4 2751 2761 3152 3142
4 3142 3152 3153 3143
4 3143 3153 3154 3144
4 3144 3154 3155 3145
4 3145 3155 3156 3146
4 3146 3156 3157 3147
4 3147 3157 3158 3148
4 3148 3158 3159 3149
4 3149 3159 3160 3150
4 3150 3160 3161 3151
4 2761 2771 3162 3152
4 3152 3162 3163 3153
4 3153 3163 3164 3154
4 3154 3164 3165 3155
4 3155 3165 3166 3156
4 3156 3166 3167 3157
4 3157 3167 3168 3158
4 3158 3168 3169 3159
4 3159 3169 3170 3160
4 3160 3170 3171 3161
4 2771 2781 3172 3162
4 3162 3172 3173 3163
4 3163 3173 3174 3164
4 3164 3174 3175 3165
4 3165 3175 3176 3166
4 3166 3176 3177 3167
4 3167 3177 3178 3168
4 3168 3178 3179 3169
4 3169 3179 3180 3170
4 3170 3180 3181 3171
4 2781 2791 3182 3172
4 3172 3182 3183 3173
4 3173 3183 3184 3174
4 3174 3184 3185 3175
4 3175 3185 3186 3176
4 3176 3186 3187 3177
4 3177 3187 3188 3178
4 3178 3188 3189 3179
4 3179 3189 3190 3180
4 3180 3190 3191 3181
4 2791 2801 3192 3182
4 3182 3192 3193 3183
4 3183 3193 3194 3184
4 3184 3194 3195 3185
4 3185 3195 3196 3186
4 3186 3196 3197 3187
4 3187 3197 3198 3188
4 3188 3198 3199 3189
4 3189 3199 3200 3190
4 3190 3200 3201 3191
4 2801 2811 3202 3192
4 3192 3202 3203 3193
4 3193 3203 3204 3194
4 3194 3204 3205 3195
4 3195 3205 3206 3196
4 3196 3206 3207 3197
4 3197 3207 3208 3198
4 3198 3208 3209 3199
4 3199 3209 3210 3200
4 3200 3210 3211 3201
4 2811 2821 3212 3202
4 3202 3212 3213 3203
4 3203 3213 3214 3204
4 3204 3214 3215 3205
4 3205 3215 3216 3206
4 3206 3216 3217 3207
4 3207 3217 3218 3208
4 3208 3218 3219 3209
4 3209 3219 3220 3210
4 3210 3220 3221 3211
4 2821 2831 3222 3212
4 3212 3222 3223 3213
4 3213 3223 3224 3214
4 3214 3224 3225 3215
4 3215 3225 3226 3216
4 3216 3226 3227 3217
4 3217 3227 3228 3218
4 3218 3228 3229 3219
4 3219 3229 3230 3220
4 3220 3230 3231 3221
4 2831 2841 3232 3222
4 3222 3232 3233 3223
4 3223 3233 3234 3224
4 3224 3234 3235 3225
4 3225 3235 3236 3226
4 3226 3236 3237 3227
4 3227 3237 3238 3228
4 3228 3238 3239 3229
4 3229 3239 3240 3230
4 3230 3240 3241 3231
4 2841 2451 2842 3232
4 3232 2842 2843 3233
4 3233 2843 2844 3234
4 3234 2844 2845 3235
4 3235 2845 2846 3236
4 3236 2846 2847 3237
4 3237 2847 2848 3238
4 3238 2848 2849 3239
4 3239 2849 2850 3240
4 3240 2850 2851 3241
